
firmware.elf:     file format elf32-avr


Disassembly of section .text:

00000000 <__vectors>:
       0:	0c 94 03 1f 	jmp	0x3e06	; 0x3e06 <__ctors_end>
       4:	0c 94 22 1f 	jmp	0x3e44	; 0x3e44 <__bad_interrupt>
       8:	0c 94 22 1f 	jmp	0x3e44	; 0x3e44 <__bad_interrupt>
       c:	0c 94 22 1f 	jmp	0x3e44	; 0x3e44 <__bad_interrupt>
      10:	0c 94 22 1f 	jmp	0x3e44	; 0x3e44 <__bad_interrupt>
      14:	0c 94 22 1f 	jmp	0x3e44	; 0x3e44 <__bad_interrupt>
      18:	0c 94 22 1f 	jmp	0x3e44	; 0x3e44 <__bad_interrupt>
      1c:	0c 94 22 1f 	jmp	0x3e44	; 0x3e44 <__bad_interrupt>
      20:	0c 94 22 1f 	jmp	0x3e44	; 0x3e44 <__bad_interrupt>
      24:	0c 94 22 1f 	jmp	0x3e44	; 0x3e44 <__bad_interrupt>
      28:	0c 94 22 1f 	jmp	0x3e44	; 0x3e44 <__bad_interrupt>
      2c:	0c 94 22 1f 	jmp	0x3e44	; 0x3e44 <__bad_interrupt>
      30:	0c 94 22 1f 	jmp	0x3e44	; 0x3e44 <__bad_interrupt>
      34:	0c 94 22 1f 	jmp	0x3e44	; 0x3e44 <__bad_interrupt>
      38:	0c 94 22 1f 	jmp	0x3e44	; 0x3e44 <__bad_interrupt>
      3c:	0c 94 22 1f 	jmp	0x3e44	; 0x3e44 <__bad_interrupt>
      40:	0c 94 89 34 	jmp	0x6912	; 0x6912 <__vector_16>
      44:	0c 94 22 1f 	jmp	0x3e44	; 0x3e44 <__bad_interrupt>
      48:	0c 94 22 1f 	jmp	0x3e44	; 0x3e44 <__bad_interrupt>
      4c:	0c 94 22 1f 	jmp	0x3e44	; 0x3e44 <__bad_interrupt>
      50:	0c 94 22 1f 	jmp	0x3e44	; 0x3e44 <__bad_interrupt>
      54:	0c 94 22 1f 	jmp	0x3e44	; 0x3e44 <__bad_interrupt>
      58:	0c 94 22 1f 	jmp	0x3e44	; 0x3e44 <__bad_interrupt>
      5c:	0c 94 22 1f 	jmp	0x3e44	; 0x3e44 <__bad_interrupt>
      60:	0c 94 22 1f 	jmp	0x3e44	; 0x3e44 <__bad_interrupt>
      64:	0c 94 22 1f 	jmp	0x3e44	; 0x3e44 <__bad_interrupt>
      68:	0c 94 22 1f 	jmp	0x3e44	; 0x3e44 <__bad_interrupt>
      6c:	0c 94 22 1f 	jmp	0x3e44	; 0x3e44 <__bad_interrupt>
      70:	0c 94 22 1f 	jmp	0x3e44	; 0x3e44 <__bad_interrupt>
      74:	0c 94 22 1f 	jmp	0x3e44	; 0x3e44 <__bad_interrupt>
      78:	0c 94 22 1f 	jmp	0x3e44	; 0x3e44 <__bad_interrupt>
      7c:	0c 94 22 1f 	jmp	0x3e44	; 0x3e44 <__bad_interrupt>
      80:	0c 94 22 1f 	jmp	0x3e44	; 0x3e44 <__bad_interrupt>
      84:	0c 94 22 1f 	jmp	0x3e44	; 0x3e44 <__bad_interrupt>
      88:	0c 94 22 1f 	jmp	0x3e44	; 0x3e44 <__bad_interrupt>

0000008c <__trampolines_end>:
	...
      94:	00 08       	sbc	r0, r0
      96:	b9 00       	.word	0x00b9	; ????
      98:	b9 07       	cpc	r27, r25
      9a:	10 00       	.word	0x0010	; ????
	...

000000b9 <chrtbl_f16>:
      b9:	a9 07 99 07 89 07 79 07 69 07 59 07 49 07 39 07     ......y.i.Y.I.9.
      c9:	29 07 19 07 09 07 f9 06 e9 06 d9 06 c9 06 b9 06     )...............
      d9:	a9 06 99 06 89 06 79 06 69 06 59 06 49 06 39 06     ......y.i.Y.I.9.
      e9:	29 06 19 06 09 06 f9 05 e9 05 d9 05 c9 05 b9 05     )...............
      f9:	a9 05 99 05 89 05 79 05 69 05 59 05 49 05 39 05     ......y.i.Y.I.9.
     109:	29 05 19 05 09 05 f9 04 e9 04 c9 04 b9 04 a9 04     )...............
     119:	99 04 89 04 79 04 69 04 59 04 49 04 39 04 19 04     ....y.i.Y.I.9...
     129:	09 04 f9 03 e9 03 d9 03 c9 03 b9 03 99 03 79 03     ..............y.
     139:	69 03 59 03 49 03 39 03 29 03 19 03 09 03 f9 02     i.Y.I.9.).......
     149:	e9 02 d9 02 c9 02 b9 02 a9 02 99 02 89 02 79 02     ..............y.
     159:	69 02 59 02 49 02 39 02 29 02 19 02 09 02 f9 01     i.Y.I.9.).......
     169:	e9 01 d9 01 c9 01 b9 01 a9 01 99 01 89 01 79 01     ..............y.

00000179 <chr_f16_7F>:
     179:	00 00 30 48 48 30 00 00 00 00 00 00 00 00 00 00     ..0HH0..........

00000189 <chr_f16_7E>:
     189:	00 00 00 32 4c 00 00 00 00 00 00 00 00 00 00 00     ...2L...........

00000199 <chr_f16_7D>:
     199:	00 40 20 20 20 20 20 20 10 20 20 20 20 20 20 40     .@      .      @

000001a9 <chr_f16_7C>:
     1a9:	00 00 40 40 40 40 40 40 40 40 40 40 40 40 40 00     ..@@@@@@@@@@@@@.

000001b9 <chr_f16_7B>:
     1b9:	00 10 20 20 20 20 20 20 40 20 20 20 20 20 20 10     ..      @      .

000001c9 <chr_f16_7A>:
     1c9:	00 00 00 00 00 00 fc 04 08 30 40 80 fc 00 00 00     .........0@.....

000001d9 <chr_f16_79>:
     1d9:	00 00 00 00 00 00 84 84 84 84 84 4c 34 04 08 70     ...........L4..p

000001e9 <chr_f16_78>:
     1e9:	00 00 00 00 00 00 88 88 50 20 50 88 88 00 00 00     ........P P.....

000001f9 <chr_f16_77>:
     1f9:	00 00 00 00 00 00 82 82 82 92 92 aa 44 00 00 00     ............D...

00000209 <chr_f16_76>:
     209:	00 00 00 00 00 00 82 82 82 82 44 28 10 00 00 00     ..........D(....

00000219 <chr_f16_75>:
     219:	00 00 00 00 00 00 84 84 84 84 84 4c 34 00 00 00     ...........L4...

00000229 <chr_f16_74>:
     229:	00 00 00 00 40 40 e0 40 40 40 40 40 30 00 00 00     ....@@.@@@@@0...

00000239 <chr_f16_73>:
     239:	00 00 00 00 00 00 70 88 80 70 08 88 70 00 00 00     ......p..p..p...

00000249 <chr_f16_72>:
     249:	00 00 00 00 00 00 b0 c8 80 80 80 80 80 00 00 00     ................

00000259 <chr_f16_71>:
     259:	00 00 00 00 00 00 34 4c 84 84 84 4c 34 04 04 06     ......4L...L4...

00000269 <chr_f16_70>:
     269:	00 00 00 00 00 00 b0 c8 84 84 84 c8 b0 80 80 80     ................

00000279 <chr_f16_6F>:
     279:	00 00 00 00 00 00 38 44 82 82 82 44 38 00 00 00     ......8D...D8...

00000289 <chr_f16_6E>:
     289:	00 00 00 00 00 00 b0 c8 84 84 84 84 84 00 00 00     ................

00000299 <chr_f16_6D>:
     299:	00 00 00 00 00 00 ac d2 92 92 92 92 92 00 00 00     ................

000002a9 <chr_f16_6C>:
     2a9:	00 00 00 c0 40 40 40 40 40 40 40 40 40 00 00 00     ....@@@@@@@@@...

000002b9 <chr_f16_6B>:
     2b9:	00 00 00 80 80 80 88 90 a0 c0 a0 90 88 00 00 00     ................

000002c9 <chr_f16_6A>:
     2c9:	00 00 00 00 10 00 30 10 10 10 10 10 10 10 90 60     ......0........`

000002d9 <chr_f16_69>:
     2d9:	00 00 00 00 40 00 40 40 40 40 40 40 40 00 00 00     ....@.@@@@@@@...

000002e9 <chr_f16_68>:
     2e9:	00 00 00 80 80 80 b0 c8 84 84 84 84 84 00 00 00     ................

000002f9 <chr_f16_67>:
     2f9:	00 00 00 00 00 00 30 4c 84 84 84 4c 34 04 08 70     ......0L...L4..p

00000309 <chr_f16_66>:
     309:	00 00 00 30 48 40 40 40 e0 40 40 40 40 00 00 00     ...0H@@@.@@@@...

00000319 <chr_f16_65>:
     319:	00 00 00 00 00 00 38 44 84 f8 80 44 38 00 00 00     ......8D...D8...

00000329 <chr_f16_64>:
     329:	00 00 00 00 04 04 34 4c 84 84 84 4c 34 00 00 00     ......4L...L4...

00000339 <chr_f16_63>:
     339:	00 00 00 00 00 00 38 44 80 80 80 44 38 00 00 00     ......8D...D8...

00000349 <chr_f16_62>:
     349:	00 00 00 00 80 80 b0 c8 84 84 84 c8 b0 00 00 00     ................

00000359 <chr_f16_61>:
     359:	00 00 00 00 00 00 70 08 04 74 8c 8c 74 00 00 00     ......p..t..t...

00000369 <chr_f16_60>:
     369:	00 00 00 40 40 40 20 00 00 00 00 00 00 00 00 00     ...@@@ .........

00000379 <chr_f16_5F>:
	...
     385:	00 00 ff 00 00 00 00 00 00 00 00 00 00 00 00 00     ................
     395:	00 00 00 00                                         ....

00000399 <chr_f16_5E>:
     399:	00 10 28 44 00 00 00 00 00 00 00 00 00 00 00 00     ..(D............
	...

000003b9 <chr_f16_5D>:
     3b9:	00 00 e0 20 20 20 20 20 20 20 20 20 20 e0 00 00     ...          ...

000003c9 <chr_f16_5C>:
     3c9:	00 00 04 04 08 08 10 10 20 20 40 40 80 80 00 00     ........  @@....

000003d9 <chr_f16_5B>:
     3d9:	00 00 e0 80 80 80 80 80 80 80 80 80 80 e0 00 00     ................

000003e9 <chr_f16_5A>:
     3e9:	00 00 00 fe 02 04 08 10 10 20 40 80 fe 00 00 00     ......... @.....

000003f9 <chr_f16_59>:
     3f9:	00 00 00 82 82 82 44 28 10 10 10 10 10 00 00 00     ......D(........

00000409 <chr_f16_58>:
     409:	00 00 00 82 82 44 28 10 10 28 44 82 82 00 00 00     .....D(..(D.....

00000419 <chr_f16_57>:
     419:	00 00 00 00 00 00 80 80 80 80 80 80 88 80 88 80     ................
     429:	49 00 55 00 55 00 22 00 22 00 00 00 00 00 00 00     I.U.U.".".......

00000439 <chr_f16_56>:
     439:	00 00 00 82 82 82 82 44 44 28 28 10 10 00 00 00     .......DD((.....

00000449 <chr_f16_55>:
     449:	00 00 00 82 82 82 82 82 82 82 82 44 38 00 00 00     ...........D8...

00000459 <chr_f16_54>:
     459:	00 00 00 fe 10 10 10 10 10 10 10 10 10 00 00 00     ................

00000469 <chr_f16_53>:
     469:	00 00 00 38 44 82 80 60 1c 02 82 44 38 00 00 00     ...8D..`...D8...

00000479 <chr_f16_52>:
     479:	00 00 00 f8 84 82 82 84 f8 90 88 84 82 00 00 00     ................

00000489 <chr_f16_51>:
     489:	00 00 00 38 44 82 82 82 82 82 82 44 38 08 06 00     ...8D......D8...

00000499 <chr_f16_50>:
     499:	00 00 00 f8 84 82 82 82 84 f8 80 80 80 00 00 00     ................

000004a9 <chr_f16_4F>:
     4a9:	00 00 00 38 44 82 82 82 82 82 82 44 38 00 00 00     ...8D......D8...

000004b9 <chr_f16_4E>:
     4b9:	00 00 00 c2 c2 a2 a2 92 92 8a 8a 86 86 00 00 00     ................

000004c9 <chr_f16_4D>:
     4c9:	00 00 00 00 00 00 c1 80 c1 80 a2 80 a2 80 94 80     ................
     4d9:	94 80 88 80 88 80 80 80 80 80 00 00 00 00 00 00     ................

000004e9 <chr_f16_4C>:
     4e9:	00 00 00 80 80 80 80 80 80 80 80 80 fc 00 00 00     ................

000004f9 <chr_f16_4B>:
     4f9:	00 00 00 84 88 90 a0 c0 a0 90 88 84 82 00 00 00     ................

00000509 <chr_f16_4A>:
     509:	00 00 00 02 02 02 02 02 02 02 82 44 38 00 00 00     ...........D8...

00000519 <chr_f16_49>:
     519:	00 00 00 e0 40 40 40 40 40 40 40 40 e0 00 00 00     ....@@@@@@@@....

00000529 <chr_f16_48>:
     529:	00 00 00 84 84 84 84 fc 84 84 84 84 84 00 00 00     ................

00000539 <chr_f16_47>:
     539:	00 00 00 3c 42 80 80 80 9c 82 82 42 3c 00 00 00     ...<B......B<...

00000549 <chr_f16_46>:
     549:	00 00 00 fe 80 80 80 f8 80 80 80 80 80 00 00 00     ................

00000559 <chr_f16_45>:
     559:	00 00 00 fe 80 80 80 fc 80 80 80 80 fe 00 00 00     ................

00000569 <chr_f16_44>:
     569:	00 00 00 f8 84 82 82 82 82 82 82 84 f8 00 00 00     ................

00000579 <chr_f16_43>:
     579:	00 00 00 3c 42 80 80 80 80 80 80 42 3c 00 00 00     ...<B......B<...

00000589 <chr_f16_42>:
     589:	00 00 00 f8 84 82 84 f8 84 82 82 84 f8 00 00 00     ................

00000599 <chr_f16_41>:
     599:	00 00 00 10 10 28 28 44 44 7c 82 82 82 00 00 00     .....((DD|......

000005a9 <chr_f16_40>:
     5a9:	00 00 00 3c 42 99 a5 a5 a5 a5 9e 40 3e 00 00 00     ...<B......@>...

000005b9 <chr_f16_3F>:
     5b9:	00 00 00 38 44 82 02 04 08 10 10 00 10 00 00 00     ...8D...........

000005c9 <chr_f16_3E>:
     5c9:	00 00 00 00 80 40 20 10 08 10 20 40 80 00 00 00     .....@ ... @....

000005d9 <chr_f16_3D>:
     5d9:	00 00 00 00 00 00 00 f8 00 f8 00 00 00 00 00 00     ................

000005e9 <chr_f16_3C>:
     5e9:	00 00 00 00 08 10 20 40 80 40 20 10 08 00 00 00     ...... @.@ .....

000005f9 <chr_f16_3B>:
     5f9:	00 00 00 00 00 00 c0 c0 00 c0 c0 40 80 00 00 00     ...........@....

00000609 <chr_f16_3A>:
     609:	00 00 00 00 00 00 c0 c0 00 c0 c0 00 00 00 00 00     ................

00000619 <chr_f16_39>:
     619:	00 00 00 38 44 82 82 46 3a 02 02 04 78 00 00 00     ...8D..F:...x...

00000629 <chr_f16_38>:
     629:	00 00 00 38 44 82 44 38 44 82 82 44 38 00 00 00     ...8D.D8D..D8...

00000639 <chr_f16_37>:
     639:	00 00 00 7e 02 02 04 04 08 08 10 10 10 00 00 00     ...~............

00000649 <chr_f16_36>:
     649:	00 00 00 3c 40 80 80 b8 c4 82 82 44 38 00 00 00     ...<@......D8...

00000659 <chr_f16_35>:
     659:	00 00 00 fc 80 80 80 f8 04 02 02 84 78 00 00 00     ............x...

00000669 <chr_f16_34>:
     669:	00 00 00 04 0c 14 24 44 84 fe 04 04 04 00 00 00     ......$D........

00000679 <chr_f16_33>:
     679:	00 00 00 78 84 02 04 38 04 02 02 84 78 00 00 00     ...x...8....x...

00000689 <chr_f16_32>:
     689:	00 00 00 38 44 82 02 04 18 20 40 80 fe 00 00 00     ...8D.... @.....

00000699 <chr_f16_31>:
     699:	00 00 00 10 30 50 10 10 10 10 10 10 7c 00 00 00     ....0P......|...

000006a9 <chr_f16_30>:
     6a9:	00 00 00 38 44 44 82 82 82 82 44 44 38 00 00 00     ...8DD....DD8...

000006b9 <chr_f16_2F>:
     6b9:	00 00 04 04 08 08 10 10 20 20 40 40 80 80 00 00     ........  @@....

000006c9 <chr_f16_2E>:
	...
     6d1:	00 00 00 c0 c0 00 00 00                             ........

000006d9 <chr_f16_2D>:
	...
     6e1:	f8 00 00 00 00 00 00 00                             ........

000006e9 <chr_f16_2C>:
	...
     6f1:	00 00 00 c0 c0 40 80 00                             .....@..

000006f9 <chr_f16_2B>:
     6f9:	00 00 00 00 00 00 20 20 f8 20 20 00 00 00 00 00     ......  .  .....

00000709 <chr_f16_2A>:
     709:	00 00 00 00 10 92 54 38 54 92 10 00 00 00 00 00     ......T8T.......

00000719 <chr_f16_29>:
     719:	00 c0 20 10 08 08 04 04 04 04 04 08 08 10 20 c0     .. ........... .

00000729 <chr_f16_28>:
     729:	00 0c 10 20 40 40 80 80 80 80 80 40 40 20 10 0c     ... @@.....@@ ..

00000739 <chr_f16_27>:
     739:	00 00 40 40 40 80 00 00 00 00 00 00 00 00 00 00     ..@@@...........

00000749 <chr_f16_26>:
     749:	00 00 00 20 50 88 88 50 20 52 8c 8c 73 00 00 00     ... P..P R..s...

00000759 <chr_f16_25>:
     759:	00 00 00 61 91 92 64 08 10 26 49 89 86 00 00 00     ...a..d..&I.....

00000769 <chr_f16_24>:
     769:	00 00 00 3c 42 40 40 70 40 70 40 40 fe 00 00 00     ...<B@@p@p@@....

00000779 <chr_f16_23>:
     779:	00 00 00 24 24 24 ff 24 24 ff 24 24 24 00 00 00     ...$$$.$$.$$$...

00000789 <chr_f16_22>:
     789:	00 00 a0 a0 a0 00 00 00 00 00 00 00 00 00 00 00     ................

00000799 <chr_f16_21>:
     799:	00 00 00 40 40 40 40 40 40 40 40 00 40 00 00 00     ...@@@@@@@@.@...

000007a9 <chr_f16_20>:
	...

000007b9 <widtbl_f16>:
     7b9:	06 03 04 09 08 09 09 03 07 07 08 06 03 06 05 07     ................
     7c9:	08 08 08 08 08 08 08 08 08 08 03 03 06 06 06 08     ................
     7d9:	09 08 08 08 08 08 08 08 08 04 08 08 07 0a 08 08     ................
     7e9:	08 08 08 08 08 08 08 0a 08 08 08 04 07 04 07 09     ................
     7f9:	04 07 07 07 07 07 06 07 07 04 05 06 04 08 07 08     ................
     809:	07 08 06 06 05 07 08 08 06 07 07 05 03 05 08 06     ................

00000819 <font>:
     819:	00 00 00 00 00 3e 5b 4f 5b 3e 3e 6b 4f 6b 3e 1c     .....>[O[>>kOk>.
     829:	3e 7c 3e 1c 18 3c 7e 3c 18 1c 57 7d 57 1c 1c 5e     >|>..<~<..W}W..^
     839:	7f 5e 1c 00 18 3c 18 00 ff e7 c3 e7 ff 00 18 24     .^...<.........$
     849:	18 00 ff e7 db e7 ff 30 48 3a 06 0e 26 29 79 29     .......0H:..&)y)
     859:	26 40 7f 05 05 07 40 7f 05 25 3f 5a 3c e7 3c 5a     &@....@..%?Z<.<Z
     869:	7f 3e 1c 1c 08 08 1c 1c 3e 7f 14 22 7f 22 14 5f     .>......>.."."._
     879:	5f 00 5f 5f 06 09 7f 01 7f 00 66 89 95 6a 60 60     _.__......f..j``
     889:	60 60 60 94 a2 ff a2 94 08 04 7e 04 08 10 20 7e     ```.......~... ~
     899:	20 10 08 08 2a 1c 08 08 1c 2a 08 08 1e 10 10 10      ...*....*......
     8a9:	10 0c 1e 0c 1e 0c 30 38 3e 38 30 06 0e 3e 0e 06     ......08>80..>..
     8b9:	00 00 00 00 00 00 00 5f 00 00 00 07 00 07 00 14     ......._........
     8c9:	7f 14 7f 14 24 2a 7f 2a 12 23 13 08 64 62 36 49     ....$*.*.#..db6I
     8d9:	56 20 50 00 08 07 03 00 00 1c 22 41 00 00 41 22     V P......."A..A"
     8e9:	1c 00 2a 1c 7f 1c 2a 08 08 3e 08 08 00 80 70 30     ..*...*..>....p0
     8f9:	00 08 08 08 08 08 00 00 60 60 00 20 10 08 04 02     ........``. ....
     909:	3e 51 49 45 3e 00 42 7f 40 00 72 49 49 49 46 21     >QIE>.B.@.rIIIF!
     919:	41 49 4d 33 18 14 12 7f 10 27 45 45 45 39 3c 4a     AIM3.....'EEE9<J
     929:	49 49 31 41 21 11 09 07 36 49 49 49 36 46 49 49     II1A!...6III6FII
     939:	29 1e 00 00 14 00 00 00 40 34 00 00 00 08 14 22     ).......@4....."
     949:	41 14 14 14 14 14 00 41 22 14 08 02 01 59 09 06     A......A"....Y..
     959:	3e 41 5d 59 4e 7c 12 11 12 7c 7f 49 49 49 36 3e     >A]YN|...|.III6>
     969:	41 41 41 22 7f 41 41 41 3e 7f 49 49 49 41 7f 09     AAA".AAA>.IIIA..
     979:	09 09 01 3e 41 41 51 73 7f 08 08 08 7f 00 41 7f     ...>AAQs......A.
     989:	41 00 20 40 41 3f 01 7f 08 14 22 41 7f 40 40 40     A. @A?...."A.@@@
     999:	40 7f 02 1c 02 7f 7f 04 08 10 7f 3e 41 41 41 3e     @..........>AAA>
     9a9:	7f 09 09 09 06 3e 41 51 21 5e 7f 09 19 29 46 26     .....>AQ!^...)F&
     9b9:	49 49 49 32 03 01 7f 01 03 3f 40 40 40 3f 1f 20     III2.....?@@@?. 
     9c9:	40 20 1f 3f 40 38 40 3f 63 14 08 14 63 03 04 78     @ .?@8@?c...c..x
     9d9:	04 03 61 59 49 4d 43 00 7f 41 41 41 02 04 08 10     ..aYIMC..AAA....
     9e9:	20 00 41 41 41 7f 04 02 01 02 04 40 40 40 40 40      .AAA......@@@@@
     9f9:	00 03 07 08 00 20 54 54 78 40 7f 28 44 44 38 38     ..... TTx@.(DD88
     a09:	44 44 44 28 38 44 44 28 7f 38 54 54 54 18 00 08     DDD(8DD(.8TTT...
     a19:	7e 09 02 18 a4 a4 9c 78 7f 08 04 04 78 00 44 7d     ~......x....x.D}
     a29:	40 00 20 40 40 3d 00 7f 10 28 44 00 00 41 7f 40     @. @@=...(D..A.@
     a39:	00 7c 04 78 04 78 7c 08 04 04 78 38 44 44 44 38     .|.x.x|...x8DDD8
     a49:	fc 18 24 24 18 18 24 24 18 fc 7c 08 04 04 08 48     ..$$..$$..|....H
     a59:	54 54 54 24 04 04 3f 44 24 3c 40 40 20 7c 1c 20     TTT$..?D$<@@ |. 
     a69:	40 20 1c 3c 40 30 40 3c 44 28 10 28 44 4c 90 90     @ .<@0@<D(.(DL..
     a79:	90 7c 44 64 54 4c 44 00 08 36 41 00 00 00 77 00     .|DdTLD..6A...w.
     a89:	00 00 41 36 08 00 02 01 02 04 02 3c 26 23 26 3c     ..A6.......<&#&<
     a99:	1e a1 a1 61 12 3a 40 40 20 7a 38 54 54 55 59 21     ...a.:@@ z8TTUY!
     aa9:	55 55 79 41 21 54 54 78 41 21 55 54 78 40 20 54     UUyA!TTxA!UTx@ T
     ab9:	55 79 40 0c 1e 52 72 12 39 55 55 55 59 39 54 54     Uy@..Rr.9UUUY9TT
     ac9:	54 59 39 55 54 54 58 00 00 45 7c 41 00 02 45 7d     TY9UTTX..E|A..E}
     ad9:	42 00 01 45 7c 40 f0 29 24 29 f0 f0 28 25 28 f0     B..E|@.)$)..(%(.
     ae9:	7c 54 55 45 00 20 54 54 7c 54 7c 0a 09 7f 49 32     |TUE. TT|T|...I2
     af9:	49 49 49 32 32 48 48 48 32 32 4a 48 48 30 3a 41     III22HHH22JHH0:A
     b09:	41 21 7a 3a 42 40 20 78 00 9d a0 a0 7d 39 44 44     A!z:B@ x....}9DD
     b19:	44 39 3d 40 40 40 3d 3c 24 ff 24 24 48 7e 49 43     D9=@@@=<$.$$H~IC
     b29:	66 2b 2f fc 2f 2b ff 09 29 f6 20 c0 88 7e 09 03     f+/./+..). ..~..
     b39:	20 54 54 79 41 00 00 44 7d 41 30 48 48 4a 32 38      TTyA..D}A0HHJ28
     b49:	40 40 22 7a 00 7a 0a 0a 72 7d 0d 19 31 7d 26 29     @@"z.z..r}..1}&)
     b59:	29 2f 28 26 29 29 29 26 30 48 4d 40 20 38 08 08     )/(&)))&0HM@ 8..
     b69:	08 08 08 08 08 08 38 2f 10 c8 ac ba 2f 10 28 34     ......8/..../.(4
     b79:	fa 00 00 7b 00 00 08 14 2a 14 22 22 14 2a 14 08     ...{....*."".*..
     b89:	aa 00 55 00 aa aa 55 aa 55 aa 00 00 00 ff 00 10     ..U...U.U.......
     b99:	10 10 ff 00 14 14 14 ff 00 10 10 ff 00 ff 10 10     ................
     ba9:	f0 10 f0 14 14 14 fc 00 14 14 f7 00 ff 00 00 ff     ................
     bb9:	00 ff 14 14 f4 04 fc 14 14 17 10 1f 10 10 1f 10     ................
     bc9:	1f 14 14 14 1f 00 10 10 10 f0 00 00 00 00 1f 10     ................
     bd9:	10 10 10 1f 10 10 10 10 f0 10 00 00 00 ff 10 10     ................
     be9:	10 10 10 10 10 10 10 ff 10 00 00 00 ff 14 00 00     ................
     bf9:	ff 00 ff 00 00 1f 10 17 00 00 fc 04 f4 14 14 17     ................
     c09:	10 17 14 14 f4 04 f4 00 00 ff 00 f7 14 14 14 14     ................
     c19:	14 14 14 f7 00 f7 14 14 14 17 14 10 10 1f 10 1f     ................
     c29:	14 14 14 f4 14 10 10 f0 10 f0 00 00 1f 10 1f 00     ................
     c39:	00 00 1f 14 00 00 00 fc 14 00 00 f0 10 f0 10 10     ................
     c49:	ff 10 ff 14 14 14 ff 14 10 10 10 1f 00 00 00 00     ................
     c59:	f0 10 ff ff ff ff ff f0 f0 f0 f0 f0 ff ff ff 00     ................
     c69:	00 00 00 00 ff ff 0f 0f 0f 0f 0f 38 44 44 38 44     ...........8DD8D
     c79:	7c 2a 2a 3e 14 7e 02 02 06 06 02 7e 02 7e 02 63     |**>.~.....~.~.c
     c89:	55 49 41 63 38 44 44 3c 04 40 7e 20 1e 20 06 02     UIAc8DD<.@~ . ..
     c99:	7e 02 02 99 a5 e7 a5 99 1c 2a 49 2a 1c 4c 72 01     ~........*I*.Lr.
     ca9:	72 4c 30 4a 4d 4d 30 30 48 78 48 30 bc 62 5a 46     rL0JMM00HxH0.bZF
     cb9:	3d 3e 49 49 49 00 7e 01 01 01 7e 2a 2a 2a 2a 2a     =>III.~...~*****
     cc9:	44 44 5f 44 44 40 51 4a 44 40 40 44 4a 51 40 00     DD_DD@QJD@@DJQ@.
     cd9:	00 ff 01 03 e0 80 ff 00 00 08 08 6b 6b 08 36 12     ...........kk.6.
     ce9:	36 24 36 06 0f 09 0f 06 00 00 18 18 00 00 00 10     6$6.............
     cf9:	10 00 30 40 ff 01 01 00 1f 01 01 1e 00 19 1d 17     ..0@............
     d09:	12 00 3c 3c 3c 3c 00 00 00 00 00                    ..<<<<.....

00000d14 <k_rle>:
     d14:	18 00 18 00 10 00 02 01 06 00 0e 00 05 01 05 00     ................
     d24:	0d 00 03 01 01 00 03 01 04 00 0c 00 02 01 04 00     ................
     d34:	03 01 03 00 0b 00 02 01 06 00 02 01 03 00 0b 00     ................
     d44:	02 01 06 00 02 01 03 00 0b 00 02 01 06 00 02 01     ................
     d54:	03 00 0b 00 02 01 06 00 02 01 03 00 0b 00 03 01     ................
     d64:	04 00 03 01 03 00 0b 00 09 01 04 00 0a 00 03 01     ................
     d74:	01 00 05 01 05 00 0a 00 02 01 04 00 02 01 06 00     ................
     d84:	0a 00 02 01 03 00 03 01 06 00 09 00 02 01 04 00     ................
     d94:	02 01 07 00 09 00 02 01 04 00 02 01 07 00 09 00     ................
     da4:	02 01 04 00 02 01 07 00 09 00 02 01 04 00 02 01     ................
     db4:	07 00 08 00 02 01 05 00 02 01 07 00 08 00 02 01     ................
     dc4:	05 00 02 01 07 00 08 00 03 01 03 00 02 01 08 00     ................
     dd4:	09 00 02 01 04 00 02 01 07 00 09 00 02 01 04 00     ................
     de4:	02 01 07 00 08 00 03 01 04 00 02 01 07 00 07 00     ................
     df4:	04 01 04 00 02 01 07 00 05 00 03 01 07 00 02 01     ................
     e04:	07 00 05 00 02 01 08 00 02 01 07 00 04 00 02 01     ................
     e14:	0a 00 01 01 07 00 04 00 02 01 04 00 02 01 0c 00     ................
     e24:	04 00 03 01 03 00 02 01 0c 00 05 00 07 01 0c 00     ................
     e34:	06 00 06 01 06 00 03 01 03 00 0a 00 02 01 07 00     ................
     e44:	02 01 03 00 0b 00 04 01 02 00 04 01 03 00 0c 00     ................
     e54:	08 01 04 00 0e 00 03 01 07 00 18 00 00 00           ..............

00000e62 <nerk_rle>:
     e62:	c0 00 00 c0 00 00 c0 00 00 c0 00 00 08 00 00 01     ................
     e72:	44 01 01 2a 0b 01 06 0a 98 00 00 01 41 00 01 88     D..*........A...
     e82:	0a 01 8f 14 01 2d 14 01 ed 13 08 e9 0a 01 c9 0a     .....-..........
     e92:	01 c6 09 01 03 01 01 0a 0b 01 68 0a 01 41 00 03     ..........h..A..
     ea2:	00 00 01 41 00 01 c9 0a 01 07 0a 01 20 00 03 00     ...A........ ...
     eb2:	00 07 00 00 01 6b 0b 02 d3 1d 01 b2 1d 01 2d 14     .....k........-.
     ec2:	39 00 00 01 03 01 01 e9 0a 01 06 0a 01 20 00 29     9............ .)
     ed2:	00 00 01 85 01 01 2a 0b 01 06 0a 2e 00 00 01 f0     ......*.........
     ee2:	14 01 d3 1d 0b f3 1d 01 d3 1d 01 92 1d 03 b3 1d     ................
     ef2:	01 f0 14 02 00 00 01 e3 00 01 51 15 01 b3 1d 01     ..........Q.....
     f02:	b2 1d 01 6b 0b 03 00 00 06 00 00 01 e6 09 01 b3     ...k............
     f12:	1d 03 f3 1d 01 b2 1d 01 67 0a 0e 00 00 01 06 0a     ........g.......
     f22:	01 2a 0b 01 a5 01 26 00 00 01 e9 0a 02 b3 1d 01     .*....&.........
     f32:	b2 1d 01 2e 14 0f 00 00 01 03 01 01 0a 0b 01 67     ...............g
     f42:	0a 01 40 00 14 00 00 01 40 00 01 af 14 01 b2 1d     ..@.....@.......
     f52:	01 b3 1d 01 b2 1d 01 6b 0b 05 00 00 01 03 01 01     .......k........
     f62:	0a 0b 01 67 0a 01 40 00 23 00 00 01 03 01 01 92     ...g..@.#.......
     f72:	1d 11 f3 1d 01 b2 1d 01 27 0a 01 00 00 01 11 15     ........'.......
     f82:	01 d3 1d 02 f3 1d 01 b2 1d 03 00 00 06 00 00 01     ................
     f92:	6e 14 05 f3 1d 01 92 1d 01 81 00 0c 00 00 01 6e     n..............n
     fa2:	14 01 b2 1d 01 d3 1d 01 b2 1d 01 a5 01 24 00 00     .............$..
     fb2:	01 c2 00 01 b2 1d 03 f3 1d 01 b2 1d 01 61 00 0d     .............a..
     fc2:	00 00 01 47 0a 01 b2 1d 01 d3 1d 01 92 1d 01 b2     ...G............
     fd2:	1d 01 c2 00 13 00 00 01 67 0a 01 b2 1d 03 f3 1d     ........g.......
     fe2:	01 72 15 04 00 00 01 47 0a 01 b2 1d 01 d3 1d 01     .r.....G........
     ff2:	92 1d 01 b2 1d 01 c2 00 22 00 00 01 20 00 01 72     ........"... ..r
    1002:	15 01 d3 1d 11 f3 1d 01 2d 14 01 88 0a 01 92 1d     ........-.......
    1012:	03 f3 1d 01 d3 1d 01 61 00 02 00 00 06 00 00 01     .......a........
    1022:	31 15 05 f3 1d 01 b2 1d 01 ec 13 0b 00 00 01 85     1...............
    1032:	01 01 b2 1d 03 f3 1d 01 0d 14 24 00 00 01 e6 09     ..........$.....
    1042:	01 92 1d 03 f3 1d 01 b3 1d 01 61 00 0c 00 00 01     ..........a.....
    1052:	a2 00 01 b2 1d 03 f3 1d 01 d3 1d 01 ac 13 13 00     ................
    1062:	00 01 ec 13 04 f3 1d 01 f0 14 03 00 00 01 a2 00     ................
    1072:	01 b2 1d 03 f3 1d 01 d3 1d 01 ac 13 23 00 00 01     ............#...
    1082:	c2 00 01 cc 13 02 cf 14 01 71 15 01 b3 1d 02 f3     .........q......
    1092:	1d 01 b3 1d 01 92 1d 01 72 15 02 cf 14 06 f3 1d     ........r.......
    10a2:	01 71 15 01 92 1d 04 f3 1d 01 92 1d 01 44 01 02     .q...........D..
    10b2:	00 00 06 00 00 01 72 15 06 f3 1d 01 b2 1d 01 44     ......r........D
    10c2:	01 0a 00 00 01 a8 0a 01 d3 1d 03 f3 1d 01 11 15     ................
    10d2:	24 00 00 01 c9 0a 01 d3 1d 04 f3 1d 0d 00 00 01     $...............
    10e2:	67 0a 01 92 1d 04 f3 1d 01 0d 14 13 00 00 01 10     g...............
    10f2:	15 04 f3 1d 01 ac 13 03 00 00 01 67 0a 01 92 1d     ...........g....
    1102:	04 f3 1d 01 0d 14 27 00 00 01 e9 0a 03 f3 1d 01     ......'.........
    1112:	92 1d 01 64 01 02 00 00 01 c6 09 01 b2 1d 06 f3     ...d............
    1122:	1d 01 d3 1d 04 f3 1d 01 b2 1d 01 47 0a 02 00 00     ...........G....
    1132:	06 00 00 07 f3 1d 01 d3 1d 01 10 15 0a 00 00 01     ................
    1142:	0a 0b 04 f3 1d 01 d3 1d 24 00 00 01 ac 13 04 f3     ........$.......
    1152:	1d 01 51 15 0d 00 00 01 03 01 01 b2 1d 03 f3 1d     ..Q.............
    1162:	01 b2 1d 01 64 01 13 00 00 01 92 1d 03 f3 1d 01     ....d...........
    1172:	b3 1d 01 88 0a 03 00 00 01 03 01 01 b2 1d 03 f3     ................
    1182:	1d 01 b2 1d 01 64 01 27 00 00 01 6b 0b 03 f3 1d     .....d.'...k....
    1192:	01 92 1d 01 a2 00 02 00 00 01 10 15 06 f3 1d 01     ................
    11a2:	d3 1d 06 f3 1d 01 8b 0b 02 00 00 05 00 00 01 81     ................
    11b2:	00 01 b2 1d 07 f3 1d 01 92 1d 01 68 0a 09 00 00     ...........h....
    11c2:	01 ed 13 04 f3 1d 01 72 15 24 00 00 01 6e 14 04     .......r.$...n..
    11d2:	f3 1d 01 4e 14 0e 00 00 01 6b 0b 01 d3 1d 01 b2     ...N.....k......
    11e2:	1d 01 b3 1d 01 47 0a 13 00 00 01 a2 00 01 72 15     .....G........r.
    11f2:	03 f3 1d 01 92 1d 01 a5 01 04 00 00 01 6b 0b 01     .............k..
    1202:	d3 1d 01 b2 1d 01 b3 1d 01 47 0a 28 00 00 01 ed     .........G.(....
    1212:	13 04 f3 1d 02 00 00 01 a5 01 01 b2 1d 09 f3 1d     ................
    1222:	01 d3 1d 03 f3 1d 01 10 15 02 00 00 05 00 00 01     ................
    1232:	44 01 01 92 15 08 f3 1d 01 92 1d 01 61 00 08 00     D...........a...
    1242:	00 01 6e 14 04 f3 1d 01 af 14 24 00 00 01 72 15     ..n.......$...r.
    1252:	03 f3 1d 01 d3 1d 01 0a 0b 05 00 00 01 81 00 01     ................
    1262:	e9 0a 01 47 0a 01 20 00 06 00 00 01 61 00 01 a5     ...G.. .....a...
    1272:	01 01 61 00 14 00 00 01 c6 09 01 72 15 03 f3 1d     ..a........r....
    1282:	01 b3 1d 01 81 00 05 00 00 01 61 00 01 a5 01 01     ..........a.....
    1292:	61 00 29 00 00 01 6e 14 03 f3 1d 01 92 1d 01 00     a.)...n.........
    12a2:	00 01 40 00 01 71 15 03 f3 1d 01 92 1d 01 d3 1d     ..@..q..........
    12b2:	04 f3 1d 01 b3 1d 04 f3 1d 01 d3 1d 02 00 00 05     ................
    12c2:	00 00 01 06 0a 01 92 1d 03 f3 1d 01 d3 1d 04 f3     ................
    12d2:	1d 01 b2 1d 01 ac 13 08 00 00 01 72 15 04 f3 1d     ...........r....
    12e2:	01 ac 13 06 00 00 01 c2 00 01 67 0a 01 0a 0b 01     ..........g.....
    12f2:	6b 0b 01 c9 0a 01 06 0a 01 c2 00 07 00 00 01 e3     k...............
    1302:	00 01 c9 0a 01 a8 0a 01 81 00 03 00 00 01 03 01     ................
    1312:	01 e6 09 01 c9 0a 01 6b 0b 01 68 0a 01 41 00 02     .......k..h..A..
    1322:	00 00 01 61 00 01 b3 1d 03 f3 1d 01 92 1d 01 e6     ...a............
    1332:	09 04 00 00 01 c6 09 01 92 1d 01 b3 1d 01 92 1d     ................
    1342:	01 31 15 05 00 00 01 a5 01 01 0a 0b 01 23 01 08     .1...........#..
    1352:	00 00 01 20 00 01 a5 01 01 c9 0a 01 6b 0b 01 c9     ... ........k...
    1362:	0a 01 c6 09 01 61 00 06 00 00 01 c9 0a 01 b3 1d     .....a..........
    1372:	03 f3 1d 01 b2 1d 05 00 00 01 a5 01 01 0a 0b 01     ................
    1382:	23 01 05 00 00 01 a5 01 01 2a 0b 01 44 01 03 00     #........*..D...
    1392:	00 01 e3 00 01 47 0a 01 4b 0b 01 88 0a 01 03 01     .....G..K.......
    13a2:	09 00 00 01 20 00 01 a5 01 01 c9 0a 01 6b 0b 01     .... ........k..
    13b2:	c9 0a 01 c6 09 01 61 00 0a 00 00 01 cf 14 03 f3     ......a.........
    13c2:	1d 01 72 15 01 00 00 01 8b 0b 01 b2 1d 02 f3 1d     ..r.............
    13d2:	01 d3 1d 01 b2 1d 01 92 1d 04 f3 1d 01 72 15 01     .............r..
    13e2:	6e 14 03 f3 1d 01 92 1d 01 03 01 01 00 00 05 00     n...............
    13f2:	00 01 c9 0a 01 d3 1d 03 f3 1d 01 d3 1d 01 92 1d     ................
    1402:	04 f3 1d 01 b2 1d 01 44 01 06 00 00 01 40 00 01     .......D.....@..
    1412:	b2 1d 03 f3 1d 01 d3 1d 01 c9 0a 04 00 00 01 64     ...............d
    1422:	01 01 cf 14 01 d3 1d 01 b2 1d 01 d3 1d 01 f3 1d     ................
    1432:	01 d3 1d 01 b2 1d 01 b3 1d 01 31 15 01 47 0a 04     ..........1..G..
    1442:	00 00 01 44 01 02 b2 1d 01 92 1d 01 72 15 01 e3     ...D........r...
    1452:	00 01 2a 0b 01 72 15 01 d3 1d 02 b2 1d 01 f3 1d     ..*..r..........
    1462:	01 b2 1d 01 72 15 01 41 00 01 00 00 01 85 01 01     ....r..A........
    1472:	92 1d 03 f3 1d 01 92 1d 01 03 01 03 00 00 01 4b     ...............K
    1482:	0b 01 b2 1d 03 f3 1d 01 92 1d 01 07 0a 03 00 00     ................
    1492:	01 f0 14 01 92 1d 01 b2 1d 01 b3 1d 01 a5 01 05     ................
    14a2:	00 00 01 81 00 01 8b 0b 01 b2 1d 01 b3 1d 01 b2     ................
    14b2:	1d 01 f3 1d 03 b2 1d 01 a5 01 05 00 00 01 0d 14     ................
    14c2:	04 f3 1d 01 f0 14 04 00 00 01 f0 14 01 92 1d 01     ................
    14d2:	b2 1d 01 b3 1d 01 a5 01 02 00 00 01 40 00 01 10     ............@...
    14e2:	15 01 92 1d 01 b3 1d 01 b2 1d 01 27 0a 01 03 01     ...........'....
    14f2:	01 f0 14 01 d3 1d 01 92 1d 01 d3 1d 01 92 1d 01     ................
    1502:	b3 1d 01 ac 0b 06 00 00 01 81 00 01 8b 0b 01 b2     ................
    1512:	1d 01 b3 1d 01 b2 1d 01 f3 1d 03 b2 1d 01 a5 01     ................
    1522:	09 00 00 01 51 15 04 f3 1d 01 a2 00 01 d3 1d 03     ....Q...........
    1532:	f3 1d 01 92 1d 01 67 0a 01 92 1d 03 f3 1d 01 b2     ......g.........
    1542:	1d 01 a5 01 01 88 0a 01 b2 1d 02 f3 1d 01 b2 1d     ................
    1552:	01 67 0a 01 00 00 05 00 00 01 ac 13 04 f3 1d 01     .g..............
    1562:	d3 1d 01 f0 14 01 d3 1d 03 f3 1d 01 d3 1d 01 f0     ................
    1572:	14 06 00 00 01 23 01 01 72 15 03 f3 1d 01 92 1d     .....#..r.......
    1582:	01 e6 09 03 00 00 01 8b 0b 01 b2 1d 09 f3 1d 01     ................
    1592:	92 1d 01 a9 0a 03 00 00 01 4e 14 03 f3 1d 01 92     .........N......
    15a2:	1d 02 d3 1d 06 f3 1d 01 b3 1d 01 0a 0b 01 00 00     ................
    15b2:	01 88 0a 01 b3 1d 03 f3 1d 01 d3 1d 02 00 00 01     ................
    15c2:	81 00 01 cf 14 01 b2 1d 04 f3 1d 01 b2 1d 01 c6     ................
    15d2:	09 02 00 00 01 c9 0a 01 b3 1d 03 f3 1d 01 2d 14     ..............-.
    15e2:	04 00 00 01 68 0a 02 d3 1d 07 f3 1d 01 b2 1d 01     ....h...........
    15f2:	47 0a 04 00 00 01 31 15 04 f3 1d 01 ac 13 03 00     G.....1.........
    1602:	00 01 c9 0a 01 b3 1d 03 f3 1d 01 2d 14 02 00 00     ...........-....
    1612:	01 ac 0b 01 b3 1d 03 f3 1d 01 71 15 01 b3 1d 06     ..........q.....
    1622:	f3 1d 01 b3 1d 01 e6 09 04 00 00 01 68 0a 02 d3     ............h...
    1632:	1d 07 f3 1d 01 b2 1d 01 47 0a 08 00 00 01 af 14     ........G.......
    1642:	03 f3 1d 01 51 15 01 67 0a 01 b3 1d 02 f3 1d 01     ....Q..g........
    1652:	92 1d 01 88 0a 01 44 01 01 92 1d 02 f3 1d 01 b3     ......D.........
    1662:	1d 01 cc 13 01 00 00 01 44 01 01 92 1d 02 f3 1d     ........D.......
    1672:	01 b3 1d 01 2a 0b 01 00 00 05 00 00 01 6e 14 04     ....*........n..
    1682:	f3 1d 01 51 15 01 23 01 01 92 1d 04 f3 1d 01 92     ...Q..#.........
    1692:	1d 01 67 0a 05 00 00 01 27 0a 01 92 1d 03 f3 1d     ..g.....'.......
    16a2:	01 92 1d 01 23 01 02 00 00 01 ec 13 01 b2 1d 0b     ....#...........
    16b2:	f3 1d 01 b3 1d 01 40 00 02 00 00 01 b3 1d 0d f3     ......@.........
    16c2:	1d 01 8f 14 01 00 00 01 0d 14 04 f3 1d 01 10 15     ................
    16d2:	01 00 00 01 64 01 01 72 15 01 d3 1d 04 f3 1d 01     ....d..r........
    16e2:	b3 1d 01 d0 14 01 20 00 02 00 00 01 51 15 04 f3     ...... .....Q...
    16f2:	1d 01 ac 0b 03 00 00 01 a8 0a 01 b2 1d 0a f3 1d     ................
    1702:	01 92 1d 01 41 00 03 00 00 01 b2 1d 03 f3 1d 01     ....A...........
    1712:	b3 1d 01 88 0a 03 00 00 01 51 15 04 f3 1d 01 ac     .........Q......
    1722:	0b 02 00 00 01 51 15 04 f3 1d 01 d3 1d 08 f3 1d     .....Q..........
    1732:	01 f0 14 03 00 00 01 a8 0a 01 b2 1d 0a f3 1d 01     ................
    1742:	92 1d 01 41 00 07 00 00 01 a8 0a 01 b2 1d 01 d3     ...A............
    1752:	1d 01 b3 1d 01 a5 01 01 81 00 01 b3 1d 01 d3 1d     ................
    1762:	01 b3 1d 01 ed 13 01 00 00 01 41 00 01 92 1d 01     ..........A.....
    1772:	d3 1d 01 b2 1d 01 ec 13 01 40 00 02 00 00 01 4e     .........@.....N
    1782:	14 01 d3 1d 01 b2 1d 01 92 1d 01 a2 00 01 00 00     ................
    1792:	05 00 00 01 31 15 04 f3 1d 01 6e 14 01 00 00 01     ....1.....n.....
    17a2:	4b 0b 01 92 1d 04 f3 1d 01 92 1d 01 e3 00 04 00     K...............
    17b2:	00 01 2a 0b 04 f3 1d 01 d3 1d 01 40 00 01 00 00     ..*........@....
    17c2:	01 e9 0a 01 b2 1d 0c f3 1d 01 92 1d 01 a5 01 01     ................
    17d2:	00 00 01 03 01 01 92 1d 0d f3 1d 01 ac 13 01 00     ................
    17e2:	00 01 31 15 04 f3 1d 01 6b 0b 01 e9 0a 01 b2 1d     ..1.....k.......
    17f2:	05 f3 1d 01 b2 1d 01 4e 14 01 40 00 02 00 00 01     .......N..@.....
    1802:	20 00 01 d3 1d 03 f3 1d 01 b2 1d 01 47 0a 02 00      ...........G...
    1812:	00 01 27 0a 01 b2 1d 0b f3 1d 01 b3 1d 01 4b 0b     ..'...........K.
    1822:	02 00 00 01 03 01 01 72 15 03 f3 1d 01 92 1d 01     .......r........
    1832:	a5 01 02 00 00 01 20 00 01 d3 1d 03 f3 1d 01 b2     ...... .........
    1842:	1d 01 47 0a 02 00 00 01 b3 1d 0d f3 1d 01 d3 1d     ..G.............
    1852:	02 00 00 01 27 0a 01 b2 1d 0b f3 1d 01 b3 1d 01     ....'...........
    1862:	4b 0b 08 00 00 01 64 01 01 c9 0a 01 81 00 02 00     K.....d.........
    1872:	00 01 a2 00 01 e9 0a 01 e6 09 03 00 00 01 03 01     ................
    1882:	01 2a 0b 01 44 01 04 00 00 01 20 00 01 88 0a 01     .*..D..... .....
    1892:	47 0a 01 61 00 02 00 00 05 00 00 01 d3 1d 04 f3     G..a............
    18a2:	1d 01 4a 0b 01 00 00 01 20 00 01 51 15 04 f3 1d     ..J..... ..Q....
    18b2:	01 d3 1d 01 10 15 01 20 00 03 00 00 01 4e 14 04     ....... .....N..
    18c2:	f3 1d 01 51 15 01 00 00 01 a2 00 01 92 1d 04 f3     ...Q............
    18d2:	1d 01 b2 1d 01 6e 14 01 0a 0b 01 8f 14 01 f3 1d     .....n..........
    18e2:	01 d3 1d 03 f3 1d 01 92 1d 01 44 01 01 00 00 01     ..........D.....
    18f2:	e6 09 01 92 1d 06 f3 1d 01 b2 1d 02 d3 1d 03 f3     ................
    1902:	1d 01 b3 1d 01 68 0a 01 00 00 01 d3 1d 03 f3 1d     .....h..........
    1912:	01 92 1d 01 72 15 01 b2 1d 05 f3 1d 01 92 1d 01     ....r...........
    1922:	ed 13 04 00 00 01 03 01 01 72 15 03 f3 1d 01 92     .........r......
    1932:	1d 01 03 01 01 00 00 01 e3 00 01 b2 1d 04 f3 1d     ................
    1942:	02 d3 1d 02 72 15 01 b3 1d 04 f3 1d 01 10 15 02     ....r...........
    1952:	00 00 01 e6 09 01 72 15 03 f3 1d 01 b3 1d 01 81     ......r.........
    1962:	00 02 00 00 01 03 01 01 72 15 03 f3 1d 01 92 1d     ........r.......
    1972:	01 03 01 01 00 00 01 a2 00 01 b2 1d 07 f3 1d 01     ................
    1982:	d3 1d 01 b2 1d 01 b3 1d 03 f3 1d 01 92 1d 01 81     ................
    1992:	00 01 e3 00 01 b2 1d 04 f3 1d 02 d3 1d 02 72 15     ..............r.
    19a2:	01 b3 1d 04 f3 1d 01 10 15 20 00 00 04 00 00 01     ......... ......
    19b2:	03 01 01 92 1d 03 f3 1d 01 b2 1d 01 47 0a 02 00     ............G...
    19c2:	00 01 64 01 01 92 1d 04 f3 1d 01 b2 1d 01 6b 0b     ..d...........k.
    19d2:	03 00 00 01 51 15 04 f3 1d 01 6e 14 01 00 00 01     ....Q.....n.....
    19e2:	4e 14 01 d3 1d 03 f3 1d 01 92 1d 02 c6 09 01 af     N...............
    19f2:	14 01 b3 1d 01 d3 1d 04 f3 1d 01 92 1d 01 20 00     .............. .
    1a02:	01 00 00 01 c9 0a 01 d3 1d 04 f3 1d 01 b3 1d 01     ................
    1a12:	31 15 01 c6 09 01 00 00 01 92 1d 03 f3 1d 01 b2     1...............
    1a22:	1d 01 81 00 01 03 01 01 92 1d 03 f3 1d 02 d3 1d     ................
    1a32:	05 f3 1d 01 b2 1d 01 68 0a 05 00 00 01 07 0a 01     .......h........
    1a42:	72 15 03 f3 1d 01 d3 1d 02 00 00 01 4e 14 01 d3     r...........N...
    1a52:	1d 03 f3 1d 01 b2 1d 01 10 15 01 c2 00 02 00 00     ................
    1a62:	01 4e 14 04 f3 1d 01 b3 1d 02 00 00 01 e9 0a 01     .N..............
    1a72:	d3 1d 03 f3 1d 01 b2 1d 03 00 00 01 07 0a 01 72     ...............r
    1a82:	15 03 f3 1d 01 d3 1d 02 00 00 01 06 0a 01 92 1d     ................
    1a92:	05 f3 1d 01 b3 1d 01 31 15 01 44 01 01 03 01 01     .......1..D.....
    1aa2:	72 15 03 f3 1d 01 d3 1d 01 00 00 01 4e 14 01 d3     r...........N...
    1ab2:	1d 03 f3 1d 01 b2 1d 01 10 15 01 c2 00 02 00 00     ................
    1ac2:	01 4e 14 04 f3 1d 01 b3 1d 20 00 00 04 00 00 01     .N....... ......
    1ad2:	e6 09 01 92 1d 03 f3 1d 01 92 1d 01 44 01 03 00     ............D...
    1ae2:	00 01 cc 13 01 b2 1d 04 f3 1d 01 b2 1d 01 e6 09     ................
    1af2:	02 00 00 01 d3 1d 03 f3 1d 01 d3 1d 01 0a 0b 01     ................
    1b02:	a5 01 01 92 1d 03 f3 1d 01 d3 1d 01 af 14 02 92     ................
    1b12:	1d 06 f3 1d 01 b3 1d 01 a5 01 02 00 00 01 2d 14     ..............-.
    1b22:	04 f3 1d 01 b2 1d 01 0d 14 01 40 00 02 00 00 01     ..........@.....
    1b32:	8f 14 01 b3 1d 01 f3 1d 01 b2 1d 01 4a 0b 01 00     ............J...
    1b42:	00 01 27 0a 01 b2 1d 08 f3 1d 01 d3 1d 01 51 15     ..'...........Q.
    1b52:	01 03 01 06 00 00 01 6b 0b 04 f3 1d 01 31 15 01     .......k.....1..
    1b62:	00 00 01 03 01 01 92 1d 04 f3 1d 01 10 15 01 40     ...............@
    1b72:	00 03 00 00 01 68 0a 01 b3 1d 03 f3 1d 01 b2 1d     .....h..........
    1b82:	01 a2 00 01 00 00 01 4e 14 04 f3 1d 01 f0 14 03     .......N........
    1b92:	00 00 01 6b 0b 04 f3 1d 01 31 15 02 00 00 01 6b     ...k.....1.....k
    1ba2:	0b 05 f3 1d 01 d3 1d 01 af 14 01 40 00 01 00 00     ...........@....
    1bb2:	01 06 0a 01 72 15 03 f3 1d 01 51 15 01 03 01 01     ....r.....Q.....
    1bc2:	92 1d 04 f3 1d 01 10 15 01 40 00 03 00 00 01 68     .........@.....h
    1bd2:	0a 01 b3 1d 03 f3 1d 01 b2 1d 01 a2 00 1f 00 00     ................
    1be2:	04 00 00 01 e9 0a 01 d3 1d 03 f3 1d 01 d3 1d 01     ................
    1bf2:	61 00 03 00 00 01 40 00 01 51 15 05 f3 1d 01 b2     a.....@..Q......
    1c02:	1d 02 03 01 01 92 1d 03 f3 1d 01 92 1d 01 e6 09     ................
    1c12:	01 af 14 04 f3 1d 01 b3 1d 01 d3 1d 06 f3 1d 01     ................
    1c22:	d3 1d 01 51 15 01 c6 09 03 00 00 01 31 15 03 f3     ...Q........1...
    1c32:	1d 01 d3 1d 01 8f 14 04 00 00 01 a2 00 01 88 0a     ................
    1c42:	01 6b 0b 01 a5 01 02 00 00 01 ac 0b 0a f3 1d 01     .k..............
    1c52:	31 15 01 20 00 06 00 00 01 d0 14 04 f3 1d 01 2d     1.. ...........-
    1c62:	14 01 00 00 01 0a 0b 01 d3 1d 03 f3 1d 01 b2 1d     ................
    1c72:	01 44 01 04 00 00 01 a8 0a 01 b3 1d 03 f3 1d 01     .D..............
    1c82:	d3 1d 02 00 00 01 51 15 04 f3 1d 01 ac 13 03 00     ......Q.........
    1c92:	00 01 d0 14 04 f3 1d 01 2d 14 02 00 00 01 10 15     ........-.......
    1ca2:	04 f3 1d 01 d3 1d 01 31 15 01 61 00 02 00 00 01     .......1..a.....
    1cb2:	ac 0b 04 f3 1d 01 8f 14 01 0a 0b 01 d3 1d 03 f3     ................
    1cc2:	1d 01 b2 1d 01 44 01 04 00 00 01 a8 0a 01 b3 1d     .....D..........
    1cd2:	03 f3 1d 01 d3 1d 20 00 00 04 00 00 01 4e 14 04     ...... ......N..
    1ce2:	f3 1d 01 b2 1d 05 00 00 01 03 01 01 92 1d 05 f3     ................
    1cf2:	1d 01 51 15 01 68 0a 01 92 1d 03 f3 1d 01 b2 1d     ..Q..h..........
    1d02:	01 03 01 01 d3 1d 0a f3 1d 01 b3 1d 01 92 1d 01     ................
    1d12:	c9 0a 01 20 00 04 00 00 01 b3 1d 03 f3 1d 01 92     ... ............
    1d22:	1d 01 06 0a 0a 00 00 01 31 15 0a f3 1d 01 b2 1d     ........1.......
    1d32:	01 6b 0b 06 00 00 01 b2 1d 03 f3 1d 01 d3 1d 01     .k..............
    1d42:	c9 0a 01 00 00 01 31 15 04 f3 1d 01 11 15 05 00     ......1.........
    1d52:	00 01 4b 0b 04 f3 1d 01 31 15 01 00 00 01 20 00     ..K.....1..... .
    1d62:	01 d3 1d 03 f3 1d 01 b3 1d 01 88 0a 03 00 00 01     ................
    1d72:	b2 1d 03 f3 1d 01 d3 1d 01 c9 0a 01 00 00 01 20     ............... 
    1d82:	00 01 d3 1d 04 f3 1d 01 b2 1d 01 e3 00 03 00 00     ................
    1d92:	01 11 15 04 f3 1d 01 cc 13 01 31 15 04 f3 1d 01     ..........1.....
    1da2:	11 15 05 00 00 01 4b 0b 04 f3 1d 01 31 15 20 00     ......K.....1. .
    1db2:	00 04 00 00 01 11 15 04 f3 1d 01 f0 14 06 00 00     ................
    1dc2:	01 68 0a 01 92 1d 04 f3 1d 03 d3 1d 03 f3 1d 01     .h..............
    1dd2:	b3 1d 01 03 01 01 92 1d 08 f3 1d 01 b3 1d 01 72     ...............r
    1de2:	15 01 88 0a 01 20 00 05 00 00 01 a2 00 01 b2 1d     ..... ..........
    1df2:	03 f3 1d 01 92 1d 01 03 01 09 00 00 01 81 00 01     ................
    1e02:	d3 1d 05 f3 1d 01 b2 1d 01 b3 1d 04 f3 1d 01 92     ................
    1e12:	1d 01 44 01 04 00 00 01 c2 00 01 72 15 03 f3 1d     ..D........r....
    1e22:	01 92 1d 01 c6 09 01 00 00 01 92 1d 04 f3 1d 01     ................
    1e32:	ac 13 05 00 00 01 31 15 04 f3 1d 01 ac 0b 01 00     ......1.........
    1e42:	00 01 03 01 01 92 15 03 f3 1d 01 92 1d 01 a5 01     ................
    1e52:	02 00 00 01 c2 00 01 72 15 03 f3 1d 01 92 1d 01     .......r........
    1e62:	c6 09 01 00 00 01 23 01 01 92 1d 03 f3 1d 01 b2     ......#.........
    1e72:	1d 01 0a 0b 03 00 00 01 41 00 01 d3 1d 04 f3 1d     ........A.......
    1e82:	01 e9 0a 01 92 1d 04 f3 1d 01 ac 13 05 00 00 01     ................
    1e92:	31 15 04 f3 1d 01 ac 0b 20 00 00 04 00 00 01 d3     1....... .......
    1ea2:	1d 04 f3 1d 01 0d 14 07 00 00 01 2d 14 01 d3 1d     ...........-....
    1eb2:	04 f3 1d 01 d3 1d 04 f3 1d 01 10 15 01 c6 09 01     ................
    1ec2:	92 1d 05 f3 1d 02 d3 1d 01 2d 14 01 a5 01 04 00     .........-......
    1ed2:	00 01 40 00 03 00 00 01 a5 01 01 92 1d 03 f3 1d     ..@.............
    1ee2:	01 d3 1d 0a 00 00 01 e6 09 01 92 1d 03 f3 1d 01     ................
    1ef2:	d3 1d 01 b3 1d 01 2a 0b 01 92 15 05 f3 1d 01 31     ......*........1
    1f02:	15 01 20 00 03 00 00 01 e6 09 01 72 15 03 f3 1d     .. ........r....
    1f12:	01 92 1d 01 e3 00 01 00 00 05 f3 1d 01 8b 0b 04     ................
    1f22:	00 00 01 06 0a 01 b2 1d 03 f3 1d 01 b2 1d 01 a5     ................
    1f32:	01 01 00 00 01 07 0a 01 92 1d 03 f3 1d 01 b3 1d     ................
    1f42:	01 81 00 02 00 00 01 e6 09 01 72 15 03 f3 1d 01     ..........r.....
    1f52:	92 1d 01 e3 00 01 00 00 01 47 0a 01 92 1d 03 f3     .........G......
    1f62:	1d 01 d3 1d 01 c2 00 03 00 00 01 a2 00 01 92 1d     ................
    1f72:	03 f3 1d 01 b2 1d 01 47 0a 05 f3 1d 01 8b 0b 04     .......G........
    1f82:	00 00 01 06 0a 01 b2 1d 03 f3 1d 01 b2 1d 01 a5     ................
    1f92:	01 20 00 00 03 00 00 01 e3 00 01 92 1d 03 f3 1d     . ..............
    1fa2:	01 d3 1d 01 c9 0a 07 00 00 01 40 00 01 51 15 09     ..........@..Q..
    1fb2:	f3 1d 01 ac 13 01 a5 01 01 92 1d 03 f3 1d 02 d3     ................
    1fc2:	1d 01 a8 0a 01 61 00 03 00 00 01 40 00 01 47 0a     .....a.....@..G.
    1fd2:	01 8f 14 01 d3 1d 01 b2 1d 01 85 01 01 00 00 01     ................
    1fe2:	a8 0a 01 d3 1d 03 f3 1d 01 10 15 0a 00 00 01 e9     ................
    1ff2:	0a 01 d3 1d 03 f3 1d 01 b3 1d 01 e3 00 01 00 00     ................
    2002:	01 27 0a 01 92 1d 04 f3 1d 01 92 1d 01 c9 0a 03     .'..............
    2012:	00 00 01 4a 0b 01 d3 1d 03 f3 1d 01 d3 1d 02 00     ...J............
    2022:	00 01 51 15 04 f3 1d 01 b2 1d 01 81 00 01 00 00     ..Q.............
    2032:	01 20 00 01 68 0a 01 b3 1d 04 f3 1d 01 f0 14 02     . ..h...........
    2042:	00 00 01 4b 0b 04 f3 1d 01 b2 1d 03 00 00 01 4a     ...K...........J
    2052:	0b 01 d3 1d 03 f3 1d 01 d3 1d 02 00 00 01 8b 0b     ................
    2062:	04 f3 1d 01 f0 14 04 00 00 01 44 01 01 92 15 03     ..........D.....
    2072:	f3 1d 01 92 1d 01 c6 09 01 51 15 04 f3 1d 01 b2     .........Q......
    2082:	1d 01 81 00 01 00 00 01 20 00 01 68 0a 01 b3 1d     ........ ..h....
    2092:	04 f3 1d 01 f0 14 21 00 00 03 00 00 01 c6 09 01     ......!.........
    20a2:	92 1d 03 f3 1d 01 92 1d 01 c6 09 08 00 00 01 e3     ................
    20b2:	00 01 92 1d 07 f3 1d 01 b2 1d 01 88 0a 01 40 00     ..............@.
    20c2:	01 b2 1d 04 f3 1d 01 b3 1d 01 31 15 01 0d 14 01     ..........1.....
    20d2:	0a 0b 01 4a 0b 01 0d 14 01 b3 1d 01 b2 1d 03 f3     ...J............
    20e2:	1d 01 2d 14 01 00 00 01 ac 13 04 f3 1d 01 ed 13     ..-.............
    20f2:	0a 00 00 01 4e 14 04 f3 1d 01 31 15 03 00 00 01     ....N.....1.....
    2102:	af 14 01 d3 1d 04 f3 1d 01 b2 1d 01 81 00 02 00     ................
    2112:	00 01 4e 14 04 f3 1d 01 10 15 02 00 00 01 4e 14     ..N...........N.
    2122:	04 f3 1d 02 d3 1d 01 11 15 01 d3 1d 01 b2 1d 04     ................
    2132:	f3 1d 01 b2 1d 01 85 01 02 00 00 01 6e 14 04 f3     ............n...
    2142:	1d 01 f0 14 03 00 00 01 4e 14 04 f3 1d 01 10 15     ........N.......
    2152:	02 00 00 01 f0 14 04 f3 1d 01 ac 13 04 00 00 01     ................
    2162:	64 01 01 92 15 03 f3 1d 01 92 15 01 64 01 01 4e     d...........d..N
    2172:	14 04 f3 1d 02 d3 1d 01 11 15 01 d3 1d 01 b2 1d     ................
    2182:	04 f3 1d 01 b2 1d 01 85 01 21 00 00 03 00 00 01     .........!......
    2192:	c9 0a 01 d3 1d 03 f3 1d 01 b2 1d 01 e3 00 09 00     ................
    21a2:	00 01 64 01 01 b2 1d 06 f3 1d 01 92 1d 01 c2 00     ..d.............
    21b2:	01 00 00 01 d0 14 0e f3 1d 01 b3 1d 01 a8 0a 01     ................
    21c2:	00 00 01 f0 14 03 f3 1d 01 d3 1d 01 88 0a 0a 00     ................
    21d2:	00 01 31 15 04 f3 1d 01 ac 13 03 00 00 01 03 01     ..1.............
    21e2:	01 b3 1d 04 f3 1d 01 d3 1d 01 0a 0b 02 00 00 01     ................
    21f2:	10 15 04 f3 1d 01 0d 14 02 00 00 01 27 0a 01 b3     ............'...
    2202:	1d 0b f3 1d 01 92 1d 01 2a 0b 03 00 00 01 72 15     ........*.....r.
    2212:	04 f3 1d 01 ac 13 03 00 00 01 10 15 04 f3 1d 01     ................
    2222:	0d 14 02 00 00 01 b3 1d 04 f3 1d 01 88 0a 04 00     ................
    2232:	00 01 64 01 01 92 15 03 f3 1d 01 92 1d 01 03 01     ..d.............
    2242:	01 27 0a 01 b3 1d 0b f3 1d 01 92 1d 01 2a 0b 22     .'...........*."
    2252:	00 00 03 00 00 01 0d 14 04 f3 1d 01 d3 1d 0b 00     ................
    2262:	00 01 47 0a 01 92 1d 05 f3 1d 01 51 15 02 00 00     ..G........Q....
    2272:	01 e3 00 01 92 1d 0c f3 1d 01 d3 1d 01 b2 1d 01     ................
    2282:	61 00 01 00 00 01 b2 1d 03 f3 1d 01 92 1d 01 64     a..............d
    2292:	01 0a 00 00 01 d3 1d 03 f3 1d 01 b2 1d 01 67 0a     ..............g.
    22a2:	04 00 00 01 2a 0b 01 b2 1d 04 f3 1d 01 f0 14 02     ....*...........
    22b2:	00 00 01 92 1d 03 f3 1d 01 b3 1d 01 c9 0a 03 00     ................
    22c2:	00 01 f0 14 01 d3 1d 09 f3 1d 01 b3 1d 01 2d 14     ..............-.
    22d2:	03 00 00 01 40 00 01 d3 1d 03 f3 1d 01 b2 1d 01     ....@...........
    22e2:	67 0a 03 00 00 01 92 1d 03 f3 1d 01 b3 1d 01 c9     g...............
    22f2:	0a 01 00 00 01 41 00 01 d3 1d 03 f3 1d 01 92 1d     .....A..........
    2302:	01 a5 01 04 00 00 01 27 0a 01 92 1d 03 f3 1d 01     .......'........
    2312:	b2 1d 01 a2 00 01 00 00 01 f0 14 01 d3 1d 09 f3     ................
    2322:	1d 01 b3 1d 01 2d 14 23 00 00 03 00 00 01 31 15     .....-.#......1.
    2332:	04 f3 1d 01 11 15 0c 00 00 01 2a 0b 01 92 1d 03     ..........*.....
    2342:	f3 1d 01 b2 1d 01 e9 0a 03 00 00 01 85 01 02 d3     ................
    2352:	1d 09 f3 1d 01 b3 1d 01 cf 14 01 a2 00 02 00 00     ................
    2362:	01 92 15 03 f3 1d 01 72 15 01 20 00 09 00 00 01     .......r.. .....
    2372:	41 00 01 d3 1d 03 f3 1d 01 92 1d 01 81 00 04 00     A...............
    2382:	00 01 40 00 01 71 15 03 f3 1d 01 d3 1d 01 cc 13     ..@..q..........
    2392:	02 00 00 01 92 1d 03 f3 1d 01 b2 1d 01 03 01 03     ................
    23a2:	00 00 01 03 01 01 92 1d 01 b3 1d 07 f3 1d 01 d3     ................
    23b2:	1d 01 0d 14 04 00 00 01 a2 00 01 b3 1d 03 f3 1d     ................
    23c2:	01 b3 1d 01 a2 00 03 00 00 01 92 1d 03 f3 1d 01     ................
    23d2:	b2 1d 01 03 01 01 00 00 01 61 00 01 b2 1d 03 f3     .........a......
    23e2:	1d 01 b2 1d 01 c2 00 04 00 00 01 c6 09 01 92 1d     ................
    23f2:	03 f3 1d 01 31 15 02 00 00 01 03 01 01 92 1d 01     ....1...........
    2402:	b3 1d 07 f3 1d 01 d3 1d 01 0d 14 24 00 00 02 00     ...........$....
    2412:	00 01 40 00 01 d3 1d 03 f3 1d 01 d3 1d 01 2a 0b     ..@...........*.
    2422:	0d 00 00 01 ed 13 01 b2 1d 01 f3 1d 01 b2 1d 01     ................
    2432:	cf 14 05 00 00 01 81 00 01 6b 0b 01 d3 1d 01 b3     .........k......
    2442:	1d 01 b2 1d 02 f3 1d 01 d3 1d 01 b2 1d 01 d3 1d     ................
    2452:	01 af 14 01 06 0a 04 00 00 01 0d 14 01 b3 1d 02     ................
    2462:	d3 1d 01 e6 09 0b 00 00 01 af 14 01 b2 1d 02 d3     ................
    2472:	1d 01 88 0a 06 00 00 01 a5 01 01 b3 1d 01 d3 1d     ................
    2482:	01 b2 1d 01 31 15 01 41 00 02 00 00 01 4b 0b 01     ....1..A.....K..
    2492:	b3 1d 01 d3 1d 01 b3 1d 01 6b 0b 05 00 00 01 61     .........k.....a
    24a2:	00 01 0d 14 01 d3 1d 01 b2 1d 02 f3 1d 01 b3 1d     ................
    24b2:	01 d3 1d 01 31 15 01 a5 01 06 00 00 01 d0 14 03     ....1...........
    24c2:	d3 1d 01 e9 0a 04 00 00 01 4b 0b 01 b3 1d 01 d3     .........K......
    24d2:	1d 01 b3 1d 01 6b 0b 03 00 00 01 4e 14 01 b3 1d     .....k.....N....
    24e2:	01 d3 1d 01 b3 1d 01 2a 0b 05 00 00 01 20 00 01     .......*..... ..
    24f2:	72 15 01 b3 1d 01 d3 1d 01 b2 1d 01 44 01 03 00     r...........D...
    2502:	00 01 61 00 01 0d 14 01 d3 1d 01 b2 1d 02 f3 1d     ..a.............
    2512:	01 b3 1d 01 d3 1d 01 31 15 01 a5 01 25 00 00 03     .......1....%...
    2522:	00 00 01 92 1d 03 f3 1d 01 b2 1d 01 a2 00 0e 00     ................
    2532:	00 01 e6 09 01 4a 0b 01 06 0a 01 41 00 07 00 00     .....J.....A....
    2542:	01 41 00 01 44 01 01 47 0a 01 2a 0b 01 4b 0b 01     .A..D..G..*..K..
    2552:	88 0a 01 c6 09 01 a2 00 07 00 00 01 68 0a 01 a8     ............h...
    2562:	0a 01 81 00 0c 00 00 01 40 00 01 07 0a 01 c9 0a     ........@.......
    2572:	01 a2 00 08 00 00 01 85 01 01 2a 0b 01 47 0a 05     ..........*..G..
    2582:	00 00 01 a5 01 01 e9 0a 01 03 01 08 00 00 01 03     ................
    2592:	01 01 07 0a 02 2a 0b 01 68 0a 01 03 01 09 00 00     .....*..h.......
    25a2:	01 a5 01 01 2a 0b 01 a5 01 06 00 00 01 a5 01 01     ....*...........
    25b2:	e9 0a 01 03 01 04 00 00 01 20 00 01 e6 09 01 e9     ......... ......
    25c2:	0a 01 03 01 07 00 00 01 61 00 01 68 0a 01 e9 0a     ........a..h....
    25d2:	01 a2 00 06 00 00 01 03 01 01 07 0a 02 2a 0b 01     .............*..
    25e2:	68 0a 01 03 01 27 00 00 03 00 00 01 0a 0b 01 b2     h....'..........
    25f2:	1d 01 f3 1d 01 b3 1d 01 e9 0a b8 00 00 04 00 00     ................
    2602:	01 06 0a 01 2a 0b 01 e6 09 b9 00 00 c0 00 00 00     ....*...........
	...

00002614 <nerkia_rle>:
    2614:	72 00 72 00 72 00 72 00 58 00 05 01 15 00 55 00     r.r.r.r.X.....U.
    2624:	0d 01 10 00 52 00 12 01 0e 00 50 00 16 01 0c 00     ....R.....P.....
    2634:	4d 00 1b 01 0a 00 4c 00 1d 01 09 00 4a 00 20 01     M.....L.....J. .
    2644:	08 00 49 00 22 01 07 00 47 00 25 01 06 00 46 00     ..I."...G.%...F.
    2654:	26 01 06 00 44 00 14 01 07 00 0e 01 05 00 43 00     &...D.........C.
    2664:	12 01 0c 00 0c 01 05 00 42 00 10 01 11 00 0b 01     ........B.......
    2674:	04 00 41 00 10 01 12 00 0b 01 04 00 40 00 0f 01     ..A.........@...
    2684:	15 00 0b 01 03 00 3f 00 0f 01 17 00 0a 01 03 00     ......?.........
    2694:	3e 00 0e 01 19 00 0a 01 03 00 3e 00 0d 01 1b 00     >.........>.....
    26a4:	09 01 03 00 3d 00 0d 01 1c 00 09 01 03 00 3d 00     ....=.........=.
    26b4:	0c 01 1d 00 0a 01 02 00 3d 00 0b 01 1e 00 0a 01     ........=.......
    26c4:	02 00 3c 00 0b 01 1f 00 0a 01 02 00 3b 00 0b 01     ..<.........;...
    26d4:	21 00 09 01 02 00 3b 00 0b 01 21 00 09 01 02 00     !.....;...!.....
    26e4:	3b 00 0a 01 22 00 09 01 02 00 3b 00 0a 01 21 00     ;...".....;...!.
    26f4:	0a 01 02 00 3b 00 09 01 22 00 0a 01 02 00 3b 00     ....;...".....;.
    2704:	09 01 23 00 09 01 02 00 3b 00 0a 01 22 00 09 01     ..#.....;..."...
    2714:	02 00 3b 00 0a 01 22 00 08 01 03 00 3b 00 09 01     ..;...".....;...
    2724:	22 00 09 01 03 00 3b 00 0a 01 21 00 09 01 03 00     ".....;...!.....
    2734:	3b 00 0a 01 21 00 09 01 03 00 3b 00 0a 01 21 00     ;...!.....;...!.
    2744:	09 01 03 00 3b 00 0b 01 20 00 08 01 04 00 3c 00     ....;... .....<.
    2754:	0a 01 1f 00 09 01 04 00 3c 00 0a 01 1e 00 0a 01     ........<.......
    2764:	04 00 3c 00 0b 01 1d 00 0a 01 04 00 3c 00 0d 01     ..<.........<...
    2774:	1b 00 0a 01 04 00 3b 00 0f 01 19 00 0a 01 05 00     ......;.........
    2784:	3a 00 12 01 17 00 0a 01 05 00 39 00 16 01 13 00     :.........9.....
    2794:	0b 01 05 00 38 00 1c 01 0d 00 0b 01 06 00 37 00     ....8.........7.
    27a4:	35 01 06 00 36 00 36 01 06 00 35 00 36 01 07 00     5...6.6...5.6...
    27b4:	34 00 0d 01 02 00 28 01 07 00 34 00 0d 01 04 00     4.....(...4.....
    27c4:	25 01 08 00 33 00 0d 01 07 00 22 01 09 00 32 00     %...3....."...2.
    27d4:	0d 01 0a 00 1f 01 0a 00 31 00 0d 01 0d 00 1c 01     ........1.......
    27e4:	0b 00 31 00 0c 01 12 00 17 01 0c 00 30 00 0c 01     ..1.........0...
    27f4:	17 00 12 01 0d 00 2f 00 0c 01 19 00 0c 01 12 00     ....../.........
    2804:	2f 00 0b 01 19 00 0b 01 14 00 2e 00 0c 01 18 00     /...............
    2814:	0c 01 14 00 2e 00 0b 01 18 00 0c 01 15 00 2d 00     ..............-.
    2824:	0b 01 18 00 0d 01 15 00 2c 00 0c 01 18 00 0c 01     ........,.......
    2834:	16 00 2c 00 0b 01 18 00 0c 01 17 00 2b 00 0c 01     ..,.........+...
    2844:	17 00 0c 01 18 00 2b 00 0b 01 17 00 0d 01 18 00     ......+.........
    2854:	2a 00 0c 01 16 00 0d 01 19 00 2a 00 0b 01 17 00     *.........*.....
    2864:	0c 01 1a 00 2a 00 0a 01 17 00 0c 01 1b 00 29 00     ....*.........).
    2874:	0b 01 16 00 0c 01 1c 00 29 00 0a 01 17 00 0c 01     ........).......
    2884:	1c 00 28 00 0b 01 16 00 0c 01 1d 00 28 00 0a 01     ..(.........(...
    2894:	17 00 0c 01 1d 00 27 00 0b 01 17 00 0b 01 1e 00     ......'.........
    28a4:	27 00 0a 01 17 00 0b 01 1f 00 27 00 0a 01 16 00     '.........'.....
    28b4:	0c 01 1f 00 27 00 09 01 17 00 0b 01 20 00 26 00     ....'....... .&.
    28c4:	0a 01 17 00 0b 01 20 00 26 00 0a 01 16 00 0b 01     ...... .&.......
    28d4:	21 00 25 00 0b 01 16 00 0b 01 21 00 25 00 0b 01     !.%.......!.%...
    28e4:	15 00 0b 01 22 00 25 00 0a 01 16 00 0b 01 22 00     ....".%.......".
    28f4:	24 00 0b 01 16 00 0a 01 23 00 24 00 0a 01 17 00     $.......#.$.....
    2904:	0a 01 23 00 24 00 0a 01 17 00 0a 01 23 00 24 00     ..#.$.......#.$.
    2914:	0a 01 16 00 0b 01 23 00 24 00 0a 01 16 00 0b 01     ......#.$.......
    2924:	23 00 23 00 0b 01 16 00 0a 01 24 00 23 00 0a 01     #.#.......$.#...
    2934:	17 00 0a 01 24 00 23 00 0a 01 17 00 0a 01 24 00     ....$.#.......$.
    2944:	23 00 0a 01 17 00 0a 01 24 00 23 00 0a 01 16 00     #.......$.#.....
    2954:	0b 01 24 00 22 00 0b 01 16 00 0a 01 25 00 22 00     ..$.".......%.".
    2964:	0b 01 16 00 09 01 26 00 23 00 09 01 17 00 0a 01     ......&.#.......
    2974:	25 00 23 00 09 01 16 00 0a 01 26 00 23 00 0a 01     %.#.......&.#...
    2984:	15 00 0a 01 26 00 22 00 0a 01 16 00 09 01 27 00     ....&.".......'.
    2994:	22 00 0a 01 16 00 09 01 27 00 22 00 0a 01 15 00     ".......'.".....
    29a4:	0a 01 27 00 22 00 0a 01 15 00 0a 01 27 00 23 00     ..'.".......'.#.
    29b4:	09 01 15 00 0a 01 27 00 22 00 0a 01 15 00 09 01     ......'.".......
    29c4:	28 00 22 00 0a 01 15 00 09 01 28 00 22 00 0a 01     (.".......(."...
    29d4:	15 00 09 01 28 00 23 00 09 01 15 00 09 01 28 00     ....(.#.......(.
    29e4:	22 00 0a 01 14 00 0a 01 28 00 22 00 0a 01 14 00     ".......(.".....
    29f4:	0a 01 28 00 20 00 0d 01 13 00 0a 01 28 00 1d 00     ..(. .......(...
    2a04:	11 01 12 00 0a 01 28 00 1a 00 14 01 12 00 0a 01     ......(.........
    2a14:	28 00 17 00 17 01 12 00 0a 01 28 00 15 00 19 01     (.........(.....
    2a24:	11 00 0b 01 28 00 13 00 1b 01 11 00 0a 01 29 00     ....(.........).
    2a34:	11 00 1c 01 13 00 09 01 29 00 0f 00 1d 01 14 00     ........).......
    2a44:	09 01 29 00 0e 00 1c 01 16 00 09 01 29 00 0c 00     ..).........)...
    2a54:	17 01 1c 00 0a 01 29 00 0c 00 14 01 1f 00 0a 01     ......).........
    2a64:	29 00 0b 00 12 01 23 00 09 01 29 00 0a 00 11 01     ).....#...).....
    2a74:	25 00 09 01 29 00 08 00 10 01 27 00 0a 01 29 00     %...).....'...).
    2a84:	08 00 0f 01 28 00 0a 01 29 00 07 00 0e 01 2b 00     ....(...).....+.
    2a94:	09 01 29 00 07 00 0d 01 2c 00 09 01 29 00 06 00     ..).....,...)...
    2aa4:	0c 01 2e 00 09 01 29 00 05 00 0d 01 2e 00 09 01     ......).........
    2ab4:	29 00 05 00 0c 01 2f 00 0a 01 28 00 04 00 0c 01     )...../...(.....
    2ac4:	30 00 0a 01 28 00 04 00 0b 01 31 00 0a 01 28 00     0...(.....1...(.
    2ad4:	04 00 0b 01 31 00 0a 01 28 00 04 00 0a 01 32 00     ....1...(.....2.
    2ae4:	0a 01 28 00 04 00 0a 01 33 00 09 01 28 00 04 00     ..(.....3...(...
    2af4:	09 01 34 00 09 01 28 00 03 00 0b 01 1c 00 01 01     ..4...(.........
    2b04:	16 00 0a 01 27 00 04 00 0a 01 19 00 06 01 14 00     ....'...........
    2b14:	09 01 28 00 04 00 0b 01 17 00 08 01 13 00 09 01     ..(.............
    2b24:	28 00 04 00 0b 01 15 00 0a 01 14 00 08 01 28 00     (.............(.
    2b34:	04 00 0c 01 13 00 0c 01 13 00 07 01 29 00 04 00     ............)...
    2b44:	0d 01 12 00 0c 01 14 00 04 01 2b 00 05 00 0e 01     ..........+.....
    2b54:	0f 00 0d 01 43 00 05 00 10 01 0c 00 0d 01 44 00     ....C.........D.
    2b64:	06 00 12 01 08 00 0e 01 44 00 07 00 13 01 02 00     ........D.......
    2b74:	01 01 02 00 0d 01 46 00 08 00 23 01 47 00 09 00     ......F...#.G...
    2b84:	21 01 48 00 0a 00 1f 01 49 00 0b 00 1d 01 4a 00     !.H.....I.....J.
    2b94:	0d 00 1b 01 4a 00 0e 00 1a 01 4a 00 11 00 17 01     ....J.....J.....
    2ba4:	4a 00 12 00 16 01 4a 00 17 00 10 01 4b 00 1d 00     J.....J.....K...
    2bb4:	0b 01 4a 00 1e 00 0a 01 4a 00 1e 00 0a 01 4a 00     ..J.....J.....J.
    2bc4:	1e 00 0b 01 49 00 1f 00 0a 01 23 00 06 01 20 00     ....I.....#... .
    2bd4:	1f 00 0b 01 21 00 08 01 1f 00 20 00 0a 01 20 00     ....!..... ... .
    2be4:	09 01 1f 00 20 00 0b 01 1f 00 0a 01 1e 00 20 00     .... ......... .
    2bf4:	0c 01 1e 00 0b 01 1d 00 21 00 0b 01 1e 00 0b 01     ........!.......
    2c04:	1d 00 21 00 0d 01 1d 00 0a 01 1d 00 22 00 0d 01     ..!........."...
    2c14:	1c 00 0b 01 1c 00 23 00 0e 01 1b 00 0a 01 1c 00     ......#.........
    2c24:	24 00 0e 01 19 00 0a 01 1d 00 24 00 11 01 15 00     $.........$.....
    2c34:	0c 01 1c 00 26 00 12 01 11 00 0c 01 1d 00 26 00     ....&.........&.
    2c44:	17 01 08 00 10 01 1d 00 27 00 2e 01 1d 00 29 00     ........'.....).
    2c54:	2b 01 1e 00 2a 00 29 01 1f 00 2b 00 28 01 1f 00     +...*.)...+.(...
    2c64:	2c 00 26 01 20 00 2f 00 21 01 22 00 31 00 1e 01     ,.&. ./.!.".1...
    2c74:	23 00 34 00 19 01 25 00 39 00 11 01 28 00 3f 00     #.4...%.9...(.?.
    2c84:	02 01 01 00 03 01 01 00 01 01 2b 00 72 00 72 00     ..........+.r.r.
	...

00002c96 <logo_mini_rle>:
    2c96:	6e 00 00 01 00 00 01 41 08 12 00 00 01 20 00 57     n......A..... .W
    2ca6:	00 00 01 41 08 01 00 00 02 00 00 01 55 ad 01 38     ...A........U..8
    2cb6:	c6 0e 18 c6 01 38 c6 01 96 b5 01 00 00 01 41 08     .....8........A.
    2cc6:	1d 00 00 01 f7 bd 36 18 c6 01 38 c6 01 55 ad 02     ......6...8..U..
    2cd6:	00 00 02 00 00 01 3c e7 11 ff ff 01 d7 bd 1d 00     ......<.........
    2ce6:	00 01 79 ce 38 ff ff 01 3c e7 02 00 00 02 00 00     ..y.8...<.......
    2cf6:	01 1c e7 11 ff ff 01 fb de 02 00 00 01 20 00 17     ............. ..
    2d06:	00 00 01 20 00 01 00 00 01 45 29 01 9e f7 38 ff     ... .....E)...8.
    2d16:	ff 01 1c e7 02 00 00 02 00 00 01 1c e7 12 ff ff     ................
    2d26:	01 9a d6 01 86 31 19 00 00 01 8a 52 01 1c e7 39     .....1.....R...9
    2d36:	ff ff 01 1c e7 02 00 00 02 00 00 01 1c e7 13 ff     ................
    2d46:	ff 01 ef 7b 19 00 00 01 34 a5 3a ff ff 01 1c e7     ...{....4.:.....
    2d56:	02 00 00 02 00 00 01 1c e7 13 ff ff 01 5d ef 01     .............]..
    2d66:	86 31 17 00 00 01 0c 63 01 9e f7 3a ff ff 01 1c     .1.....c...:....
    2d76:	e7 02 00 00 02 00 00 01 1c e7 14 ff ff 01 5d ef     ..............].
    2d86:	01 28 42 15 00 00 01 0c 63 01 be f7 3b ff ff 01     .(B.....c...;...
    2d96:	1c e7 02 00 00 02 00 00 01 1c e7 15 ff ff 01 9a     ................
    2da6:	d6 01 00 00 01 41 08 11 00 00 01 41 08 01 00 00     .....A.....A....
    2db6:	01 5d ef 3c ff ff 01 1c e7 02 00 00 02 00 00 01     .].<............
    2dc6:	1c e7 15 ff ff 01 9e f7 01 ae 73 01 00 00 01 20     ..........s.... 
    2dd6:	00 0f 00 00 01 20 00 01 00 00 01 92 94 01 df ff     ..... ..........
    2de6:	3c ff ff 01 1c e7 02 00 00 02 00 00 01 1c e7 16     <...............
    2df6:	ff ff 01 be f7 01 2c 63 11 00 00 01 51 8c 3e ff     ......,c....Q.>.
    2e06:	ff 01 1c e7 02 00 00 02 00 00 01 1c e7 17 ff ff     ................
    2e16:	01 d3 9c 11 00 00 01 d7 bd 3e ff ff 01 1c e7 02     .........>......
    2e26:	00 00 02 00 00 01 1c e7 18 ff ff 01 d3 9c 0f 00     ................
    2e36:	00 01 96 b5 3f ff ff 01 1c e7 02 00 00 02 00 00     ....?...........
    2e46:	01 1c e7 18 ff ff 01 9e f7 01 00 00 01 20 00 0d     ............. ..
    2e56:	00 00 40 ff ff 01 1c e7 02 00 00 02 00 00 01 1c     ..@.............
    2e66:	e7 19 ff ff 01 d7 bd 0d 00 00 01 79 ce 40 ff ff     ...........y.@..
    2e76:	01 1c e7 02 00 00 02 00 00 01 1c e7 1a ff ff 01     ................
    2e86:	d7 bd 0a 00 00 01 61 08 01 79 ce 41 ff ff 01 1c     ......a..y.A....
    2e96:	e7 02 00 00 02 00 00 01 1c e7 1b ff ff 01 ae 73     ...............s
    2ea6:	07 00 00 01 20 00 01 00 00 01 f3 9c 42 ff ff 01     .... .......B...
    2eb6:	1c e7 02 00 00 02 00 00 01 1c e7 1b ff ff 01 9a     ................
    2ec6:	d6 08 00 00 01 a6 31 01 1c e7 42 ff ff 01 1c e7     ......1...B.....
    2ed6:	02 00 00 02 00 00 01 1c e7 1c ff ff 01 ba d6 07     ................
    2ee6:	00 00 01 3c e7 43 ff ff 01 1c e7 02 00 00 02 00     ...<.C..........
    2ef6:	00 01 1c e7 1c ff ff 01 be f7 01 e7 39 01 00 00     ............9...
    2f06:	01 20 00 01 00 00 01 41 08 01 00 00 01 0c 63 1c     . .....A......c.
    2f16:	ff ff 01 5d ef 01 24 21 25 08 42 01 28 42 01 c7     ...]..$!%.B.(B..
    2f26:	39 02 00 00 02 00 00 01 1c e7 1d ff ff 01 5d ef     9.............].
    2f36:	01 cb 5a 01 00 00 01 41 08 01 00 00 01 4d 6b 01     ..Z....A.....Mk.
    2f46:	be f7 1c ff ff 01 5d ef 2a 00 00 02 00 00 01 1c     ......].*.......
    2f56:	e7 1e ff ff 01 75 ad 02 00 00 01 ae 73 01 9e f7     .....u......s...
    2f66:	1d ff ff 01 5d ef 2a 00 00 02 00 00 01 1c e7 1e     ....].*.........
    2f76:	ff ff 01 be f7 01 6d 6b 01 00 00 01 55 ad 1e ff     ......mk....U...
    2f86:	ff 01 5d ef 2a 00 00 02 00 00 01 1c e7 1f ff ff     ..].*...........
    2f96:	01 df ff 01 b2 94 1f ff ff 01 5d ef 2a 00 00 02     ..........].*...
    2fa6:	00 00 01 1c e7 40 ff ff 01 5d ef 2a 00 00 02 00     .....@...].*....
    2fb6:	00 01 1c e7 40 ff ff 01 5d ef 2a 00 00 02 00 00     ....@...].*.....
    2fc6:	01 1c e7 40 ff ff 01 5d ef 2a 00 00 02 00 00 01     ...@...].*......
    2fd6:	1c e7 40 ff ff 01 5d ef 09 00 00 01 20 00 1e 00     ..@...]..... ...
    2fe6:	00 01 20 00 01 00 00 02 00 00 01 1c e7 40 ff ff     .. ..........@..
    2ff6:	01 5d ef 0a 00 00 01 b2 94 1c 14 a5 01 71 8c 02     .]...........q..
    3006:	00 00 02 00 00 01 1c e7 40 ff ff 01 5d ef 0a 00     ........@...]...
    3016:	00 01 9e f7 1c ff ff 01 3c e7 02 00 00 02 00 00     ........<.......
    3026:	01 1c e7 10 ff ff 01 14 a5 1e ff ff 02 f3 9c 0f     ................
    3036:	ff ff 01 5d ef 0a 00 00 01 7d ef 1c ff ff 01 1c     ...].....}......
    3046:	e7 02 00 00 02 00 00 01 1c e7 10 ff ff 01 61 08     ..............a.
    3056:	01 b2 94 1c ff ff 01 df ff 01 cb 5a 01 2c 63 0f     ...........Z.,c.
    3066:	ff ff 01 5d ef 0a 00 00 01 7d ef 1c ff ff 01 1c     ...].....}......
    3076:	e7 02 00 00 02 00 00 01 1c e7 10 ff ff 01 08 42     ...............B
    3086:	01 00 00 01 f3 9c 01 df ff 19 ff ff 01 be f7 01     ................
    3096:	10 84 01 00 00 01 ae 73 0f ff ff 01 5d ef 0a 00     .......s....]...
    30a6:	00 01 7d ef 1c ff ff 01 1c e7 02 00 00 02 00 00     ..}.............
    30b6:	01 1c e7 10 ff ff 01 08 42 02 00 00 01 3c e7 19     ........B....<..
    30c6:	ff ff 01 79 ce 02 00 00 01 ae 73 0f ff ff 01 5d     ...y......s....]
    30d6:	ef 0a 00 00 01 7d ef 1c ff ff 01 1c e7 02 00 00     .....}..........
    30e6:	02 00 00 01 1c e7 10 ff ff 01 08 42 02 00 00 01     ...........B....
    30f6:	8e 73 01 df ff 17 ff ff 01 7d ef 01 cb 5a 02 00     .s.......}...Z..
    3106:	00 01 ae 73 0f ff ff 01 5d ef 0a 00 00 01 7d ef     ...s....].....}.
    3116:	1c ff ff 01 1c e7 02 00 00 02 00 00 01 1c e7 10     ................
    3126:	ff ff 01 08 42 03 00 00 01 6d 6b 01 be f7 15 ff     ....B....mk.....
    3136:	ff 01 7d ef 01 08 42 01 00 00 01 20 00 01 00 00     ..}...B.... ....
    3146:	01 ae 73 0f ff ff 01 5d ef 0a 00 00 01 7d ef 1c     ..s....].....}..
    3156:	ff ff 01 1c e7 02 00 00 02 00 00 01 1c e7 10 ff     ................
    3166:	ff 01 08 42 04 00 00 01 14 a5 15 ff ff 01 ae 73     ...B...........s
    3176:	04 00 00 01 ae 73 0f ff ff 01 5d ef 0a 00 00 01     .....s....].....
    3186:	7d ef 1c ff ff 01 1c e7 02 00 00 02 00 00 01 1c     }...............
    3196:	e7 10 ff ff 01 08 42 04 00 00 01 cb 5a 01 3c e7     ......B.....Z.<.
    31a6:	13 ff ff 01 db de 01 e7 39 04 00 00 01 ae 73 0f     ........9.....s.
    31b6:	ff ff 01 5d ef 0a 00 00 01 7d ef 1c ff ff 01 1c     ...].....}......
    31c6:	e7 02 00 00 02 00 00 01 1c e7 10 ff ff 01 08 42     ...............B
    31d6:	03 00 00 01 20 00 01 00 00 01 08 42 01 7d ef 11     .... ......B.}..
    31e6:	ff ff 01 db de 01 41 08 01 00 00 01 20 00 03 00     ......A..... ...
    31f6:	00 01 ae 73 0f ff ff 01 5d ef 0a 00 00 01 7d ef     ...s....].....}.
    3206:	1c ff ff 01 1c e7 02 00 00 02 00 00 01 1c e7 10     ................
    3216:	ff ff 01 08 42 04 00 00 01 20 00 01 00 00 01 9a     ....B.... ......
    3226:	d6 10 ff ff 01 9e f7 02 00 00 01 20 00 04 00 00     ........... ....
    3236:	01 ae 73 0f ff ff 01 5d ef 0a 00 00 01 7d ef 1c     ..s....].....}..
    3246:	ff ff 01 1c e7 02 00 00 02 00 00 01 1c e7 10 ff     ................
    3256:	ff 01 08 42 07 00 00 01 ba d6 0f ff ff 01 18 c6     ...B............
    3266:	07 00 00 01 ae 73 0f ff ff 01 5d ef 0a 00 00 01     .....s....].....
    3276:	7d ef 1c ff ff 01 1c e7 02 00 00 02 00 00 01 1c     }...............
    3286:	e7 10 ff ff 01 08 42 08 00 00 01 9a d6 0d ff ff     ......B.........
    3296:	01 f7 bd 08 00 00 01 ae 73 0f ff ff 01 5d ef 0a     ........s....]..
    32a6:	00 00 01 7d ef 1c ff ff 01 1c e7 02 00 00 02 00     ...}............
    32b6:	00 01 1c e7 10 ff ff 01 08 42 08 00 00 01 b2 94     .........B......
    32c6:	0d ff ff 01 6d 6b 08 00 00 01 ae 73 0f ff ff 01     ....mk.....s....
    32d6:	5d ef 0a 00 00 01 7d ef 1c ff ff 01 1c e7 02 00     ].....}.........
    32e6:	00 02 00 00 01 1c e7 10 ff ff 01 08 42 09 00 00     ............B...
    32f6:	01 d7 bd 0b ff ff 01 14 a5 09 00 00 01 ae 73 0f     ..............s.
    3306:	ff ff 01 5d ef 0a 00 00 01 7d ef 1c ff ff 01 1c     ...].....}......
    3316:	e7 02 00 00 02 00 00 01 1c e7 10 ff ff 01 08 42     ...............B
    3326:	0a 00 00 01 5d ef 09 ff ff 01 34 a5 0a 00 00 01     ....].....4.....
    3336:	ae 73 0f ff ff 01 5d ef 0a 00 00 01 9e f7 1c ff     .s....].........
    3346:	ff 01 3c e7 02 00 00 02 00 00 01 1c e7 10 ff ff     ..<.............
    3356:	01 08 42 0a 00 00 01 d3 9c 08 ff ff 01 7d ef 01     ..B..........}..
    3366:	00 00 01 41 08 09 00 00 01 ae 73 0f ff ff 01 5d     ...A......s....]
    3376:	ef 0a 00 00 01 f3 9c 01 75 ad 1a 55 ad 01 75 ad     ........u..U..u.
    3386:	01 b2 94 02 00 00 02 00 00 01 1c e7 10 ff ff 01     ................
    3396:	08 42 09 00 00 01 20 00 01 00 00 01 b2 94 07 ff     .B.... .........
    33a6:	ff 01 cf 7b 0b 00 00 01 ae 73 0f ff ff 01 5d ef     ...{.....s....].
    33b6:	09 00 00 01 20 00 1e 00 00 01 20 00 01 00 00 02     .... ..... .....
    33c6:	00 00 01 1c e7 10 ff ff 01 08 42 0c 00 00 01 55     ..........B....U
    33d6:	ad 05 ff ff 01 30 84 0c 00 00 01 ae 73 0f ff ff     .....0......s...
    33e6:	01 5d ef 2a 00 00 02 00 00 01 1c e7 10 ff ff 01     .].*............
    33f6:	08 42 0c 00 00 01 cf 7b 01 be f7 03 ff ff 01 5d     .B.....{.......]
    3406:	ef 01 cb 5a 0c 00 00 01 ae 73 0f ff ff 01 5d ef     ...Z.....s....].
    3416:	2a 00 00 02 00 00 01 1c e7 10 ff ff 01 08 42 0b     *.............B.
    3426:	00 00 01 41 08 01 00 00 01 ae 73 01 be f7 01 ff     ...A......s.....
    3436:	ff 01 7d ef 01 aa 52 01 00 00 01 20 00 0b 00 00     ..}...R.... ....
    3446:	01 ae 73 0f ff ff 01 5d ef 2a 00 00 02 00 00 01     ..s....].*......
    3456:	1c e7 10 ff ff 01 08 42 0c 00 00 01 41 08 01 00     .......B....A...
    3466:	00 01 3c e7 01 9e f7 01 69 4a 01 00 00 01 41 08     ..<.....iJ....A.
    3476:	0c 00 00 01 ae 73 0f ff ff 01 5d ef 2a 00 00 02     .....s....].*...
    3486:	00 00 01 1c e7 10 ff ff 01 08 42 0e 00 00 01 65     ..........B....e
    3496:	29 01 45 29 01 00 00 01 20 00 0d 00 00 01 ae 73     ).E).... ......s
    34a6:	0f ff ff 01 5d ef 2a 00 00 02 00 00 01 1c e7 10     ....].*.........
    34b6:	ff ff 01 08 42 1f 00 00 01 ae 73 0f ff ff 01 5d     ....B.....s....]
    34c6:	ef 2a 00 00 02 00 00 01 1c e7 10 ff ff 01 08 42     .*.............B
    34d6:	1f 00 00 01 ae 73 0f ff ff 01 5d ef 2a 00 00 02     .....s....].*...
    34e6:	00 00 01 1c e7 10 ff ff 01 08 42 1f 00 00 01 ae     ..........B.....
    34f6:	73 0f ff ff 01 5d ef 2a 00 00 02 00 00 01 1c e7     s....].*........
    3506:	10 ff ff 01 08 42 1f 00 00 01 ae 73 0f ff ff 01     .....B.....s....
    3516:	5d ef 0a 00 00 01 6d 6b 01 cf 7b 1a ae 73 01 cf     ].....mk..{..s..
    3526:	7b 01 4d 6b 02 00 00 02 00 00 01 1c e7 10 ff ff     {.Mk............
    3536:	01 08 42 1f 00 00 01 ae 73 0f ff ff 01 5d ef 0a     ..B.....s....]..
    3546:	00 00 01 9e f7 1c ff ff 01 3c e7 02 00 00 02 00     .........<......
    3556:	00 01 1c e7 10 ff ff 01 08 42 1f 00 00 01 ae 73     .........B.....s
    3566:	0f ff ff 01 5d ef 0a 00 00 01 7d ef 1c ff ff 01     ....].....}.....
    3576:	1c e7 02 00 00 02 00 00 01 1c e7 10 ff ff 01 08     ................
    3586:	42 1f 00 00 01 ae 73 0f ff ff 01 5d ef 0a 00 00     B.....s....]....
    3596:	01 7d ef 1c ff ff 01 1c e7 02 00 00 02 00 00 01     .}..............
    35a6:	1c e7 10 ff ff 01 08 42 1f 00 00 01 ae 73 0f ff     .......B.....s..
    35b6:	ff 01 5d ef 0a 00 00 01 7d ef 1c ff ff 01 1c e7     ..].....}.......
    35c6:	02 00 00 02 00 00 01 1c e7 10 ff ff 01 08 42 1f     ..............B.
    35d6:	00 00 01 ae 73 0f ff ff 01 5d ef 0a 00 00 01 7d     ....s....].....}
    35e6:	ef 1c ff ff 01 1c e7 02 00 00 02 00 00 01 1c e7     ................
    35f6:	10 ff ff 01 08 42 1f 00 00 01 ae 73 0f ff ff 01     .....B.....s....
    3606:	5d ef 0a 00 00 01 7d ef 1c ff ff 01 1c e7 02 00     ].....}.........
    3616:	00 02 00 00 01 1c e7 10 ff ff 01 08 42 1f 00 00     ............B...
    3626:	01 ae 73 0f ff ff 01 5d ef 0a 00 00 01 7d ef 1c     ..s....].....}..
    3636:	ff ff 01 1c e7 02 00 00 02 00 00 01 1c e7 10 ff     ................
    3646:	ff 01 08 42 1f 00 00 01 ae 73 0f ff ff 01 5d ef     ...B.....s....].
    3656:	0a 00 00 01 7d ef 1c ff ff 01 1c e7 02 00 00 02     ....}...........
    3666:	00 00 01 1c e7 10 ff ff 01 08 42 1f 00 00 01 ae     ..........B.....
    3676:	73 0f ff ff 01 5d ef 0a 00 00 01 7d ef 1c ff ff     s....].....}....
    3686:	01 1c e7 02 00 00 02 00 00 01 1c e7 10 ff ff 01     ................
    3696:	08 42 1f 00 00 01 ae 73 0f ff ff 01 5d ef 0a 00     .B.....s....]...
    36a6:	00 01 7d ef 1c ff ff 01 1c e7 02 00 00 02 00 00     ..}.............
    36b6:	01 1c e7 10 ff ff 01 08 42 1f 00 00 01 ae 73 0f     ........B.....s.
    36c6:	ff ff 01 5d ef 0a 00 00 01 7d ef 1c ff ff 01 1c     ...].....}......
    36d6:	e7 02 00 00 02 00 00 01 1c e7 10 ff ff 01 08 42     ...............B
    36e6:	1f 00 00 01 ae 73 0f ff ff 01 5d ef 0a 00 00 01     .....s....].....
    36f6:	7d ef 1c ff ff 01 1c e7 02 00 00 02 00 00 01 1c     }...............
    3706:	e7 10 ff ff 01 08 42 1f 00 00 01 ae 73 0f ff ff     ......B.....s...
    3716:	01 5d ef 0a 00 00 01 7d ef 1c ff ff 01 1c e7 02     .].....}........
    3726:	00 00 02 00 00 01 1c e7 10 ff ff 01 08 42 1f 00     .............B..
    3736:	00 01 ae 73 0f ff ff 01 5d ef 0a 00 00 01 7d ef     ...s....].....}.
    3746:	1c ff ff 01 1c e7 02 00 00 02 00 00 01 1c e7 10     ................
    3756:	ff ff 01 08 42 1f 00 00 01 ae 73 0f ff ff 01 5d     ....B.....s....]
    3766:	ef 0a 00 00 01 9e f7 1c ff ff 01 3c e7 02 00 00     ...........<....
    3776:	02 00 00 01 1c e7 10 ff ff 01 08 42 1f 00 00 01     ...........B....
    3786:	ae 73 0f ff ff 01 5d ef 0a 00 00 01 ba d6 01 5d     .s....]........]
    3796:	ef 1a 3c e7 01 5d ef 01 79 ce 02 00 00 02 00 00     ..<..]..y.......
    37a6:	01 1c e7 10 ff ff 01 08 42 07 00 00 01 41 08 0f     ........B....A..
    37b6:	00 00 01 20 00 07 00 00 01 ae 73 0f ff ff 01 5d     ... ......s....]
    37c6:	ef 28 00 00 01 20 00 01 00 00 02 00 00 01 1c e7     .(... ..........
    37d6:	10 ff ff 01 08 42 08 00 00 01 10 84 01 ba d6 0b     .....B..........
    37e6:	9a d6 01 ba d6 01 0c 63 08 00 00 01 ae 73 0f ff     .......c.....s..
    37f6:	ff 01 5d ef 2a 00 00 02 00 00 01 1c e7 10 ff ff     ..].*...........
    3806:	01 08 42 08 00 00 01 34 a5 0d ff ff 01 ef 7b 08     ..B....4......{.
    3816:	00 00 01 ae 73 0f ff ff 01 5d ef 2a 00 00 02 00     ....s....].*....
    3826:	00 01 1c e7 10 ff ff 01 08 42 08 00 00 01 14 a5     .........B......
    3836:	0d ff ff 01 cf 7b 08 00 00 01 ae 73 0f ff ff 01     .....{.....s....
    3846:	5d ef 2a 00 00 02 00 00 01 1c e7 10 ff ff 01 08     ].*.............
    3856:	42 08 00 00 01 14 a5 0d ff ff 01 cf 7b 08 00 00     B...........{...
    3866:	01 ae 73 0f ff ff 01 5d ef 2a 00 00 02 00 00 01     ..s....].*......
    3876:	1c e7 10 ff ff 01 08 42 08 00 00 01 14 a5 0d ff     .......B........
    3886:	ff 01 cf 7b 08 00 00 01 ae 73 0f ff ff 01 5d ef     ...{.....s....].
    3896:	2a 00 00 02 00 00 01 1c e7 10 ff ff 01 08 42 08     *.............B.
    38a6:	00 00 01 14 a5 0d ff ff 01 cf 7b 08 00 00 01 ae     ..........{.....
    38b6:	73 0f ff ff 01 5d ef 2a 00 00 02 00 00 01 1c e7     s....].*........
    38c6:	10 ff ff 01 08 42 08 00 00 01 14 a5 0d ff ff 01     .....B..........
    38d6:	cf 7b 08 00 00 01 ae 73 0f ff ff 01 5d ef 2a 00     .{.....s....].*.
    38e6:	00 02 00 00 01 1c e7 10 ff ff 01 08 42 08 00 00     ............B...
    38f6:	01 14 a5 0d ff ff 01 cf 7b 08 00 00 01 2c 63 0f     ........{....,c.
    3906:	ff ff 01 5d ef 2a 00 00 02 00 00 01 1c e7 10 ff     ...].*..........
    3916:	ff 01 08 42 08 00 00 01 14 a5 0d ff ff 01 ae 73     ...B...........s
    3926:	07 00 00 01 61 08 01 db de 0f ff ff 01 5d ef 28     ....a........].(
    3936:	00 00 01 20 00 01 00 00 02 00 00 01 1c e7 10 ff     ... ............
    3946:	ff 01 08 42 08 00 00 01 14 a5 0d ff ff 01 7d ef     ...B..........}.
    3956:	01 28 42 02 00 00 02 20 00 02 00 00 01 28 42 10     .(B.... .....(B.
    3966:	ff ff 01 5d ef 0a 00 00 01 fb de 01 9e f7 1a 7d     ...]...........}
    3976:	ef 01 9e f7 01 9a d6 02 00 00 02 00 00 01 1c e7     ................
    3986:	10 ff ff 01 08 42 08 00 00 01 14 a5 0e ff ff 01     .....B..........
    3996:	7d ef 01 ef 7b 01 08 42 02 00 00 01 e7 39 01 ef     }...{..B.....9..
    39a6:	7b 01 7d ef 10 ff ff 01 5d ef 0a 00 00 01 7d ef     {.}.....].....}.
    39b6:	1c ff ff 01 1c e7 02 00 00 02 00 00 01 1c e7 10     ................
    39c6:	ff ff 01 08 42 08 00 00 01 14 a5 10 ff ff 01 ba     ....B...........
    39d6:	d6 02 55 ad 01 ba d6 12 ff ff 01 5d ef 0a 00 00     ..U........]....
    39e6:	01 7d ef 1c ff ff 01 1c e7 02 00 00 02 00 00 01     .}..............
    39f6:	1c e7 10 ff ff 01 08 42 08 00 00 01 14 a5 26 ff     .......B......&.
    3a06:	ff 01 5d ef 0a 00 00 01 7d ef 1c ff ff 01 1c e7     ..].....}.......
    3a16:	02 00 00 02 00 00 01 1c e7 10 ff ff 01 08 42 08     ..............B.
    3a26:	00 00 01 f3 9c 26 ff ff 01 5d ef 09 00 00 01 82     .....&...]......
    3a36:	10 01 7d ef 1c ff ff 01 1c e7 02 00 00 02 00 00     ..}.............
    3a46:	01 1c e7 10 ff ff 01 08 42 09 00 00 01 59 ce 25     ........B....Y.%
    3a56:	ff ff 01 7d ef 09 00 00 01 9a d6 1d ff ff 01 1c     ...}............
    3a66:	e7 02 00 00 02 00 00 01 1c e7 10 ff ff 01 08 42     ...............B
    3a76:	09 00 00 01 59 ce 25 ff ff 01 b6 b5 09 00 00 01     ....Y.%.........
    3a86:	9a d6 1d ff ff 01 1c e7 02 00 00 02 00 00 01 1c     ................
    3a96:	e7 10 ff ff 01 08 42 09 00 00 01 59 ce 24 ff ff     ......B....Y.$..
    3aa6:	01 df ff 08 00 00 01 20 00 01 00 00 01 9a d6 1d     ....... ........
    3ab6:	ff ff 01 1c e7 02 00 00 02 00 00 01 1c e7 10 ff     ................
    3ac6:	ff 01 08 42 09 00 00 01 e7 39 01 7d ef 23 ff ff     ...B.....9.}.#..
    3ad6:	01 be f7 01 24 21 08 00 00 01 14 a5 1e ff ff 01     ....$!..........
    3ae6:	1c e7 02 00 00 02 00 00 01 1c e7 10 ff ff 01 08     ................
    3af6:	42 0a 00 00 01 79 ce 23 ff ff 01 cf 7b 07 00 00     B....y.#....{...
    3b06:	01 20 00 01 00 00 01 55 ad 1e ff ff 01 1c e7 02     . .....U........
    3b16:	00 00 02 00 00 01 1c e7 10 ff ff 01 08 42 0b 00     .............B..
    3b26:	00 22 ff ff 01 1c e7 01 49 4a 08 00 00 01 28 42     ."......IJ....(B
    3b36:	01 db de 1e ff ff 01 1c e7 02 00 00 02 00 00 01     ................
    3b46:	1c e7 10 ff ff 01 08 42 0b 00 00 01 75 ad 20 ff     .......B....u. .
    3b56:	ff 01 1c e7 01 e7 39 01 00 00 01 20 00 07 00 00     ......9.... ....
    3b66:	01 ef 7b 1f ff ff 01 1c e7 02 00 00 02 00 00 01     ..{.............
    3b76:	1c e7 10 ff ff 01 08 42 0b 00 00 01 eb 5a 20 ff     .......B.....Z .
    3b86:	ff 01 18 c6 01 00 00 01 20 00 07 00 00 01 a2 10     ........ .......
    3b96:	01 9e f7 1f ff ff 01 1c e7 02 00 00 02 00 00 01     ................
    3ba6:	1c e7 10 ff ff 01 08 42 0c 00 00 01 71 8c 1e ff     .......B....q...
    3bb6:	ff 01 9a d6 0a 00 00 01 30 84 20 ff ff 01 1c e7     ........0. .....
    3bc6:	02 00 00 02 00 00 01 1c e7 10 ff ff 01 08 42 0b     ..............B.
    3bd6:	00 00 01 20 00 01 00 00 01 92 94 1c ff ff 01 79     ... ...........y
    3be6:	ce 09 00 00 01 41 08 01 00 00 01 7d ef 20 ff ff     .....A.....}. ..
    3bf6:	01 1c e7 02 00 00 02 00 00 01 1c e7 10 ff ff 01     ................
    3c06:	08 42 0c 00 00 01 41 08 01 00 00 01 30 84 01 b6     .B....A.....0...
    3c16:	b5 19 ff ff 01 79 ce 09 00 00 01 20 00 01 00 00     .....y..... ....
    3c26:	01 55 ad 21 ff ff 01 1c e7 02 00 00 02 00 00 01     .U.!............
    3c36:	1c e7 10 ff ff 01 08 42 0d 00 00 01 20 00 02 00     .......B.... ...
    3c46:	00 01 96 b5 16 ff ff 01 3c e7 01 eb 5a 01 45 29     ........<...Z.E)
    3c56:	0a 00 00 01 d3 9c 22 ff ff 01 1c e7 02 00 00 02     ......".........
    3c66:	00 00 01 1c e7 10 ff ff 01 08 42 12 00 00 01 79     ..........B....y
    3c76:	ce 01 7d ef 10 ff ff 01 df ff 01 3c e7 01 4d 6b     ..}........<..Mk
    3c86:	0d 00 00 01 38 c6 22 ff ff 01 1c e7 02 00 00 02     ....8.".........
    3c96:	00 00 01 1c e7 10 ff ff 01 08 42 13 00 00 01 08     ..........B.....
    3ca6:	42 01 38 c6 01 18 c6 01 df ff 0b ff ff 01 9a d6     B.8.............
    3cb6:	01 38 c6 01 d3 9c 0e 00 00 01 38 c6 23 ff ff 01     .8........8.#...
    3cc6:	1c e7 02 00 00 02 00 00 01 1c e7 10 ff ff 01 08     ................
    3cd6:	42 12 00 00 01 20 00 03 00 00 01 51 8c 01 f3 9c     B.... .....Q....
    3ce6:	09 d3 9c 01 f3 9c 01 e3 18 02 00 00 01 41 08 0c     .............A..
    3cf6:	00 00 01 59 ce 24 ff ff 01 1c e7 02 00 00 02 00     ...Y.$..........
    3d06:	00 01 1c e7 10 ff ff 01 08 42 15 00 00 01 20 00     .........B.... .
    3d16:	1b 00 00 01 59 ce 25 ff ff 01 1c e7 02 00 00 02     ....Y.%.........
    3d26:	00 00 01 1c e7 10 ff ff 01 08 42 2d 00 00 01 20     ..........B-... 
    3d36:	00 02 00 00 01 38 c6 26 ff ff 01 1c e7 02 00 00     .....8.&........
    3d46:	02 00 00 01 1c e7 10 ff ff 01 08 42 2c 00 00 01     ...........B,...
    3d56:	41 08 01 00 00 01 14 a5 01 59 ce 27 ff ff 01 1c     A........Y.'....
    3d66:	e7 02 00 00 02 00 00 01 1c e7 10 ff ff 01 08 42     ...............B
    3d76:	2d 00 00 01 55 ad 29 ff ff 01 1c e7 02 00 00 02     -...U.).........
    3d86:	00 00 01 1c e7 10 ff ff 01 08 42 28 00 00 01 20     ..........B(... 
    3d96:	00 02 00 00 01 10 84 01 9e f7 2a ff ff 01 1c e7     ..........*.....
    3da6:	02 00 00 02 00 00 01 3c e7 10 ff ff 01 28 42 29     .......<.....(B)
    3db6:	00 00 01 ae 73 01 f3 9c 2c ff ff 01 3c e7 02 00     ....s...,...<...
    3dc6:	00 02 00 00 01 55 ad 01 38 c6 0f 18 c6 01 86 31     .....U..8......1
    3dd6:	29 00 00 01 14 a5 01 79 ce 2b 18 c6 01 38 c6 01     )......y.+...8..
    3de6:	55 ad 02 00 00 01 00 00 01 41 08 3a 00 00 01 41     U........A.:...A
    3df6:	08 2f 00 00 01 41 08 01 00 00 6e 00 00 00 00 00     ./...A....n.....

00003e06 <__ctors_end>:
    3e06:	11 24       	eor	r1, r1
    3e08:	1f be       	out	0x3f, r1	; 63
    3e0a:	cf ef       	ldi	r28, 0xFF	; 255
    3e0c:	d0 e1       	ldi	r29, 0x10	; 16
    3e0e:	de bf       	out	0x3e, r29	; 62
    3e10:	cd bf       	out	0x3d, r28	; 61

00003e12 <__do_copy_data>:
    3e12:	12 e0       	ldi	r17, 0x02	; 2
    3e14:	a0 e0       	ldi	r26, 0x00	; 0
    3e16:	b1 e0       	ldi	r27, 0x01	; 1
    3e18:	e6 ee       	ldi	r30, 0xE6	; 230
    3e1a:	fa e7       	ldi	r31, 0x7A	; 122
    3e1c:	00 e0       	ldi	r16, 0x00	; 0
    3e1e:	0b bf       	out	0x3b, r16	; 59
    3e20:	02 c0       	rjmp	.+4      	; 0x3e26 <__do_copy_data+0x14>
    3e22:	07 90       	elpm	r0, Z+
    3e24:	0d 92       	st	X+, r0
    3e26:	aa 36       	cpi	r26, 0x6A	; 106
    3e28:	b1 07       	cpc	r27, r17
    3e2a:	d9 f7       	brne	.-10     	; 0x3e22 <__do_copy_data+0x10>

00003e2c <__do_clear_bss>:
    3e2c:	22 e0       	ldi	r18, 0x02	; 2
    3e2e:	aa e6       	ldi	r26, 0x6A	; 106
    3e30:	b2 e0       	ldi	r27, 0x02	; 2
    3e32:	01 c0       	rjmp	.+2      	; 0x3e36 <.do_clear_bss_start>

00003e34 <.do_clear_bss_loop>:
    3e34:	1d 92       	st	X+, r1

00003e36 <.do_clear_bss_start>:
    3e36:	a5 3a       	cpi	r26, 0xA5	; 165
    3e38:	b2 07       	cpc	r27, r18
    3e3a:	e1 f7       	brne	.-8      	; 0x3e34 <.do_clear_bss_loop>
    3e3c:	0e 94 9f 39 	call	0x733e	; 0x733e <main>
    3e40:	0c 94 71 3d 	jmp	0x7ae2	; 0x7ae2 <_exit>

00003e44 <__bad_interrupt>:
    3e44:	0c 94 00 00 	jmp	0	; 0x0 <__vectors>

00003e48 <spiWrite16.part.0>:
    3e48:	c2 9a       	sbi	0x18, 2	; 24
    3e4a:	c0 98       	cbi	0x18, 0	; 24
    3e4c:	61 50       	subi	r22, 0x01	; 1
    3e4e:	71 09       	sbc	r23, r1
    3e50:	10 f4       	brcc	.+4      	; 0x3e56 <spiWrite16.part.0+0xe>
    3e52:	c0 9a       	sbi	0x18, 0	; 24
    3e54:	08 95       	ret
    3e56:	9f b9       	out	0x0f, r25	; 15
    3e58:	77 9b       	sbis	0x0e, 7	; 14
    3e5a:	fe cf       	rjmp	.-4      	; 0x3e58 <spiWrite16.part.0+0x10>
    3e5c:	00 00       	nop
    3e5e:	00 00       	nop
    3e60:	00 00       	nop
    3e62:	8f b9       	out	0x0f, r24	; 15
    3e64:	77 9b       	sbis	0x0e, 7	; 14
    3e66:	fe cf       	rjmp	.-4      	; 0x3e64 <spiWrite16.part.0+0x1c>
    3e68:	00 00       	nop
    3e6a:	00 00       	nop
    3e6c:	ef cf       	rjmp	.-34     	; 0x3e4c <spiWrite16.part.0+0x4>

00003e6e <spi_init>:
    3e6e:	87 b3       	in	r24, 0x17	; 23
    3e70:	86 61       	ori	r24, 0x16	; 22
    3e72:	87 bb       	out	0x17, r24	; 23
    3e74:	80 e5       	ldi	r24, 0x50	; 80
    3e76:	8d b9       	out	0x0d, r24	; 13
    3e78:	81 e0       	ldi	r24, 0x01	; 1
    3e7a:	8e b9       	out	0x0e, r24	; 14
    3e7c:	08 95       	ret

00003e7e <spi_write>:
    3e7e:	8f b9       	out	0x0f, r24	; 15
    3e80:	77 9b       	sbis	0x0e, 7	; 14
    3e82:	fe cf       	rjmp	.-4      	; 0x3e80 <spi_write+0x2>
    3e84:	08 95       	ret

00003e86 <spi_send16>:
    3e86:	cf 93       	push	r28
    3e88:	c8 2f       	mov	r28, r24
    3e8a:	c2 9a       	sbi	0x18, 2	; 24
    3e8c:	c0 98       	cbi	0x18, 0	; 24
    3e8e:	89 2f       	mov	r24, r25
    3e90:	0e 94 3f 1f 	call	0x3e7e	; 0x3e7e <spi_write>
    3e94:	8c 2f       	mov	r24, r28
    3e96:	cf 91       	pop	r28
    3e98:	0c 94 3f 1f 	jmp	0x3e7e	; 0x3e7e <spi_write>

00003e9c <ili9341_sendCmd>:
    3e9c:	c2 98       	cbi	0x18, 2	; 24
    3e9e:	c0 98       	cbi	0x18, 0	; 24
    3ea0:	0e 94 3f 1f 	call	0x3e7e	; 0x3e7e <spi_write>
    3ea4:	c0 9a       	sbi	0x18, 0	; 24
    3ea6:	08 95       	ret

00003ea8 <ILI9341_Send_Data>:
    3ea8:	c2 9a       	sbi	0x18, 2	; 24
    3eaa:	c0 98       	cbi	0x18, 0	; 24
    3eac:	0e 94 3f 1f 	call	0x3e7e	; 0x3e7e <spi_write>
    3eb0:	c0 9a       	sbi	0x18, 0	; 24
    3eb2:	08 95       	ret

00003eb4 <ILI9341_Reset>:
    3eb4:	c1 98       	cbi	0x18, 1	; 24
    3eb6:	2f ef       	ldi	r18, 0xFF	; 255
    3eb8:	83 ef       	ldi	r24, 0xF3	; 243
    3eba:	91 e0       	ldi	r25, 0x01	; 1
    3ebc:	21 50       	subi	r18, 0x01	; 1
    3ebe:	80 40       	sbci	r24, 0x00	; 0
    3ec0:	90 40       	sbci	r25, 0x00	; 0
    3ec2:	e1 f7       	brne	.-8      	; 0x3ebc <ILI9341_Reset+0x8>
    3ec4:	00 c0       	rjmp	.+0      	; 0x3ec6 <ILI9341_Reset+0x12>
    3ec6:	00 00       	nop
    3ec8:	c1 9a       	sbi	0x18, 1	; 24
    3eca:	2f ef       	ldi	r18, 0xFF	; 255
    3ecc:	85 ea       	ldi	r24, 0xA5	; 165
    3ece:	9e e0       	ldi	r25, 0x0E	; 14
    3ed0:	21 50       	subi	r18, 0x01	; 1
    3ed2:	80 40       	sbci	r24, 0x00	; 0
    3ed4:	90 40       	sbci	r25, 0x00	; 0
    3ed6:	e1 f7       	brne	.-8      	; 0x3ed0 <ILI9341_Reset+0x1c>
    3ed8:	00 c0       	rjmp	.+0      	; 0x3eda <ILI9341_Reset+0x26>
    3eda:	00 00       	nop
    3edc:	08 95       	ret

00003ede <ILI9341_Send_Burst>:
    3ede:	cf 92       	push	r12
    3ee0:	df 92       	push	r13
    3ee2:	ef 92       	push	r14
    3ee4:	ff 92       	push	r15
    3ee6:	cf 93       	push	r28
    3ee8:	df 93       	push	r29
    3eea:	ec 01       	movw	r28, r24
    3eec:	6a 01       	movw	r12, r20
    3eee:	7b 01       	movw	r14, r22
    3ef0:	81 e0       	ldi	r24, 0x01	; 1
    3ef2:	c8 1a       	sub	r12, r24
    3ef4:	d1 08       	sbc	r13, r1
    3ef6:	e1 08       	sbc	r14, r1
    3ef8:	f1 08       	sbc	r15, r1
    3efa:	8f ef       	ldi	r24, 0xFF	; 255
    3efc:	c8 16       	cp	r12, r24
    3efe:	d8 06       	cpc	r13, r24
    3f00:	e8 06       	cpc	r14, r24
    3f02:	f8 06       	cpc	r15, r24
    3f04:	41 f4       	brne	.+16     	; 0x3f16 <ILI9341_Send_Burst+0x38>
    3f06:	c0 9a       	sbi	0x18, 0	; 24
    3f08:	df 91       	pop	r29
    3f0a:	cf 91       	pop	r28
    3f0c:	ff 90       	pop	r15
    3f0e:	ef 90       	pop	r14
    3f10:	df 90       	pop	r13
    3f12:	cf 90       	pop	r12
    3f14:	08 95       	ret
    3f16:	ce 01       	movw	r24, r28
    3f18:	0e 94 43 1f 	call	0x3e86	; 0x3e86 <spi_send16>
    3f1c:	e9 cf       	rjmp	.-46     	; 0x3ef0 <ILI9341_Send_Burst+0x12>

00003f1e <ILI9341_Init>:
    3f1e:	0e 94 5a 1f 	call	0x3eb4	; 0x3eb4 <ILI9341_Reset>
    3f22:	81 e0       	ldi	r24, 0x01	; 1
    3f24:	0e 94 4e 1f 	call	0x3e9c	; 0x3e9c <ili9341_sendCmd>
    3f28:	2f ef       	ldi	r18, 0xFF	; 255
    3f2a:	83 ed       	ldi	r24, 0xD3	; 211
    3f2c:	90 e3       	ldi	r25, 0x30	; 48
    3f2e:	21 50       	subi	r18, 0x01	; 1
    3f30:	80 40       	sbci	r24, 0x00	; 0
    3f32:	90 40       	sbci	r25, 0x00	; 0
    3f34:	e1 f7       	brne	.-8      	; 0x3f2e <ILI9341_Init+0x10>
    3f36:	00 c0       	rjmp	.+0      	; 0x3f38 <ILI9341_Init+0x1a>
    3f38:	00 00       	nop
    3f3a:	8b ec       	ldi	r24, 0xCB	; 203
    3f3c:	0e 94 4e 1f 	call	0x3e9c	; 0x3e9c <ili9341_sendCmd>
    3f40:	89 e3       	ldi	r24, 0x39	; 57
    3f42:	0e 94 54 1f 	call	0x3ea8	; 0x3ea8 <ILI9341_Send_Data>
    3f46:	8c e2       	ldi	r24, 0x2C	; 44
    3f48:	0e 94 54 1f 	call	0x3ea8	; 0x3ea8 <ILI9341_Send_Data>
    3f4c:	80 e0       	ldi	r24, 0x00	; 0
    3f4e:	0e 94 54 1f 	call	0x3ea8	; 0x3ea8 <ILI9341_Send_Data>
    3f52:	84 e3       	ldi	r24, 0x34	; 52
    3f54:	0e 94 54 1f 	call	0x3ea8	; 0x3ea8 <ILI9341_Send_Data>
    3f58:	82 e0       	ldi	r24, 0x02	; 2
    3f5a:	0e 94 54 1f 	call	0x3ea8	; 0x3ea8 <ILI9341_Send_Data>
    3f5e:	8f ec       	ldi	r24, 0xCF	; 207
    3f60:	0e 94 4e 1f 	call	0x3e9c	; 0x3e9c <ili9341_sendCmd>
    3f64:	80 e0       	ldi	r24, 0x00	; 0
    3f66:	0e 94 54 1f 	call	0x3ea8	; 0x3ea8 <ILI9341_Send_Data>
    3f6a:	81 ec       	ldi	r24, 0xC1	; 193
    3f6c:	0e 94 54 1f 	call	0x3ea8	; 0x3ea8 <ILI9341_Send_Data>
    3f70:	80 e3       	ldi	r24, 0x30	; 48
    3f72:	0e 94 54 1f 	call	0x3ea8	; 0x3ea8 <ILI9341_Send_Data>
    3f76:	88 ee       	ldi	r24, 0xE8	; 232
    3f78:	0e 94 4e 1f 	call	0x3e9c	; 0x3e9c <ili9341_sendCmd>
    3f7c:	85 e8       	ldi	r24, 0x85	; 133
    3f7e:	0e 94 54 1f 	call	0x3ea8	; 0x3ea8 <ILI9341_Send_Data>
    3f82:	80 e0       	ldi	r24, 0x00	; 0
    3f84:	0e 94 54 1f 	call	0x3ea8	; 0x3ea8 <ILI9341_Send_Data>
    3f88:	88 e7       	ldi	r24, 0x78	; 120
    3f8a:	0e 94 54 1f 	call	0x3ea8	; 0x3ea8 <ILI9341_Send_Data>
    3f8e:	8a ee       	ldi	r24, 0xEA	; 234
    3f90:	0e 94 4e 1f 	call	0x3e9c	; 0x3e9c <ili9341_sendCmd>
    3f94:	80 e0       	ldi	r24, 0x00	; 0
    3f96:	0e 94 54 1f 	call	0x3ea8	; 0x3ea8 <ILI9341_Send_Data>
    3f9a:	80 e0       	ldi	r24, 0x00	; 0
    3f9c:	0e 94 54 1f 	call	0x3ea8	; 0x3ea8 <ILI9341_Send_Data>
    3fa0:	8d ee       	ldi	r24, 0xED	; 237
    3fa2:	0e 94 4e 1f 	call	0x3e9c	; 0x3e9c <ili9341_sendCmd>
    3fa6:	84 e6       	ldi	r24, 0x64	; 100
    3fa8:	0e 94 54 1f 	call	0x3ea8	; 0x3ea8 <ILI9341_Send_Data>
    3fac:	83 e0       	ldi	r24, 0x03	; 3
    3fae:	0e 94 54 1f 	call	0x3ea8	; 0x3ea8 <ILI9341_Send_Data>
    3fb2:	82 e1       	ldi	r24, 0x12	; 18
    3fb4:	0e 94 54 1f 	call	0x3ea8	; 0x3ea8 <ILI9341_Send_Data>
    3fb8:	81 e8       	ldi	r24, 0x81	; 129
    3fba:	0e 94 54 1f 	call	0x3ea8	; 0x3ea8 <ILI9341_Send_Data>
    3fbe:	87 ef       	ldi	r24, 0xF7	; 247
    3fc0:	0e 94 4e 1f 	call	0x3e9c	; 0x3e9c <ili9341_sendCmd>
    3fc4:	80 e2       	ldi	r24, 0x20	; 32
    3fc6:	0e 94 54 1f 	call	0x3ea8	; 0x3ea8 <ILI9341_Send_Data>
    3fca:	80 ec       	ldi	r24, 0xC0	; 192
    3fcc:	0e 94 4e 1f 	call	0x3e9c	; 0x3e9c <ili9341_sendCmd>
    3fd0:	83 e2       	ldi	r24, 0x23	; 35
    3fd2:	0e 94 54 1f 	call	0x3ea8	; 0x3ea8 <ILI9341_Send_Data>
    3fd6:	81 ec       	ldi	r24, 0xC1	; 193
    3fd8:	0e 94 4e 1f 	call	0x3e9c	; 0x3e9c <ili9341_sendCmd>
    3fdc:	80 e1       	ldi	r24, 0x10	; 16
    3fde:	0e 94 54 1f 	call	0x3ea8	; 0x3ea8 <ILI9341_Send_Data>
    3fe2:	85 ec       	ldi	r24, 0xC5	; 197
    3fe4:	0e 94 4e 1f 	call	0x3e9c	; 0x3e9c <ili9341_sendCmd>
    3fe8:	8e e3       	ldi	r24, 0x3E	; 62
    3fea:	0e 94 54 1f 	call	0x3ea8	; 0x3ea8 <ILI9341_Send_Data>
    3fee:	88 e2       	ldi	r24, 0x28	; 40
    3ff0:	0e 94 54 1f 	call	0x3ea8	; 0x3ea8 <ILI9341_Send_Data>
    3ff4:	87 ec       	ldi	r24, 0xC7	; 199
    3ff6:	0e 94 4e 1f 	call	0x3e9c	; 0x3e9c <ili9341_sendCmd>
    3ffa:	86 e8       	ldi	r24, 0x86	; 134
    3ffc:	0e 94 54 1f 	call	0x3ea8	; 0x3ea8 <ILI9341_Send_Data>
    4000:	86 e3       	ldi	r24, 0x36	; 54
    4002:	0e 94 4e 1f 	call	0x3e9c	; 0x3e9c <ili9341_sendCmd>
    4006:	88 e4       	ldi	r24, 0x48	; 72
    4008:	0e 94 54 1f 	call	0x3ea8	; 0x3ea8 <ILI9341_Send_Data>
    400c:	8a e3       	ldi	r24, 0x3A	; 58
    400e:	0e 94 4e 1f 	call	0x3e9c	; 0x3e9c <ili9341_sendCmd>
    4012:	85 e5       	ldi	r24, 0x55	; 85
    4014:	0e 94 54 1f 	call	0x3ea8	; 0x3ea8 <ILI9341_Send_Data>
    4018:	81 eb       	ldi	r24, 0xB1	; 177
    401a:	0e 94 4e 1f 	call	0x3e9c	; 0x3e9c <ili9341_sendCmd>
    401e:	80 e0       	ldi	r24, 0x00	; 0
    4020:	0e 94 54 1f 	call	0x3ea8	; 0x3ea8 <ILI9341_Send_Data>
    4024:	88 e1       	ldi	r24, 0x18	; 24
    4026:	0e 94 54 1f 	call	0x3ea8	; 0x3ea8 <ILI9341_Send_Data>
    402a:	86 eb       	ldi	r24, 0xB6	; 182
    402c:	0e 94 4e 1f 	call	0x3e9c	; 0x3e9c <ili9341_sendCmd>
    4030:	88 e0       	ldi	r24, 0x08	; 8
    4032:	0e 94 54 1f 	call	0x3ea8	; 0x3ea8 <ILI9341_Send_Data>
    4036:	82 e8       	ldi	r24, 0x82	; 130
    4038:	0e 94 54 1f 	call	0x3ea8	; 0x3ea8 <ILI9341_Send_Data>
    403c:	87 e2       	ldi	r24, 0x27	; 39
    403e:	0e 94 54 1f 	call	0x3ea8	; 0x3ea8 <ILI9341_Send_Data>
    4042:	82 ef       	ldi	r24, 0xF2	; 242
    4044:	0e 94 4e 1f 	call	0x3e9c	; 0x3e9c <ili9341_sendCmd>
    4048:	80 e0       	ldi	r24, 0x00	; 0
    404a:	0e 94 54 1f 	call	0x3ea8	; 0x3ea8 <ILI9341_Send_Data>
    404e:	86 e2       	ldi	r24, 0x26	; 38
    4050:	0e 94 4e 1f 	call	0x3e9c	; 0x3e9c <ili9341_sendCmd>
    4054:	81 e0       	ldi	r24, 0x01	; 1
    4056:	0e 94 54 1f 	call	0x3ea8	; 0x3ea8 <ILI9341_Send_Data>
    405a:	80 ee       	ldi	r24, 0xE0	; 224
    405c:	0e 94 4e 1f 	call	0x3e9c	; 0x3e9c <ili9341_sendCmd>
    4060:	8f e0       	ldi	r24, 0x0F	; 15
    4062:	0e 94 54 1f 	call	0x3ea8	; 0x3ea8 <ILI9341_Send_Data>
    4066:	81 e3       	ldi	r24, 0x31	; 49
    4068:	0e 94 54 1f 	call	0x3ea8	; 0x3ea8 <ILI9341_Send_Data>
    406c:	8b e2       	ldi	r24, 0x2B	; 43
    406e:	0e 94 54 1f 	call	0x3ea8	; 0x3ea8 <ILI9341_Send_Data>
    4072:	8c e0       	ldi	r24, 0x0C	; 12
    4074:	0e 94 54 1f 	call	0x3ea8	; 0x3ea8 <ILI9341_Send_Data>
    4078:	8e e0       	ldi	r24, 0x0E	; 14
    407a:	0e 94 54 1f 	call	0x3ea8	; 0x3ea8 <ILI9341_Send_Data>
    407e:	88 e0       	ldi	r24, 0x08	; 8
    4080:	0e 94 54 1f 	call	0x3ea8	; 0x3ea8 <ILI9341_Send_Data>
    4084:	8e e4       	ldi	r24, 0x4E	; 78
    4086:	0e 94 54 1f 	call	0x3ea8	; 0x3ea8 <ILI9341_Send_Data>
    408a:	81 ef       	ldi	r24, 0xF1	; 241
    408c:	0e 94 54 1f 	call	0x3ea8	; 0x3ea8 <ILI9341_Send_Data>
    4090:	87 e3       	ldi	r24, 0x37	; 55
    4092:	0e 94 54 1f 	call	0x3ea8	; 0x3ea8 <ILI9341_Send_Data>
    4096:	87 e0       	ldi	r24, 0x07	; 7
    4098:	0e 94 54 1f 	call	0x3ea8	; 0x3ea8 <ILI9341_Send_Data>
    409c:	80 e1       	ldi	r24, 0x10	; 16
    409e:	0e 94 54 1f 	call	0x3ea8	; 0x3ea8 <ILI9341_Send_Data>
    40a2:	83 e0       	ldi	r24, 0x03	; 3
    40a4:	0e 94 54 1f 	call	0x3ea8	; 0x3ea8 <ILI9341_Send_Data>
    40a8:	8e e0       	ldi	r24, 0x0E	; 14
    40aa:	0e 94 54 1f 	call	0x3ea8	; 0x3ea8 <ILI9341_Send_Data>
    40ae:	89 e0       	ldi	r24, 0x09	; 9
    40b0:	0e 94 54 1f 	call	0x3ea8	; 0x3ea8 <ILI9341_Send_Data>
    40b4:	80 e0       	ldi	r24, 0x00	; 0
    40b6:	0e 94 54 1f 	call	0x3ea8	; 0x3ea8 <ILI9341_Send_Data>
    40ba:	81 ee       	ldi	r24, 0xE1	; 225
    40bc:	0e 94 4e 1f 	call	0x3e9c	; 0x3e9c <ili9341_sendCmd>
    40c0:	80 e0       	ldi	r24, 0x00	; 0
    40c2:	0e 94 54 1f 	call	0x3ea8	; 0x3ea8 <ILI9341_Send_Data>
    40c6:	8e e0       	ldi	r24, 0x0E	; 14
    40c8:	0e 94 54 1f 	call	0x3ea8	; 0x3ea8 <ILI9341_Send_Data>
    40cc:	84 e1       	ldi	r24, 0x14	; 20
    40ce:	0e 94 54 1f 	call	0x3ea8	; 0x3ea8 <ILI9341_Send_Data>
    40d2:	83 e0       	ldi	r24, 0x03	; 3
    40d4:	0e 94 54 1f 	call	0x3ea8	; 0x3ea8 <ILI9341_Send_Data>
    40d8:	81 e1       	ldi	r24, 0x11	; 17
    40da:	0e 94 54 1f 	call	0x3ea8	; 0x3ea8 <ILI9341_Send_Data>
    40de:	87 e0       	ldi	r24, 0x07	; 7
    40e0:	0e 94 54 1f 	call	0x3ea8	; 0x3ea8 <ILI9341_Send_Data>
    40e4:	81 e3       	ldi	r24, 0x31	; 49
    40e6:	0e 94 54 1f 	call	0x3ea8	; 0x3ea8 <ILI9341_Send_Data>
    40ea:	81 ec       	ldi	r24, 0xC1	; 193
    40ec:	0e 94 54 1f 	call	0x3ea8	; 0x3ea8 <ILI9341_Send_Data>
    40f0:	88 e4       	ldi	r24, 0x48	; 72
    40f2:	0e 94 54 1f 	call	0x3ea8	; 0x3ea8 <ILI9341_Send_Data>
    40f6:	88 e0       	ldi	r24, 0x08	; 8
    40f8:	0e 94 54 1f 	call	0x3ea8	; 0x3ea8 <ILI9341_Send_Data>
    40fc:	8f e0       	ldi	r24, 0x0F	; 15
    40fe:	0e 94 54 1f 	call	0x3ea8	; 0x3ea8 <ILI9341_Send_Data>
    4102:	8c e0       	ldi	r24, 0x0C	; 12
    4104:	0e 94 54 1f 	call	0x3ea8	; 0x3ea8 <ILI9341_Send_Data>
    4108:	81 e3       	ldi	r24, 0x31	; 49
    410a:	0e 94 54 1f 	call	0x3ea8	; 0x3ea8 <ILI9341_Send_Data>
    410e:	86 e3       	ldi	r24, 0x36	; 54
    4110:	0e 94 54 1f 	call	0x3ea8	; 0x3ea8 <ILI9341_Send_Data>
    4114:	8f e0       	ldi	r24, 0x0F	; 15
    4116:	0e 94 54 1f 	call	0x3ea8	; 0x3ea8 <ILI9341_Send_Data>
    411a:	81 e1       	ldi	r24, 0x11	; 17
    411c:	0e 94 4e 1f 	call	0x3e9c	; 0x3e9c <ili9341_sendCmd>
    4120:	2f ef       	ldi	r18, 0xFF	; 255
    4122:	87 eb       	ldi	r24, 0xB7	; 183
    4124:	9b e0       	ldi	r25, 0x0B	; 11
    4126:	21 50       	subi	r18, 0x01	; 1
    4128:	80 40       	sbci	r24, 0x00	; 0
    412a:	90 40       	sbci	r25, 0x00	; 0
    412c:	e1 f7       	brne	.-8      	; 0x4126 <ILI9341_Init+0x208>
    412e:	00 c0       	rjmp	.+0      	; 0x4130 <ILI9341_Init+0x212>
    4130:	00 00       	nop
    4132:	89 e2       	ldi	r24, 0x29	; 41
    4134:	0c 94 4e 1f 	jmp	0x3e9c	; 0x3e9c <ili9341_sendCmd>

00004138 <ILI9341_Set_Rotation>:
    4138:	cf 93       	push	r28
    413a:	c8 2f       	mov	r28, r24
    413c:	86 e3       	ldi	r24, 0x36	; 54
    413e:	0e 94 4e 1f 	call	0x3e9c	; 0x3e9c <ili9341_sendCmd>
    4142:	c1 30       	cpi	r28, 0x01	; 1
    4144:	b9 f0       	breq	.+46     	; 0x4174 <ILI9341_Set_Rotation+0x3c>
    4146:	30 f0       	brcs	.+12     	; 0x4154 <ILI9341_Set_Rotation+0x1c>
    4148:	c2 30       	cpi	r28, 0x02	; 2
    414a:	01 f1       	breq	.+64     	; 0x418c <ILI9341_Set_Rotation+0x54>
    414c:	c3 30       	cpi	r28, 0x03	; 3
    414e:	01 f1       	breq	.+64     	; 0x4190 <ILI9341_Set_Rotation+0x58>
    4150:	cf 91       	pop	r28
    4152:	08 95       	ret
    4154:	88 e4       	ldi	r24, 0x48	; 72
    4156:	0e 94 54 1f 	call	0x3ea8	; 0x3ea8 <ILI9341_Send_Data>
    415a:	80 ef       	ldi	r24, 0xF0	; 240
    415c:	90 e0       	ldi	r25, 0x00	; 0
    415e:	90 93 04 01 	sts	0x0104, r25	; 0x800104 <X_SIZE+0x1>
    4162:	80 93 03 01 	sts	0x0103, r24	; 0x800103 <X_SIZE>
    4166:	80 e4       	ldi	r24, 0x40	; 64
    4168:	91 e0       	ldi	r25, 0x01	; 1
    416a:	90 93 02 01 	sts	0x0102, r25	; 0x800102 <Y_SIZE+0x1>
    416e:	80 93 01 01 	sts	0x0101, r24	; 0x800101 <Y_SIZE>
    4172:	ee cf       	rjmp	.-36     	; 0x4150 <ILI9341_Set_Rotation+0x18>
    4174:	88 e2       	ldi	r24, 0x28	; 40
    4176:	0e 94 54 1f 	call	0x3ea8	; 0x3ea8 <ILI9341_Send_Data>
    417a:	80 e4       	ldi	r24, 0x40	; 64
    417c:	91 e0       	ldi	r25, 0x01	; 1
    417e:	90 93 04 01 	sts	0x0104, r25	; 0x800104 <X_SIZE+0x1>
    4182:	80 93 03 01 	sts	0x0103, r24	; 0x800103 <X_SIZE>
    4186:	80 ef       	ldi	r24, 0xF0	; 240
    4188:	90 e0       	ldi	r25, 0x00	; 0
    418a:	ef cf       	rjmp	.-34     	; 0x416a <ILI9341_Set_Rotation+0x32>
    418c:	88 e8       	ldi	r24, 0x88	; 136
    418e:	e3 cf       	rjmp	.-58     	; 0x4156 <ILI9341_Set_Rotation+0x1e>
    4190:	88 ee       	ldi	r24, 0xE8	; 232
    4192:	f1 cf       	rjmp	.-30     	; 0x4176 <ILI9341_Set_Rotation+0x3e>

00004194 <ILI9341_Set_Address>:
    4194:	cf 92       	push	r12
    4196:	df 92       	push	r13
    4198:	ef 92       	push	r14
    419a:	ff 92       	push	r15
    419c:	0f 93       	push	r16
    419e:	1f 93       	push	r17
    41a0:	cf 93       	push	r28
    41a2:	df 93       	push	r29
    41a4:	d8 2e       	mov	r13, r24
    41a6:	c9 2e       	mov	r12, r25
    41a8:	16 2f       	mov	r17, r22
    41aa:	07 2f       	mov	r16, r23
    41ac:	f4 2e       	mov	r15, r20
    41ae:	e5 2e       	mov	r14, r21
    41b0:	e9 01       	movw	r28, r18
    41b2:	8a e2       	ldi	r24, 0x2A	; 42
    41b4:	0e 94 4e 1f 	call	0x3e9c	; 0x3e9c <ili9341_sendCmd>
    41b8:	8c 2d       	mov	r24, r12
    41ba:	0e 94 54 1f 	call	0x3ea8	; 0x3ea8 <ILI9341_Send_Data>
    41be:	8d 2d       	mov	r24, r13
    41c0:	0e 94 54 1f 	call	0x3ea8	; 0x3ea8 <ILI9341_Send_Data>
    41c4:	8e 2d       	mov	r24, r14
    41c6:	0e 94 54 1f 	call	0x3ea8	; 0x3ea8 <ILI9341_Send_Data>
    41ca:	8f 2d       	mov	r24, r15
    41cc:	0e 94 54 1f 	call	0x3ea8	; 0x3ea8 <ILI9341_Send_Data>
    41d0:	8b e2       	ldi	r24, 0x2B	; 43
    41d2:	0e 94 4e 1f 	call	0x3e9c	; 0x3e9c <ili9341_sendCmd>
    41d6:	80 2f       	mov	r24, r16
    41d8:	0e 94 54 1f 	call	0x3ea8	; 0x3ea8 <ILI9341_Send_Data>
    41dc:	81 2f       	mov	r24, r17
    41de:	0e 94 54 1f 	call	0x3ea8	; 0x3ea8 <ILI9341_Send_Data>
    41e2:	8d 2f       	mov	r24, r29
    41e4:	0e 94 54 1f 	call	0x3ea8	; 0x3ea8 <ILI9341_Send_Data>
    41e8:	8c 2f       	mov	r24, r28
    41ea:	0e 94 54 1f 	call	0x3ea8	; 0x3ea8 <ILI9341_Send_Data>
    41ee:	8c e2       	ldi	r24, 0x2C	; 44
    41f0:	df 91       	pop	r29
    41f2:	cf 91       	pop	r28
    41f4:	1f 91       	pop	r17
    41f6:	0f 91       	pop	r16
    41f8:	ff 90       	pop	r15
    41fa:	ef 90       	pop	r14
    41fc:	df 90       	pop	r13
    41fe:	cf 90       	pop	r12
    4200:	0c 94 4e 1f 	jmp	0x3e9c	; 0x3e9c <ili9341_sendCmd>

00004204 <ILI9341_Draw_Filled_Rectangle>:
    4204:	af 92       	push	r10
    4206:	bf 92       	push	r11
    4208:	cf 92       	push	r12
    420a:	df 92       	push	r13
    420c:	ef 92       	push	r14
    420e:	ff 92       	push	r15
    4210:	0f 93       	push	r16
    4212:	1f 93       	push	r17
    4214:	cf 93       	push	r28
    4216:	df 93       	push	r29
    4218:	7c 01       	movw	r14, r24
    421a:	5b 01       	movw	r10, r22
    421c:	6a 01       	movw	r12, r20
    421e:	e9 01       	movw	r28, r18
    4220:	98 01       	movw	r18, r16
    4222:	ae 01       	movw	r20, r28
    4224:	b6 01       	movw	r22, r12
    4226:	c5 01       	movw	r24, r10
    4228:	0e 94 ca 20 	call	0x4194	; 0x4194 <ILI9341_Set_Address>
    422c:	21 96       	adiw	r28, 0x01	; 1
    422e:	ca 19       	sub	r28, r10
    4230:	db 09       	sbc	r29, r11
    4232:	0f 5f       	subi	r16, 0xFF	; 255
    4234:	1f 4f       	sbci	r17, 0xFF	; 255
    4236:	0c 19       	sub	r16, r12
    4238:	1d 09       	sbc	r17, r13
    423a:	c0 9f       	mul	r28, r16
    423c:	a0 01       	movw	r20, r0
    423e:	c1 9f       	mul	r28, r17
    4240:	50 0d       	add	r21, r0
    4242:	d0 9f       	mul	r29, r16
    4244:	50 0d       	add	r21, r0
    4246:	11 24       	eor	r1, r1
    4248:	70 e0       	ldi	r23, 0x00	; 0
    424a:	60 e0       	ldi	r22, 0x00	; 0
    424c:	c7 01       	movw	r24, r14
    424e:	df 91       	pop	r29
    4250:	cf 91       	pop	r28
    4252:	1f 91       	pop	r17
    4254:	0f 91       	pop	r16
    4256:	ff 90       	pop	r15
    4258:	ef 90       	pop	r14
    425a:	df 90       	pop	r13
    425c:	cf 90       	pop	r12
    425e:	bf 90       	pop	r11
    4260:	af 90       	pop	r10
    4262:	0c 94 6f 1f 	jmp	0x3ede	; 0x3ede <ILI9341_Send_Burst>

00004266 <ILI9341_Fill_Screen>:
    4266:	ef 92       	push	r14
    4268:	ff 92       	push	r15
    426a:	0f 93       	push	r16
    426c:	1f 93       	push	r17
    426e:	cf 93       	push	r28
    4270:	df 93       	push	r29
    4272:	f8 2e       	mov	r15, r24
    4274:	e9 2e       	mov	r14, r25
    4276:	20 91 01 01 	lds	r18, 0x0101	; 0x800101 <Y_SIZE>
    427a:	30 91 02 01 	lds	r19, 0x0102	; 0x800102 <Y_SIZE+0x1>
    427e:	21 50       	subi	r18, 0x01	; 1
    4280:	31 09       	sbc	r19, r1
    4282:	40 91 03 01 	lds	r20, 0x0103	; 0x800103 <X_SIZE>
    4286:	50 91 04 01 	lds	r21, 0x0104	; 0x800104 <X_SIZE+0x1>
    428a:	41 50       	subi	r20, 0x01	; 1
    428c:	51 09       	sbc	r21, r1
    428e:	70 e0       	ldi	r23, 0x00	; 0
    4290:	60 e0       	ldi	r22, 0x00	; 0
    4292:	90 e0       	ldi	r25, 0x00	; 0
    4294:	80 e0       	ldi	r24, 0x00	; 0
    4296:	0e 94 ca 20 	call	0x4194	; 0x4194 <ILI9341_Set_Address>
    429a:	c2 9a       	sbi	0x18, 2	; 24
    429c:	c0 98       	cbi	0x18, 0	; 24
    429e:	d0 e0       	ldi	r29, 0x00	; 0
    42a0:	c0 e0       	ldi	r28, 0x00	; 0
    42a2:	80 91 01 01 	lds	r24, 0x0101	; 0x800101 <Y_SIZE>
    42a6:	90 91 02 01 	lds	r25, 0x0102	; 0x800102 <Y_SIZE+0x1>
    42aa:	c8 17       	cp	r28, r24
    42ac:	d9 07       	cpc	r29, r25
    42ae:	c8 f0       	brcs	.+50     	; 0x42e2 <ILI9341_Fill_Screen+0x7c>
    42b0:	c0 9a       	sbi	0x18, 0	; 24
    42b2:	df 91       	pop	r29
    42b4:	cf 91       	pop	r28
    42b6:	1f 91       	pop	r17
    42b8:	0f 91       	pop	r16
    42ba:	ff 90       	pop	r15
    42bc:	ef 90       	pop	r14
    42be:	08 95       	ret
    42c0:	8e 2d       	mov	r24, r14
    42c2:	0e 94 54 1f 	call	0x3ea8	; 0x3ea8 <ILI9341_Send_Data>
    42c6:	8f 2d       	mov	r24, r15
    42c8:	0e 94 54 1f 	call	0x3ea8	; 0x3ea8 <ILI9341_Send_Data>
    42cc:	0f 5f       	subi	r16, 0xFF	; 255
    42ce:	1f 4f       	sbci	r17, 0xFF	; 255
    42d0:	80 91 03 01 	lds	r24, 0x0103	; 0x800103 <X_SIZE>
    42d4:	90 91 04 01 	lds	r25, 0x0104	; 0x800104 <X_SIZE+0x1>
    42d8:	08 17       	cp	r16, r24
    42da:	19 07       	cpc	r17, r25
    42dc:	88 f3       	brcs	.-30     	; 0x42c0 <ILI9341_Fill_Screen+0x5a>
    42de:	21 96       	adiw	r28, 0x01	; 1
    42e0:	e0 cf       	rjmp	.-64     	; 0x42a2 <ILI9341_Fill_Screen+0x3c>
    42e2:	10 e0       	ldi	r17, 0x00	; 0
    42e4:	00 e0       	ldi	r16, 0x00	; 0
    42e6:	f4 cf       	rjmp	.-24     	; 0x42d0 <ILI9341_Fill_Screen+0x6a>

000042e8 <ILI9341_Draw_Pixel>:
    42e8:	cf 93       	push	r28
    42ea:	df 93       	push	r29
    42ec:	97 fd       	sbrc	r25, 7
    42ee:	25 c0       	rjmp	.+74     	; 0x433a <ILI9341_Draw_Pixel+0x52>
    42f0:	77 fd       	sbrc	r23, 7
    42f2:	23 c0       	rjmp	.+70     	; 0x433a <ILI9341_Draw_Pixel+0x52>
    42f4:	e0 91 03 01 	lds	r30, 0x0103	; 0x800103 <X_SIZE>
    42f8:	f0 91 04 01 	lds	r31, 0x0104	; 0x800104 <X_SIZE+0x1>
    42fc:	8e 17       	cp	r24, r30
    42fe:	9f 07       	cpc	r25, r31
    4300:	e0 f4       	brcc	.+56     	; 0x433a <ILI9341_Draw_Pixel+0x52>
    4302:	20 91 01 01 	lds	r18, 0x0101	; 0x800101 <Y_SIZE>
    4306:	30 91 02 01 	lds	r19, 0x0102	; 0x800102 <Y_SIZE+0x1>
    430a:	62 17       	cp	r22, r18
    430c:	73 07       	cpc	r23, r19
    430e:	a8 f4       	brcc	.+42     	; 0x433a <ILI9341_Draw_Pixel+0x52>
    4310:	ea 01       	movw	r28, r20
    4312:	21 50       	subi	r18, 0x01	; 1
    4314:	31 09       	sbc	r19, r1
    4316:	af 01       	movw	r20, r30
    4318:	41 50       	subi	r20, 0x01	; 1
    431a:	51 09       	sbc	r21, r1
    431c:	0e 94 ca 20 	call	0x4194	; 0x4194 <ILI9341_Set_Address>
    4320:	c2 98       	cbi	0x18, 2	; 24
    4322:	8c e2       	ldi	r24, 0x2C	; 44
    4324:	0e 94 54 1f 	call	0x3ea8	; 0x3ea8 <ILI9341_Send_Data>
    4328:	c2 9a       	sbi	0x18, 2	; 24
    432a:	8d 2f       	mov	r24, r29
    432c:	0e 94 54 1f 	call	0x3ea8	; 0x3ea8 <ILI9341_Send_Data>
    4330:	8c 2f       	mov	r24, r28
    4332:	df 91       	pop	r29
    4334:	cf 91       	pop	r28
    4336:	0c 94 54 1f 	jmp	0x3ea8	; 0x3ea8 <ILI9341_Send_Data>
    433a:	df 91       	pop	r29
    433c:	cf 91       	pop	r28
    433e:	08 95       	ret

00004340 <ILI9341_Draw_Line>:
    4340:	2f 92       	push	r2
    4342:	3f 92       	push	r3
    4344:	4f 92       	push	r4
    4346:	5f 92       	push	r5
    4348:	6f 92       	push	r6
    434a:	7f 92       	push	r7
    434c:	8f 92       	push	r8
    434e:	9f 92       	push	r9
    4350:	af 92       	push	r10
    4352:	bf 92       	push	r11
    4354:	cf 92       	push	r12
    4356:	df 92       	push	r13
    4358:	ef 92       	push	r14
    435a:	ff 92       	push	r15
    435c:	0f 93       	push	r16
    435e:	1f 93       	push	r17
    4360:	cf 93       	push	r28
    4362:	df 93       	push	r29
    4364:	00 d0       	rcall	.+0      	; 0x4366 <ILI9341_Draw_Line+0x26>
    4366:	00 d0       	rcall	.+0      	; 0x4368 <ILI9341_Draw_Line+0x28>
    4368:	cd b7       	in	r28, 0x3d	; 61
    436a:	de b7       	in	r29, 0x3e	; 62
    436c:	5c 01       	movw	r10, r24
    436e:	7a 01       	movw	r14, r20
    4370:	3c 83       	std	Y+4, r19	; 0x04
    4372:	2b 83       	std	Y+3, r18	; 0x03
    4374:	68 01       	movw	r12, r16
    4376:	c4 1a       	sub	r12, r20
    4378:	d5 0a       	sbc	r13, r21
    437a:	d7 fe       	sbrs	r13, 7
    437c:	03 c0       	rjmp	.+6      	; 0x4384 <ILI9341_Draw_Line+0x44>
    437e:	d1 94       	neg	r13
    4380:	c1 94       	neg	r12
    4382:	d1 08       	sbc	r13, r1
    4384:	8b 80       	ldd	r8, Y+3	; 0x03
    4386:	9c 80       	ldd	r9, Y+4	; 0x04
    4388:	86 1a       	sub	r8, r22
    438a:	97 0a       	sbc	r9, r23
    438c:	97 fe       	sbrs	r9, 7
    438e:	03 c0       	rjmp	.+6      	; 0x4396 <ILI9341_Draw_Line+0x56>
    4390:	91 94       	neg	r9
    4392:	81 94       	neg	r8
    4394:	91 08       	sbc	r9, r1
    4396:	8c 14       	cp	r8, r12
    4398:	9d 04       	cpc	r9, r13
    439a:	5c f0       	brlt	.+22     	; 0x43b2 <ILI9341_Draw_Line+0x72>
    439c:	90 2f       	mov	r25, r16
    439e:	81 2f       	mov	r24, r17
    43a0:	0b 81       	ldd	r16, Y+3	; 0x03
    43a2:	1c 81       	ldd	r17, Y+4	; 0x04
    43a4:	9b 83       	std	Y+3, r25	; 0x03
    43a6:	8c 83       	std	Y+4, r24	; 0x04
    43a8:	9e 2d       	mov	r25, r14
    43aa:	8f 2d       	mov	r24, r15
    43ac:	7b 01       	movw	r14, r22
    43ae:	69 2f       	mov	r22, r25
    43b0:	78 2f       	mov	r23, r24
    43b2:	0e 15       	cp	r16, r14
    43b4:	1f 05       	cpc	r17, r15
    43b6:	58 f0       	brcs	.+22     	; 0x43ce <ILI9341_Draw_Line+0x8e>
    43b8:	9b 81       	ldd	r25, Y+3	; 0x03
    43ba:	8c 81       	ldd	r24, Y+4	; 0x04
    43bc:	7c 83       	std	Y+4, r23	; 0x04
    43be:	6b 83       	std	Y+3, r22	; 0x03
    43c0:	69 2f       	mov	r22, r25
    43c2:	78 2f       	mov	r23, r24
    43c4:	90 2f       	mov	r25, r16
    43c6:	81 2f       	mov	r24, r17
    43c8:	87 01       	movw	r16, r14
    43ca:	e9 2e       	mov	r14, r25
    43cc:	f8 2e       	mov	r15, r24
    43ce:	17 01       	movw	r2, r14
    43d0:	20 1a       	sub	r2, r16
    43d2:	31 0a       	sbc	r3, r17
    43d4:	2b 01       	movw	r4, r22
    43d6:	2b 81       	ldd	r18, Y+3	; 0x03
    43d8:	3c 81       	ldd	r19, Y+4	; 0x04
    43da:	42 1a       	sub	r4, r18
    43dc:	53 0a       	sbc	r5, r19
    43de:	57 fe       	sbrs	r5, 7
    43e0:	03 c0       	rjmp	.+6      	; 0x43e8 <ILI9341_Draw_Line+0xa8>
    43e2:	51 94       	neg	r5
    43e4:	41 94       	neg	r4
    43e6:	51 08       	sbc	r5, r1
    43e8:	31 01       	movw	r6, r2
    43ea:	37 fe       	sbrs	r3, 7
    43ec:	03 c0       	rjmp	.+6      	; 0x43f4 <ILI9341_Draw_Line+0xb4>
    43ee:	3f ef       	ldi	r19, 0xFF	; 255
    43f0:	63 1a       	sub	r6, r19
    43f2:	73 0a       	sbc	r7, r19
    43f4:	75 94       	asr	r7
    43f6:	67 94       	ror	r6
    43f8:	8b 81       	ldd	r24, Y+3	; 0x03
    43fa:	9c 81       	ldd	r25, Y+4	; 0x04
    43fc:	86 17       	cp	r24, r22
    43fe:	97 07       	cpc	r25, r23
    4400:	d8 f1       	brcs	.+118    	; 0x4478 <ILI9341_Draw_Line+0x138>
    4402:	2f ef       	ldi	r18, 0xFF	; 255
    4404:	3f ef       	ldi	r19, 0xFF	; 255
    4406:	3a 83       	std	Y+2, r19	; 0x02
    4408:	29 83       	std	Y+1, r18	; 0x01
    440a:	e0 16       	cp	r14, r16
    440c:	f1 06       	cpc	r15, r17
    440e:	b8 f4       	brcc	.+46     	; 0x443e <ILI9341_Draw_Line+0xfe>
    4410:	0f 90       	pop	r0
    4412:	0f 90       	pop	r0
    4414:	0f 90       	pop	r0
    4416:	0f 90       	pop	r0
    4418:	df 91       	pop	r29
    441a:	cf 91       	pop	r28
    441c:	1f 91       	pop	r17
    441e:	0f 91       	pop	r16
    4420:	ff 90       	pop	r15
    4422:	ef 90       	pop	r14
    4424:	df 90       	pop	r13
    4426:	cf 90       	pop	r12
    4428:	bf 90       	pop	r11
    442a:	af 90       	pop	r10
    442c:	9f 90       	pop	r9
    442e:	8f 90       	pop	r8
    4430:	7f 90       	pop	r7
    4432:	6f 90       	pop	r6
    4434:	5f 90       	pop	r5
    4436:	4f 90       	pop	r4
    4438:	3f 90       	pop	r3
    443a:	2f 90       	pop	r2
    443c:	08 95       	ret
    443e:	a5 01       	movw	r20, r10
    4440:	b8 01       	movw	r22, r16
    4442:	8b 81       	ldd	r24, Y+3	; 0x03
    4444:	9c 81       	ldd	r25, Y+4	; 0x04
    4446:	8c 14       	cp	r8, r12
    4448:	9d 04       	cpc	r9, r13
    444a:	1c f0       	brlt	.+6      	; 0x4452 <ILI9341_Draw_Line+0x112>
    444c:	6b 81       	ldd	r22, Y+3	; 0x03
    444e:	7c 81       	ldd	r23, Y+4	; 0x04
    4450:	c8 01       	movw	r24, r16
    4452:	0e 94 74 21 	call	0x42e8	; 0x42e8 <ILI9341_Draw_Pixel>
    4456:	64 18       	sub	r6, r4
    4458:	75 08       	sbc	r7, r5
    445a:	77 fe       	sbrs	r7, 7
    445c:	0a c0       	rjmp	.+20     	; 0x4472 <ILI9341_Draw_Line+0x132>
    445e:	8b 81       	ldd	r24, Y+3	; 0x03
    4460:	9c 81       	ldd	r25, Y+4	; 0x04
    4462:	29 81       	ldd	r18, Y+1	; 0x01
    4464:	3a 81       	ldd	r19, Y+2	; 0x02
    4466:	82 0f       	add	r24, r18
    4468:	93 1f       	adc	r25, r19
    446a:	9c 83       	std	Y+4, r25	; 0x04
    446c:	8b 83       	std	Y+3, r24	; 0x03
    446e:	62 0c       	add	r6, r2
    4470:	73 1c       	adc	r7, r3
    4472:	0f 5f       	subi	r16, 0xFF	; 255
    4474:	1f 4f       	sbci	r17, 0xFF	; 255
    4476:	c9 cf       	rjmp	.-110    	; 0x440a <ILI9341_Draw_Line+0xca>
    4478:	81 e0       	ldi	r24, 0x01	; 1
    447a:	90 e0       	ldi	r25, 0x00	; 0
    447c:	9a 83       	std	Y+2, r25	; 0x02
    447e:	89 83       	std	Y+1, r24	; 0x01
    4480:	c4 cf       	rjmp	.-120    	; 0x440a <ILI9341_Draw_Line+0xca>

00004482 <ILI9341_Draw_Empty_Rectangle>:
    4482:	8f 92       	push	r8
    4484:	9f 92       	push	r9
    4486:	af 92       	push	r10
    4488:	bf 92       	push	r11
    448a:	cf 92       	push	r12
    448c:	df 92       	push	r13
    448e:	ef 92       	push	r14
    4490:	ff 92       	push	r15
    4492:	0f 93       	push	r16
    4494:	1f 93       	push	r17
    4496:	cf 93       	push	r28
    4498:	df 93       	push	r29
    449a:	ec 01       	movw	r28, r24
    449c:	7b 01       	movw	r14, r22
    449e:	4a 01       	movw	r8, r20
    44a0:	59 01       	movw	r10, r18
    44a2:	68 01       	movw	r12, r16
    44a4:	8a 01       	movw	r16, r20
    44a6:	0e 94 a0 21 	call	0x4340	; 0x4340 <ILI9341_Draw_Line>
    44aa:	86 01       	movw	r16, r12
    44ac:	95 01       	movw	r18, r10
    44ae:	a4 01       	movw	r20, r8
    44b0:	b5 01       	movw	r22, r10
    44b2:	ce 01       	movw	r24, r28
    44b4:	0e 94 a0 21 	call	0x4340	; 0x4340 <ILI9341_Draw_Line>
    44b8:	97 01       	movw	r18, r14
    44ba:	a4 01       	movw	r20, r8
    44bc:	b7 01       	movw	r22, r14
    44be:	ce 01       	movw	r24, r28
    44c0:	0e 94 a0 21 	call	0x4340	; 0x4340 <ILI9341_Draw_Line>
    44c4:	95 01       	movw	r18, r10
    44c6:	a6 01       	movw	r20, r12
    44c8:	b7 01       	movw	r22, r14
    44ca:	ce 01       	movw	r24, r28
    44cc:	0e 94 a0 21 	call	0x4340	; 0x4340 <ILI9341_Draw_Line>
    44d0:	df 91       	pop	r29
    44d2:	cf 91       	pop	r28
    44d4:	1f 91       	pop	r17
    44d6:	0f 91       	pop	r16
    44d8:	ff 90       	pop	r15
    44da:	ef 90       	pop	r14
    44dc:	df 90       	pop	r13
    44de:	cf 90       	pop	r12
    44e0:	bf 90       	pop	r11
    44e2:	af 90       	pop	r10
    44e4:	9f 90       	pop	r9
    44e6:	8f 90       	pop	r8
    44e8:	08 95       	ret

000044ea <ILI9341_Draw_Circle>:
    44ea:	2f 92       	push	r2
    44ec:	3f 92       	push	r3
    44ee:	4f 92       	push	r4
    44f0:	5f 92       	push	r5
    44f2:	6f 92       	push	r6
    44f4:	7f 92       	push	r7
    44f6:	8f 92       	push	r8
    44f8:	9f 92       	push	r9
    44fa:	af 92       	push	r10
    44fc:	bf 92       	push	r11
    44fe:	cf 92       	push	r12
    4500:	df 92       	push	r13
    4502:	ef 92       	push	r14
    4504:	ff 92       	push	r15
    4506:	0f 93       	push	r16
    4508:	1f 93       	push	r17
    450a:	cf 93       	push	r28
    450c:	df 93       	push	r29
    450e:	cd b7       	in	r28, 0x3d	; 61
    4510:	de b7       	in	r29, 0x3e	; 62
    4512:	2e 97       	sbiw	r28, 0x0e	; 14
    4514:	0f b6       	in	r0, 0x3f	; 63
    4516:	f8 94       	cli
    4518:	de bf       	out	0x3e, r29	; 62
    451a:	0f be       	out	0x3f, r0	; 63
    451c:	cd bf       	out	0x3d, r28	; 61
    451e:	2c 01       	movw	r4, r24
    4520:	1b 01       	movw	r2, r22
    4522:	3a 01       	movw	r6, r20
    4524:	2d 87       	std	Y+13, r18	; 0x0d
    4526:	3e 87       	std	Y+14, r19	; 0x0e
    4528:	81 e0       	ldi	r24, 0x01	; 1
    452a:	90 e0       	ldi	r25, 0x00	; 0
    452c:	9c 01       	movw	r18, r24
    452e:	24 1b       	sub	r18, r20
    4530:	35 0b       	sbc	r19, r21
    4532:	3e 83       	std	Y+6, r19	; 0x06
    4534:	2d 83       	std	Y+5, r18	; 0x05
    4536:	88 27       	eor	r24, r24
    4538:	99 27       	eor	r25, r25
    453a:	84 1b       	sub	r24, r20
    453c:	95 0b       	sbc	r25, r21
    453e:	dc 01       	movw	r26, r24
    4540:	aa 0f       	add	r26, r26
    4542:	bb 1f       	adc	r27, r27
    4544:	b8 87       	std	Y+8, r27	; 0x08
    4546:	af 83       	std	Y+7, r26	; 0x07
    4548:	64 0f       	add	r22, r20
    454a:	75 1f       	adc	r23, r21
    454c:	51 01       	movw	r10, r2
    454e:	a4 1a       	sub	r10, r20
    4550:	b5 0a       	sbc	r11, r21
    4552:	62 01       	movw	r12, r4
    4554:	c4 0e       	add	r12, r20
    4556:	d5 1e       	adc	r13, r21
    4558:	72 01       	movw	r14, r4
    455a:	e4 1a       	sub	r14, r20
    455c:	f5 0a       	sbc	r15, r21
    455e:	4d 85       	ldd	r20, Y+13	; 0x0d
    4560:	5e 85       	ldd	r21, Y+14	; 0x0e
    4562:	c2 01       	movw	r24, r4
    4564:	01 11       	cpse	r16, r1
    4566:	9b c0       	rjmp	.+310    	; 0x469e <ILI9341_Draw_Circle+0x1b4>
    4568:	0e 94 74 21 	call	0x42e8	; 0x42e8 <ILI9341_Draw_Pixel>
    456c:	4d 85       	ldd	r20, Y+13	; 0x0d
    456e:	5e 85       	ldd	r21, Y+14	; 0x0e
    4570:	b5 01       	movw	r22, r10
    4572:	c2 01       	movw	r24, r4
    4574:	0e 94 74 21 	call	0x42e8	; 0x42e8 <ILI9341_Draw_Pixel>
    4578:	4d 85       	ldd	r20, Y+13	; 0x0d
    457a:	5e 85       	ldd	r21, Y+14	; 0x0e
    457c:	b1 01       	movw	r22, r2
    457e:	c6 01       	movw	r24, r12
    4580:	0e 94 74 21 	call	0x42e8	; 0x42e8 <ILI9341_Draw_Pixel>
    4584:	4d 85       	ldd	r20, Y+13	; 0x0d
    4586:	5e 85       	ldd	r21, Y+14	; 0x0e
    4588:	b1 01       	movw	r22, r2
    458a:	c7 01       	movw	r24, r14
    458c:	0e 94 74 21 	call	0x42e8	; 0x42e8 <ILI9341_Draw_Pixel>
    4590:	10 e0       	ldi	r17, 0x00	; 0
    4592:	00 e0       	ldi	r16, 0x00	; 0
    4594:	aa 24       	eor	r10, r10
    4596:	a3 94       	inc	r10
    4598:	b1 2c       	mov	r11, r1
    459a:	06 15       	cp	r16, r6
    459c:	17 05       	cpc	r17, r7
    459e:	cc f0       	brlt	.+50     	; 0x45d2 <ILI9341_Draw_Circle+0xe8>
    45a0:	2e 96       	adiw	r28, 0x0e	; 14
    45a2:	0f b6       	in	r0, 0x3f	; 63
    45a4:	f8 94       	cli
    45a6:	de bf       	out	0x3e, r29	; 62
    45a8:	0f be       	out	0x3f, r0	; 63
    45aa:	cd bf       	out	0x3d, r28	; 61
    45ac:	df 91       	pop	r29
    45ae:	cf 91       	pop	r28
    45b0:	1f 91       	pop	r17
    45b2:	0f 91       	pop	r16
    45b4:	ff 90       	pop	r15
    45b6:	ef 90       	pop	r14
    45b8:	df 90       	pop	r13
    45ba:	cf 90       	pop	r12
    45bc:	bf 90       	pop	r11
    45be:	af 90       	pop	r10
    45c0:	9f 90       	pop	r9
    45c2:	8f 90       	pop	r8
    45c4:	7f 90       	pop	r7
    45c6:	6f 90       	pop	r6
    45c8:	5f 90       	pop	r5
    45ca:	4f 90       	pop	r4
    45cc:	3f 90       	pop	r3
    45ce:	2f 90       	pop	r2
    45d0:	08 95       	ret
    45d2:	2d 81       	ldd	r18, Y+5	; 0x05
    45d4:	3e 81       	ldd	r19, Y+6	; 0x06
    45d6:	37 fd       	sbrc	r19, 7
    45d8:	0e c0       	rjmp	.+28     	; 0x45f6 <ILI9341_Draw_Circle+0x10c>
    45da:	31 e0       	ldi	r19, 0x01	; 1
    45dc:	63 1a       	sub	r6, r19
    45de:	71 08       	sbc	r7, r1
    45e0:	8f 81       	ldd	r24, Y+7	; 0x07
    45e2:	98 85       	ldd	r25, Y+8	; 0x08
    45e4:	02 96       	adiw	r24, 0x02	; 2
    45e6:	98 87       	std	Y+8, r25	; 0x08
    45e8:	8f 83       	std	Y+7, r24	; 0x07
    45ea:	ad 81       	ldd	r26, Y+5	; 0x05
    45ec:	be 81       	ldd	r27, Y+6	; 0x06
    45ee:	a8 0f       	add	r26, r24
    45f0:	b9 1f       	adc	r27, r25
    45f2:	be 83       	std	Y+6, r27	; 0x06
    45f4:	ad 83       	std	Y+5, r26	; 0x05
    45f6:	0f 5f       	subi	r16, 0xFF	; 255
    45f8:	1f 4f       	sbci	r17, 0xFF	; 255
    45fa:	b2 e0       	ldi	r27, 0x02	; 2
    45fc:	ab 0e       	add	r10, r27
    45fe:	b1 1c       	adc	r11, r1
    4600:	2d 81       	ldd	r18, Y+5	; 0x05
    4602:	3e 81       	ldd	r19, Y+6	; 0x06
    4604:	2a 0d       	add	r18, r10
    4606:	3b 1d       	adc	r19, r11
    4608:	3e 83       	std	Y+6, r19	; 0x06
    460a:	2d 83       	std	Y+5, r18	; 0x05
    460c:	48 01       	movw	r8, r16
    460e:	84 0c       	add	r8, r4
    4610:	95 1c       	adc	r9, r5
    4612:	4d 85       	ldd	r20, Y+13	; 0x0d
    4614:	5e 85       	ldd	r21, Y+14	; 0x0e
    4616:	73 01       	movw	r14, r6
    4618:	e2 0c       	add	r14, r2
    461a:	f3 1c       	adc	r15, r3
    461c:	b7 01       	movw	r22, r14
    461e:	c4 01       	movw	r24, r8
    4620:	0e 94 74 21 	call	0x42e8	; 0x42e8 <ILI9341_Draw_Pixel>
    4624:	62 01       	movw	r12, r4
    4626:	c0 1a       	sub	r12, r16
    4628:	d1 0a       	sbc	r13, r17
    462a:	4d 85       	ldd	r20, Y+13	; 0x0d
    462c:	5e 85       	ldd	r21, Y+14	; 0x0e
    462e:	b7 01       	movw	r22, r14
    4630:	c6 01       	movw	r24, r12
    4632:	0e 94 74 21 	call	0x42e8	; 0x42e8 <ILI9341_Draw_Pixel>
    4636:	4d 85       	ldd	r20, Y+13	; 0x0d
    4638:	5e 85       	ldd	r21, Y+14	; 0x0e
    463a:	71 01       	movw	r14, r2
    463c:	e6 18       	sub	r14, r6
    463e:	f7 08       	sbc	r15, r7
    4640:	b7 01       	movw	r22, r14
    4642:	c4 01       	movw	r24, r8
    4644:	0e 94 74 21 	call	0x42e8	; 0x42e8 <ILI9341_Draw_Pixel>
    4648:	4d 85       	ldd	r20, Y+13	; 0x0d
    464a:	5e 85       	ldd	r21, Y+14	; 0x0e
    464c:	b7 01       	movw	r22, r14
    464e:	c6 01       	movw	r24, r12
    4650:	0e 94 74 21 	call	0x42e8	; 0x42e8 <ILI9341_Draw_Pixel>
    4654:	78 01       	movw	r14, r16
    4656:	e2 0c       	add	r14, r2
    4658:	f3 1c       	adc	r15, r3
    465a:	4d 85       	ldd	r20, Y+13	; 0x0d
    465c:	5e 85       	ldd	r21, Y+14	; 0x0e
    465e:	b7 01       	movw	r22, r14
    4660:	63 01       	movw	r12, r6
    4662:	c4 0c       	add	r12, r4
    4664:	d5 1c       	adc	r13, r5
    4666:	c6 01       	movw	r24, r12
    4668:	0e 94 74 21 	call	0x42e8	; 0x42e8 <ILI9341_Draw_Pixel>
    466c:	4d 85       	ldd	r20, Y+13	; 0x0d
    466e:	5e 85       	ldd	r21, Y+14	; 0x0e
    4670:	b7 01       	movw	r22, r14
    4672:	72 01       	movw	r14, r4
    4674:	e6 18       	sub	r14, r6
    4676:	f7 08       	sbc	r15, r7
    4678:	c7 01       	movw	r24, r14
    467a:	0e 94 74 21 	call	0x42e8	; 0x42e8 <ILI9341_Draw_Pixel>
    467e:	41 01       	movw	r8, r2
    4680:	80 1a       	sub	r8, r16
    4682:	91 0a       	sbc	r9, r17
    4684:	4d 85       	ldd	r20, Y+13	; 0x0d
    4686:	5e 85       	ldd	r21, Y+14	; 0x0e
    4688:	b4 01       	movw	r22, r8
    468a:	c6 01       	movw	r24, r12
    468c:	0e 94 74 21 	call	0x42e8	; 0x42e8 <ILI9341_Draw_Pixel>
    4690:	4d 85       	ldd	r20, Y+13	; 0x0d
    4692:	5e 85       	ldd	r21, Y+14	; 0x0e
    4694:	b4 01       	movw	r22, r8
    4696:	c7 01       	movw	r24, r14
    4698:	0e 94 74 21 	call	0x42e8	; 0x42e8 <ILI9341_Draw_Pixel>
    469c:	7e cf       	rjmp	.-260    	; 0x459a <ILI9341_Draw_Circle+0xb0>
    469e:	0e 94 74 21 	call	0x42e8	; 0x42e8 <ILI9341_Draw_Pixel>
    46a2:	4d 85       	ldd	r20, Y+13	; 0x0d
    46a4:	5e 85       	ldd	r21, Y+14	; 0x0e
    46a6:	b5 01       	movw	r22, r10
    46a8:	c2 01       	movw	r24, r4
    46aa:	0e 94 74 21 	call	0x42e8	; 0x42e8 <ILI9341_Draw_Pixel>
    46ae:	91 01       	movw	r18, r2
    46b0:	a6 01       	movw	r20, r12
    46b2:	b1 01       	movw	r22, r2
    46b4:	c7 01       	movw	r24, r14
    46b6:	0e 94 ca 20 	call	0x4194	; 0x4194 <ILI9341_Set_Address>
    46ba:	c2 98       	cbi	0x18, 2	; 24
    46bc:	8c e2       	ldi	r24, 0x2C	; 44
    46be:	0e 94 3f 1f 	call	0x3e7e	; 0x3e7e <spi_write>
    46c2:	c2 9a       	sbi	0x18, 2	; 24
    46c4:	63 01       	movw	r12, r6
    46c6:	cc 0c       	add	r12, r12
    46c8:	dd 1c       	adc	r13, r13
    46ca:	3f ef       	ldi	r19, 0xFF	; 255
    46cc:	c3 1a       	sub	r12, r19
    46ce:	d3 0a       	sbc	r13, r19
    46d0:	0d 2c       	mov	r0, r13
    46d2:	00 0c       	add	r0, r0
    46d4:	ee 08       	sbc	r14, r14
    46d6:	ff 08       	sbc	r15, r15
    46d8:	81 2c       	mov	r8, r1
    46da:	91 2c       	mov	r9, r1
    46dc:	54 01       	movw	r10, r8
    46de:	8c 14       	cp	r8, r12
    46e0:	9d 04       	cpc	r9, r13
    46e2:	ae 04       	cpc	r10, r14
    46e4:	bf 04       	cpc	r11, r15
    46e6:	08 f4       	brcc	.+2      	; 0x46ea <ILI9341_Draw_Circle+0x200>
    46e8:	c6 c0       	rjmp	.+396    	; 0x4876 <ILI9341_Draw_Circle+0x38c>
    46ea:	83 e0       	ldi	r24, 0x03	; 3
    46ec:	90 e0       	ldi	r25, 0x00	; 0
    46ee:	a0 e0       	ldi	r26, 0x00	; 0
    46f0:	b0 e0       	ldi	r27, 0x00	; 0
    46f2:	89 83       	std	Y+1, r24	; 0x01
    46f4:	9a 83       	std	Y+2, r25	; 0x02
    46f6:	ab 83       	std	Y+3, r26	; 0x03
    46f8:	bc 83       	std	Y+4, r27	; 0x04
    46fa:	10 e0       	ldi	r17, 0x00	; 0
    46fc:	00 e0       	ldi	r16, 0x00	; 0
    46fe:	06 15       	cp	r16, r6
    4700:	17 05       	cpc	r17, r7
    4702:	0c f0       	brlt	.+2      	; 0x4706 <ILI9341_Draw_Circle+0x21c>
    4704:	4d cf       	rjmp	.-358    	; 0x45a0 <ILI9341_Draw_Circle+0xb6>
    4706:	ad 81       	ldd	r26, Y+5	; 0x05
    4708:	be 81       	ldd	r27, Y+6	; 0x06
    470a:	b7 fd       	sbrc	r27, 7
    470c:	0f c0       	rjmp	.+30     	; 0x472c <ILI9341_Draw_Circle+0x242>
    470e:	b1 e0       	ldi	r27, 0x01	; 1
    4710:	6b 1a       	sub	r6, r27
    4712:	71 08       	sbc	r7, r1
    4714:	2f 81       	ldd	r18, Y+7	; 0x07
    4716:	38 85       	ldd	r19, Y+8	; 0x08
    4718:	2e 5f       	subi	r18, 0xFE	; 254
    471a:	3f 4f       	sbci	r19, 0xFF	; 255
    471c:	38 87       	std	Y+8, r19	; 0x08
    471e:	2f 83       	std	Y+7, r18	; 0x07
    4720:	8d 81       	ldd	r24, Y+5	; 0x05
    4722:	9e 81       	ldd	r25, Y+6	; 0x06
    4724:	82 0f       	add	r24, r18
    4726:	93 1f       	adc	r25, r19
    4728:	9e 83       	std	Y+6, r25	; 0x06
    472a:	8d 83       	std	Y+5, r24	; 0x05
    472c:	0f 5f       	subi	r16, 0xFF	; 255
    472e:	1f 4f       	sbci	r17, 0xFF	; 255
    4730:	ad 81       	ldd	r26, Y+5	; 0x05
    4732:	be 81       	ldd	r27, Y+6	; 0x06
    4734:	29 81       	ldd	r18, Y+1	; 0x01
    4736:	3a 81       	ldd	r19, Y+2	; 0x02
    4738:	a2 0f       	add	r26, r18
    473a:	b3 1f       	adc	r27, r19
    473c:	be 83       	std	Y+6, r27	; 0x06
    473e:	ad 83       	std	Y+5, r26	; 0x05
    4740:	78 01       	movw	r14, r16
    4742:	e4 0c       	add	r14, r4
    4744:	f5 1c       	adc	r15, r5
    4746:	62 01       	movw	r12, r4
    4748:	c0 1a       	sub	r12, r16
    474a:	d1 0a       	sbc	r13, r17
    474c:	b3 01       	movw	r22, r6
    474e:	62 0d       	add	r22, r2
    4750:	73 1d       	adc	r23, r3
    4752:	9b 01       	movw	r18, r22
    4754:	a7 01       	movw	r20, r14
    4756:	c6 01       	movw	r24, r12
    4758:	0e 94 ca 20 	call	0x4194	; 0x4194 <ILI9341_Set_Address>
    475c:	c2 98       	cbi	0x18, 2	; 24
    475e:	8c e2       	ldi	r24, 0x2C	; 44
    4760:	0e 94 3f 1f 	call	0x3e7e	; 0x3e7e <spi_write>
    4764:	c2 9a       	sbi	0x18, 2	; 24
    4766:	81 2c       	mov	r8, r1
    4768:	91 2c       	mov	r9, r1
    476a:	54 01       	movw	r10, r8
    476c:	8e 85       	ldd	r24, Y+14	; 0x0e
    476e:	0e 94 3f 1f 	call	0x3e7e	; 0x3e7e <spi_write>
    4772:	8d 85       	ldd	r24, Y+13	; 0x0d
    4774:	0e 94 3f 1f 	call	0x3e7e	; 0x3e7e <spi_write>
    4778:	3f ef       	ldi	r19, 0xFF	; 255
    477a:	83 1a       	sub	r8, r19
    477c:	93 0a       	sbc	r9, r19
    477e:	a3 0a       	sbc	r10, r19
    4780:	b3 0a       	sbc	r11, r19
    4782:	89 81       	ldd	r24, Y+1	; 0x01
    4784:	9a 81       	ldd	r25, Y+2	; 0x02
    4786:	ab 81       	ldd	r26, Y+3	; 0x03
    4788:	bc 81       	ldd	r27, Y+4	; 0x04
    478a:	88 16       	cp	r8, r24
    478c:	99 06       	cpc	r9, r25
    478e:	aa 06       	cpc	r10, r26
    4790:	bb 06       	cpc	r11, r27
    4792:	60 f3       	brcs	.-40     	; 0x476c <ILI9341_Draw_Circle+0x282>
    4794:	b1 01       	movw	r22, r2
    4796:	66 19       	sub	r22, r6
    4798:	77 09       	sbc	r23, r7
    479a:	9b 01       	movw	r18, r22
    479c:	a7 01       	movw	r20, r14
    479e:	c6 01       	movw	r24, r12
    47a0:	0e 94 ca 20 	call	0x4194	; 0x4194 <ILI9341_Set_Address>
    47a4:	c2 98       	cbi	0x18, 2	; 24
    47a6:	8c e2       	ldi	r24, 0x2C	; 44
    47a8:	0e 94 3f 1f 	call	0x3e7e	; 0x3e7e <spi_write>
    47ac:	c2 9a       	sbi	0x18, 2	; 24
    47ae:	c1 2c       	mov	r12, r1
    47b0:	d1 2c       	mov	r13, r1
    47b2:	76 01       	movw	r14, r12
    47b4:	8e 85       	ldd	r24, Y+14	; 0x0e
    47b6:	0e 94 3f 1f 	call	0x3e7e	; 0x3e7e <spi_write>
    47ba:	8d 85       	ldd	r24, Y+13	; 0x0d
    47bc:	0e 94 3f 1f 	call	0x3e7e	; 0x3e7e <spi_write>
    47c0:	9f ef       	ldi	r25, 0xFF	; 255
    47c2:	c9 1a       	sub	r12, r25
    47c4:	d9 0a       	sbc	r13, r25
    47c6:	e9 0a       	sbc	r14, r25
    47c8:	f9 0a       	sbc	r15, r25
    47ca:	89 81       	ldd	r24, Y+1	; 0x01
    47cc:	9a 81       	ldd	r25, Y+2	; 0x02
    47ce:	ab 81       	ldd	r26, Y+3	; 0x03
    47d0:	bc 81       	ldd	r27, Y+4	; 0x04
    47d2:	c8 16       	cp	r12, r24
    47d4:	d9 06       	cpc	r13, r25
    47d6:	ea 06       	cpc	r14, r26
    47d8:	fb 06       	cpc	r15, r27
    47da:	60 f3       	brcs	.-40     	; 0x47b4 <ILI9341_Draw_Circle+0x2ca>
    47dc:	d3 01       	movw	r26, r6
    47de:	a4 0d       	add	r26, r4
    47e0:	b5 1d       	adc	r27, r5
    47e2:	ba 87       	std	Y+10, r27	; 0x0a
    47e4:	a9 87       	std	Y+9, r26	; 0x09
    47e6:	92 01       	movw	r18, r4
    47e8:	26 19       	sub	r18, r6
    47ea:	37 09       	sbc	r19, r7
    47ec:	3c 87       	std	Y+12, r19	; 0x0c
    47ee:	2b 87       	std	Y+11, r18	; 0x0b
    47f0:	b8 01       	movw	r22, r16
    47f2:	62 0d       	add	r22, r2
    47f4:	73 1d       	adc	r23, r3
    47f6:	9b 01       	movw	r18, r22
    47f8:	ad 01       	movw	r20, r26
    47fa:	8b 85       	ldd	r24, Y+11	; 0x0b
    47fc:	9c 85       	ldd	r25, Y+12	; 0x0c
    47fe:	0e 94 ca 20 	call	0x4194	; 0x4194 <ILI9341_Set_Address>
    4802:	c2 98       	cbi	0x18, 2	; 24
    4804:	8c e2       	ldi	r24, 0x2C	; 44
    4806:	0e 94 3f 1f 	call	0x3e7e	; 0x3e7e <spi_write>
    480a:	c2 9a       	sbi	0x18, 2	; 24
    480c:	43 01       	movw	r8, r6
    480e:	88 0c       	add	r8, r8
    4810:	99 1c       	adc	r9, r9
    4812:	3f ef       	ldi	r19, 0xFF	; 255
    4814:	83 1a       	sub	r8, r19
    4816:	93 0a       	sbc	r9, r19
    4818:	09 2c       	mov	r0, r9
    481a:	00 0c       	add	r0, r0
    481c:	aa 08       	sbc	r10, r10
    481e:	bb 08       	sbc	r11, r11
    4820:	c1 2c       	mov	r12, r1
    4822:	d1 2c       	mov	r13, r1
    4824:	76 01       	movw	r14, r12
    4826:	c8 14       	cp	r12, r8
    4828:	d9 04       	cpc	r13, r9
    482a:	ea 04       	cpc	r14, r10
    482c:	fb 04       	cpc	r15, r11
    482e:	78 f1       	brcs	.+94     	; 0x488e <ILI9341_Draw_Circle+0x3a4>
    4830:	b1 01       	movw	r22, r2
    4832:	60 1b       	sub	r22, r16
    4834:	71 0b       	sbc	r23, r17
    4836:	9b 01       	movw	r18, r22
    4838:	49 85       	ldd	r20, Y+9	; 0x09
    483a:	5a 85       	ldd	r21, Y+10	; 0x0a
    483c:	8b 85       	ldd	r24, Y+11	; 0x0b
    483e:	9c 85       	ldd	r25, Y+12	; 0x0c
    4840:	0e 94 ca 20 	call	0x4194	; 0x4194 <ILI9341_Set_Address>
    4844:	c2 98       	cbi	0x18, 2	; 24
    4846:	8c e2       	ldi	r24, 0x2C	; 44
    4848:	0e 94 3f 1f 	call	0x3e7e	; 0x3e7e <spi_write>
    484c:	c2 9a       	sbi	0x18, 2	; 24
    484e:	c1 2c       	mov	r12, r1
    4850:	d1 2c       	mov	r13, r1
    4852:	76 01       	movw	r14, r12
    4854:	c8 14       	cp	r12, r8
    4856:	d9 04       	cpc	r13, r9
    4858:	ea 04       	cpc	r14, r10
    485a:	fb 04       	cpc	r15, r11
    485c:	20 f1       	brcs	.+72     	; 0x48a6 <ILI9341_Draw_Circle+0x3bc>
    485e:	89 81       	ldd	r24, Y+1	; 0x01
    4860:	9a 81       	ldd	r25, Y+2	; 0x02
    4862:	ab 81       	ldd	r26, Y+3	; 0x03
    4864:	bc 81       	ldd	r27, Y+4	; 0x04
    4866:	02 96       	adiw	r24, 0x02	; 2
    4868:	a1 1d       	adc	r26, r1
    486a:	b1 1d       	adc	r27, r1
    486c:	89 83       	std	Y+1, r24	; 0x01
    486e:	9a 83       	std	Y+2, r25	; 0x02
    4870:	ab 83       	std	Y+3, r26	; 0x03
    4872:	bc 83       	std	Y+4, r27	; 0x04
    4874:	44 cf       	rjmp	.-376    	; 0x46fe <ILI9341_Draw_Circle+0x214>
    4876:	8e 85       	ldd	r24, Y+14	; 0x0e
    4878:	0e 94 3f 1f 	call	0x3e7e	; 0x3e7e <spi_write>
    487c:	8d 85       	ldd	r24, Y+13	; 0x0d
    487e:	0e 94 3f 1f 	call	0x3e7e	; 0x3e7e <spi_write>
    4882:	8f ef       	ldi	r24, 0xFF	; 255
    4884:	88 1a       	sub	r8, r24
    4886:	98 0a       	sbc	r9, r24
    4888:	a8 0a       	sbc	r10, r24
    488a:	b8 0a       	sbc	r11, r24
    488c:	28 cf       	rjmp	.-432    	; 0x46de <ILI9341_Draw_Circle+0x1f4>
    488e:	8e 85       	ldd	r24, Y+14	; 0x0e
    4890:	0e 94 3f 1f 	call	0x3e7e	; 0x3e7e <spi_write>
    4894:	8d 85       	ldd	r24, Y+13	; 0x0d
    4896:	0e 94 3f 1f 	call	0x3e7e	; 0x3e7e <spi_write>
    489a:	8f ef       	ldi	r24, 0xFF	; 255
    489c:	c8 1a       	sub	r12, r24
    489e:	d8 0a       	sbc	r13, r24
    48a0:	e8 0a       	sbc	r14, r24
    48a2:	f8 0a       	sbc	r15, r24
    48a4:	c0 cf       	rjmp	.-128    	; 0x4826 <ILI9341_Draw_Circle+0x33c>
    48a6:	8e 85       	ldd	r24, Y+14	; 0x0e
    48a8:	0e 94 3f 1f 	call	0x3e7e	; 0x3e7e <spi_write>
    48ac:	8d 85       	ldd	r24, Y+13	; 0x0d
    48ae:	0e 94 3f 1f 	call	0x3e7e	; 0x3e7e <spi_write>
    48b2:	9f ef       	ldi	r25, 0xFF	; 255
    48b4:	c9 1a       	sub	r12, r25
    48b6:	d9 0a       	sbc	r13, r25
    48b8:	e9 0a       	sbc	r14, r25
    48ba:	f9 0a       	sbc	r15, r25
    48bc:	cb cf       	rjmp	.-106    	; 0x4854 <ILI9341_Draw_Circle+0x36a>

000048be <ILI9341_set_cursor>:
    48be:	90 93 93 02 	sts	0x0293, r25	; 0x800293 <cursor_x+0x1>
    48c2:	80 93 92 02 	sts	0x0292, r24	; 0x800292 <cursor_x>
    48c6:	70 93 8b 02 	sts	0x028B, r23	; 0x80028b <cursor_y+0x1>
    48ca:	60 93 8a 02 	sts	0x028A, r22	; 0x80028a <cursor_y>
    48ce:	08 95       	ret

000048d0 <ILI9341_set_text_color>:
    48d0:	08 95       	ret

000048d2 <ILI9341_set_text_size>:
    48d2:	08 95       	ret

000048d4 <drawFastVLine>:
    48d4:	0f 93       	push	r16
    48d6:	1f 93       	push	r17
    48d8:	cf 93       	push	r28
    48da:	df 93       	push	r29
    48dc:	ea 01       	movw	r28, r20
    48de:	89 01       	movw	r16, r18
    48e0:	9b 01       	movw	r18, r22
    48e2:	24 0f       	add	r18, r20
    48e4:	35 1f       	adc	r19, r21
    48e6:	21 50       	subi	r18, 0x01	; 1
    48e8:	31 09       	sbc	r19, r1
    48ea:	ac 01       	movw	r20, r24
    48ec:	0e 94 ca 20 	call	0x4194	; 0x4194 <ILI9341_Set_Address>
    48f0:	1c 16       	cp	r1, r28
    48f2:	1d 06       	cpc	r1, r29
    48f4:	24 f4       	brge	.+8      	; 0x48fe <drawFastVLine+0x2a>
    48f6:	be 01       	movw	r22, r28
    48f8:	c8 01       	movw	r24, r16
    48fa:	0e 94 24 1f 	call	0x3e48	; 0x3e48 <spiWrite16.part.0>
    48fe:	c0 9a       	sbi	0x18, 0	; 24
    4900:	df 91       	pop	r29
    4902:	cf 91       	pop	r28
    4904:	1f 91       	pop	r17
    4906:	0f 91       	pop	r16
    4908:	08 95       	ret

0000490a <fillCircleHelper>:
    490a:	2f 92       	push	r2
    490c:	3f 92       	push	r3
    490e:	4f 92       	push	r4
    4910:	5f 92       	push	r5
    4912:	6f 92       	push	r6
    4914:	7f 92       	push	r7
    4916:	8f 92       	push	r8
    4918:	9f 92       	push	r9
    491a:	af 92       	push	r10
    491c:	bf 92       	push	r11
    491e:	cf 92       	push	r12
    4920:	df 92       	push	r13
    4922:	ef 92       	push	r14
    4924:	ff 92       	push	r15
    4926:	0f 93       	push	r16
    4928:	1f 93       	push	r17
    492a:	cf 93       	push	r28
    492c:	df 93       	push	r29
    492e:	00 d0       	rcall	.+0      	; 0x4930 <fillCircleHelper+0x26>
    4930:	00 d0       	rcall	.+0      	; 0x4932 <fillCircleHelper+0x28>
    4932:	00 d0       	rcall	.+0      	; 0x4934 <fillCircleHelper+0x2a>
    4934:	cd b7       	in	r28, 0x3d	; 61
    4936:	de b7       	in	r29, 0x3e	; 62
    4938:	6c 01       	movw	r12, r24
    493a:	5b 01       	movw	r10, r22
    493c:	5e 83       	std	Y+6, r21	; 0x06
    493e:	4d 83       	std	Y+5, r20	; 0x05
    4940:	28 01       	movw	r4, r16
    4942:	81 e0       	ldi	r24, 0x01	; 1
    4944:	90 e0       	ldi	r25, 0x00	; 0
    4946:	3c 01       	movw	r6, r24
    4948:	64 1a       	sub	r6, r20
    494a:	75 0a       	sbc	r7, r21
    494c:	1a 01       	movw	r2, r20
    494e:	31 94       	neg	r3
    4950:	21 94       	neg	r2
    4952:	31 08       	sbc	r3, r1
    4954:	24 1a       	sub	r2, r20
    4956:	35 0a       	sbc	r3, r21
    4958:	a8 01       	movw	r20, r16
    495a:	4f 5f       	subi	r20, 0xFF	; 255
    495c:	5f 4f       	sbci	r21, 0xFF	; 255
    495e:	5a 83       	std	Y+2, r21	; 0x02
    4960:	49 83       	std	Y+1, r20	; 0x01
    4962:	10 e0       	ldi	r17, 0x00	; 0
    4964:	00 e0       	ldi	r16, 0x00	; 0
    4966:	88 24       	eor	r8, r8
    4968:	83 94       	inc	r8
    496a:	91 2c       	mov	r9, r1
    496c:	52 2f       	mov	r21, r18
    496e:	51 70       	andi	r21, 0x01	; 1
    4970:	5b 83       	std	Y+3, r21	; 0x03
    4972:	22 70       	andi	r18, 0x02	; 2
    4974:	2c 83       	std	Y+4, r18	; 0x04
    4976:	4d 81       	ldd	r20, Y+5	; 0x05
    4978:	5e 81       	ldd	r21, Y+6	; 0x06
    497a:	04 17       	cp	r16, r20
    497c:	15 07       	cpc	r17, r21
    497e:	cc f0       	brlt	.+50     	; 0x49b2 <fillCircleHelper+0xa8>
    4980:	26 96       	adiw	r28, 0x06	; 6
    4982:	0f b6       	in	r0, 0x3f	; 63
    4984:	f8 94       	cli
    4986:	de bf       	out	0x3e, r29	; 62
    4988:	0f be       	out	0x3f, r0	; 63
    498a:	cd bf       	out	0x3d, r28	; 61
    498c:	df 91       	pop	r29
    498e:	cf 91       	pop	r28
    4990:	1f 91       	pop	r17
    4992:	0f 91       	pop	r16
    4994:	ff 90       	pop	r15
    4996:	ef 90       	pop	r14
    4998:	df 90       	pop	r13
    499a:	cf 90       	pop	r12
    499c:	bf 90       	pop	r11
    499e:	af 90       	pop	r10
    49a0:	9f 90       	pop	r9
    49a2:	8f 90       	pop	r8
    49a4:	7f 90       	pop	r7
    49a6:	6f 90       	pop	r6
    49a8:	5f 90       	pop	r5
    49aa:	4f 90       	pop	r4
    49ac:	3f 90       	pop	r3
    49ae:	2f 90       	pop	r2
    49b0:	08 95       	ret
    49b2:	77 fc       	sbrc	r7, 7
    49b4:	0a c0       	rjmp	.+20     	; 0x49ca <fillCircleHelper+0xc0>
    49b6:	8d 81       	ldd	r24, Y+5	; 0x05
    49b8:	9e 81       	ldd	r25, Y+6	; 0x06
    49ba:	01 97       	sbiw	r24, 0x01	; 1
    49bc:	9e 83       	std	Y+6, r25	; 0x06
    49be:	8d 83       	std	Y+5, r24	; 0x05
    49c0:	92 e0       	ldi	r25, 0x02	; 2
    49c2:	29 0e       	add	r2, r25
    49c4:	31 1c       	adc	r3, r1
    49c6:	62 0c       	add	r6, r2
    49c8:	73 1c       	adc	r7, r3
    49ca:	0f 5f       	subi	r16, 0xFF	; 255
    49cc:	1f 4f       	sbci	r17, 0xFF	; 255
    49ce:	e2 e0       	ldi	r30, 0x02	; 2
    49d0:	8e 0e       	add	r8, r30
    49d2:	91 1c       	adc	r9, r1
    49d4:	68 0c       	add	r6, r8
    49d6:	79 1c       	adc	r7, r9
    49d8:	fb 81       	ldd	r31, Y+3	; 0x03
    49da:	ff 23       	and	r31, r31
    49dc:	01 f1       	breq	.+64     	; 0x4a1e <fillCircleHelper+0x114>
    49de:	4d 81       	ldd	r20, Y+5	; 0x05
    49e0:	5e 81       	ldd	r21, Y+6	; 0x06
    49e2:	44 0f       	add	r20, r20
    49e4:	55 1f       	adc	r21, r21
    49e6:	89 81       	ldd	r24, Y+1	; 0x01
    49e8:	9a 81       	ldd	r25, Y+2	; 0x02
    49ea:	48 0f       	add	r20, r24
    49ec:	59 1f       	adc	r21, r25
    49ee:	97 01       	movw	r18, r14
    49f0:	b5 01       	movw	r22, r10
    49f2:	ed 81       	ldd	r30, Y+5	; 0x05
    49f4:	fe 81       	ldd	r31, Y+6	; 0x06
    49f6:	6e 1b       	sub	r22, r30
    49f8:	7f 0b       	sbc	r23, r31
    49fa:	c6 01       	movw	r24, r12
    49fc:	80 0f       	add	r24, r16
    49fe:	91 1f       	adc	r25, r17
    4a00:	0e 94 6a 24 	call	0x48d4	; 0x48d4 <drawFastVLine>
    4a04:	97 01       	movw	r18, r14
    4a06:	a2 01       	movw	r20, r4
    4a08:	48 0d       	add	r20, r8
    4a0a:	59 1d       	adc	r21, r9
    4a0c:	b5 01       	movw	r22, r10
    4a0e:	60 1b       	sub	r22, r16
    4a10:	71 0b       	sbc	r23, r17
    4a12:	8d 81       	ldd	r24, Y+5	; 0x05
    4a14:	9e 81       	ldd	r25, Y+6	; 0x06
    4a16:	8c 0d       	add	r24, r12
    4a18:	9d 1d       	adc	r25, r13
    4a1a:	0e 94 6a 24 	call	0x48d4	; 0x48d4 <drawFastVLine>
    4a1e:	fc 81       	ldd	r31, Y+4	; 0x04
    4a20:	ff 23       	and	r31, r31
    4a22:	09 f4       	brne	.+2      	; 0x4a26 <fillCircleHelper+0x11c>
    4a24:	a8 cf       	rjmp	.-176    	; 0x4976 <fillCircleHelper+0x6c>
    4a26:	4d 81       	ldd	r20, Y+5	; 0x05
    4a28:	5e 81       	ldd	r21, Y+6	; 0x06
    4a2a:	44 0f       	add	r20, r20
    4a2c:	55 1f       	adc	r21, r21
    4a2e:	89 81       	ldd	r24, Y+1	; 0x01
    4a30:	9a 81       	ldd	r25, Y+2	; 0x02
    4a32:	48 0f       	add	r20, r24
    4a34:	59 1f       	adc	r21, r25
    4a36:	97 01       	movw	r18, r14
    4a38:	b5 01       	movw	r22, r10
    4a3a:	ed 81       	ldd	r30, Y+5	; 0x05
    4a3c:	fe 81       	ldd	r31, Y+6	; 0x06
    4a3e:	6e 1b       	sub	r22, r30
    4a40:	7f 0b       	sbc	r23, r31
    4a42:	c6 01       	movw	r24, r12
    4a44:	80 1b       	sub	r24, r16
    4a46:	91 0b       	sbc	r25, r17
    4a48:	0e 94 6a 24 	call	0x48d4	; 0x48d4 <drawFastVLine>
    4a4c:	97 01       	movw	r18, r14
    4a4e:	a2 01       	movw	r20, r4
    4a50:	48 0d       	add	r20, r8
    4a52:	59 1d       	adc	r21, r9
    4a54:	b5 01       	movw	r22, r10
    4a56:	60 1b       	sub	r22, r16
    4a58:	71 0b       	sbc	r23, r17
    4a5a:	c6 01       	movw	r24, r12
    4a5c:	ed 81       	ldd	r30, Y+5	; 0x05
    4a5e:	fe 81       	ldd	r31, Y+6	; 0x06
    4a60:	8e 1b       	sub	r24, r30
    4a62:	9f 0b       	sbc	r25, r31
    4a64:	0e 94 6a 24 	call	0x48d4	; 0x48d4 <drawFastVLine>
    4a68:	86 cf       	rjmp	.-244    	; 0x4976 <fillCircleHelper+0x6c>

00004a6a <drawFastHLine>:
    4a6a:	0f 93       	push	r16
    4a6c:	1f 93       	push	r17
    4a6e:	cf 93       	push	r28
    4a70:	df 93       	push	r29
    4a72:	ea 01       	movw	r28, r20
    4a74:	89 01       	movw	r16, r18
    4a76:	ac 01       	movw	r20, r24
    4a78:	4c 0f       	add	r20, r28
    4a7a:	5d 1f       	adc	r21, r29
    4a7c:	41 50       	subi	r20, 0x01	; 1
    4a7e:	51 09       	sbc	r21, r1
    4a80:	9b 01       	movw	r18, r22
    4a82:	0e 94 ca 20 	call	0x4194	; 0x4194 <ILI9341_Set_Address>
    4a86:	1c 16       	cp	r1, r28
    4a88:	1d 06       	cpc	r1, r29
    4a8a:	24 f4       	brge	.+8      	; 0x4a94 <drawFastHLine+0x2a>
    4a8c:	be 01       	movw	r22, r28
    4a8e:	c8 01       	movw	r24, r16
    4a90:	0e 94 24 1f 	call	0x3e48	; 0x3e48 <spiWrite16.part.0>
    4a94:	c0 9a       	sbi	0x18, 0	; 24
    4a96:	df 91       	pop	r29
    4a98:	cf 91       	pop	r28
    4a9a:	1f 91       	pop	r17
    4a9c:	0f 91       	pop	r16
    4a9e:	08 95       	ret

00004aa0 <drawPixel>:
    4aa0:	20 91 03 01 	lds	r18, 0x0103	; 0x800103 <X_SIZE>
    4aa4:	30 91 04 01 	lds	r19, 0x0104	; 0x800104 <X_SIZE+0x1>
    4aa8:	82 17       	cp	r24, r18
    4aaa:	93 07       	cpc	r25, r19
    4aac:	08 f0       	brcs	.+2      	; 0x4ab0 <drawPixel+0x10>
    4aae:	58 c0       	rjmp	.+176    	; 0x4b60 <drawPixel+0xc0>
    4ab0:	20 91 01 01 	lds	r18, 0x0101	; 0x800101 <Y_SIZE>
    4ab4:	30 91 02 01 	lds	r19, 0x0102	; 0x800102 <Y_SIZE+0x1>
    4ab8:	62 17       	cp	r22, r18
    4aba:	73 07       	cpc	r23, r19
    4abc:	08 f0       	brcs	.+2      	; 0x4ac0 <drawPixel+0x20>
    4abe:	50 c0       	rjmp	.+160    	; 0x4b60 <drawPixel+0xc0>
    4ac0:	c0 98       	cbi	0x18, 0	; 24
    4ac2:	20 91 8c 02 	lds	r18, 0x028C	; 0x80028c <addr_col>
    4ac6:	30 91 8d 02 	lds	r19, 0x028D	; 0x80028d <addr_col+0x1>
    4aca:	82 17       	cp	r24, r18
    4acc:	93 07       	cpc	r25, r19
    4ace:	b1 f0       	breq	.+44     	; 0x4afc <drawPixel+0x5c>
    4ad0:	c2 98       	cbi	0x18, 2	; 24
    4ad2:	2a e2       	ldi	r18, 0x2A	; 42
    4ad4:	2f b9       	out	0x0f, r18	; 15
    4ad6:	77 9b       	sbis	0x0e, 7	; 14
    4ad8:	fe cf       	rjmp	.-4      	; 0x4ad6 <drawPixel+0x36>
    4ada:	90 93 8d 02 	sts	0x028D, r25	; 0x80028d <addr_col+0x1>
    4ade:	80 93 8c 02 	sts	0x028C, r24	; 0x80028c <addr_col>
    4ae2:	c2 9a       	sbi	0x18, 2	; 24
    4ae4:	9f b9       	out	0x0f, r25	; 15
    4ae6:	77 9b       	sbis	0x0e, 7	; 14
    4ae8:	fe cf       	rjmp	.-4      	; 0x4ae6 <drawPixel+0x46>
    4aea:	8f b9       	out	0x0f, r24	; 15
    4aec:	77 9b       	sbis	0x0e, 7	; 14
    4aee:	fe cf       	rjmp	.-4      	; 0x4aec <drawPixel+0x4c>
    4af0:	9f b9       	out	0x0f, r25	; 15
    4af2:	77 9b       	sbis	0x0e, 7	; 14
    4af4:	fe cf       	rjmp	.-4      	; 0x4af2 <drawPixel+0x52>
    4af6:	8f b9       	out	0x0f, r24	; 15
    4af8:	77 9b       	sbis	0x0e, 7	; 14
    4afa:	fe cf       	rjmp	.-4      	; 0x4af8 <drawPixel+0x58>
    4afc:	20 91 88 02 	lds	r18, 0x0288	; 0x800288 <addr_row>
    4b00:	30 91 89 02 	lds	r19, 0x0289	; 0x800289 <addr_row+0x1>
    4b04:	62 17       	cp	r22, r18
    4b06:	73 07       	cpc	r23, r19
    4b08:	b1 f0       	breq	.+44     	; 0x4b36 <drawPixel+0x96>
    4b0a:	c2 98       	cbi	0x18, 2	; 24
    4b0c:	2b e2       	ldi	r18, 0x2B	; 43
    4b0e:	2f b9       	out	0x0f, r18	; 15
    4b10:	77 9b       	sbis	0x0e, 7	; 14
    4b12:	fe cf       	rjmp	.-4      	; 0x4b10 <drawPixel+0x70>
    4b14:	70 93 89 02 	sts	0x0289, r23	; 0x800289 <addr_row+0x1>
    4b18:	60 93 88 02 	sts	0x0288, r22	; 0x800288 <addr_row>
    4b1c:	c2 9a       	sbi	0x18, 2	; 24
    4b1e:	7f b9       	out	0x0f, r23	; 15
    4b20:	77 9b       	sbis	0x0e, 7	; 14
    4b22:	fe cf       	rjmp	.-4      	; 0x4b20 <drawPixel+0x80>
    4b24:	6f b9       	out	0x0f, r22	; 15
    4b26:	77 9b       	sbis	0x0e, 7	; 14
    4b28:	fe cf       	rjmp	.-4      	; 0x4b26 <drawPixel+0x86>
    4b2a:	7f b9       	out	0x0f, r23	; 15
    4b2c:	77 9b       	sbis	0x0e, 7	; 14
    4b2e:	fe cf       	rjmp	.-4      	; 0x4b2c <drawPixel+0x8c>
    4b30:	6f b9       	out	0x0f, r22	; 15
    4b32:	77 9b       	sbis	0x0e, 7	; 14
    4b34:	fe cf       	rjmp	.-4      	; 0x4b32 <drawPixel+0x92>
    4b36:	c2 98       	cbi	0x18, 2	; 24
    4b38:	2c e2       	ldi	r18, 0x2C	; 44
    4b3a:	2f b9       	out	0x0f, r18	; 15
    4b3c:	77 9b       	sbis	0x0e, 7	; 14
    4b3e:	fe cf       	rjmp	.-4      	; 0x4b3c <drawPixel+0x9c>
    4b40:	c2 9a       	sbi	0x18, 2	; 24
    4b42:	5f b9       	out	0x0f, r21	; 15
    4b44:	77 9b       	sbis	0x0e, 7	; 14
    4b46:	fe cf       	rjmp	.-4      	; 0x4b44 <drawPixel+0xa4>
    4b48:	90 93 9b 02 	sts	0x029B, r25	; 0x80029b <win_xe+0x1>
    4b4c:	80 93 9a 02 	sts	0x029A, r24	; 0x80029a <win_xe>
    4b50:	4f b9       	out	0x0f, r20	; 15
    4b52:	77 9b       	sbis	0x0e, 7	; 14
    4b54:	fe cf       	rjmp	.-4      	; 0x4b52 <drawPixel+0xb2>
    4b56:	70 93 91 02 	sts	0x0291, r23	; 0x800291 <win_ye+0x1>
    4b5a:	60 93 90 02 	sts	0x0290, r22	; 0x800290 <win_ye>
    4b5e:	c0 9a       	sbi	0x18, 0	; 24
    4b60:	08 95       	ret

00004b62 <drawCircleHelper>:
    4b62:	2f 92       	push	r2
    4b64:	3f 92       	push	r3
    4b66:	4f 92       	push	r4
    4b68:	5f 92       	push	r5
    4b6a:	6f 92       	push	r6
    4b6c:	7f 92       	push	r7
    4b6e:	8f 92       	push	r8
    4b70:	9f 92       	push	r9
    4b72:	af 92       	push	r10
    4b74:	bf 92       	push	r11
    4b76:	cf 92       	push	r12
    4b78:	df 92       	push	r13
    4b7a:	ef 92       	push	r14
    4b7c:	ff 92       	push	r15
    4b7e:	0f 93       	push	r16
    4b80:	1f 93       	push	r17
    4b82:	cf 93       	push	r28
    4b84:	df 93       	push	r29
    4b86:	00 d0       	rcall	.+0      	; 0x4b88 <drawCircleHelper+0x26>
    4b88:	00 d0       	rcall	.+0      	; 0x4b8a <drawCircleHelper+0x28>
    4b8a:	cd b7       	in	r28, 0x3d	; 61
    4b8c:	de b7       	in	r29, 0x3e	; 62
    4b8e:	6c 01       	movw	r12, r24
    4b90:	5b 01       	movw	r10, r22
    4b92:	5c 83       	std	Y+4, r21	; 0x04
    4b94:	4b 83       	std	Y+3, r20	; 0x03
    4b96:	81 e0       	ldi	r24, 0x01	; 1
    4b98:	90 e0       	ldi	r25, 0x00	; 0
    4b9a:	4c 01       	movw	r8, r24
    4b9c:	84 1a       	sub	r8, r20
    4b9e:	95 0a       	sbc	r9, r21
    4ba0:	3a 01       	movw	r6, r20
    4ba2:	71 94       	neg	r7
    4ba4:	61 94       	neg	r6
    4ba6:	71 08       	sbc	r7, r1
    4ba8:	66 0c       	add	r6, r6
    4baa:	77 1c       	adc	r7, r7
    4bac:	f1 2c       	mov	r15, r1
    4bae:	e1 2c       	mov	r14, r1
    4bb0:	44 24       	eor	r4, r4
    4bb2:	43 94       	inc	r4
    4bb4:	51 2c       	mov	r5, r1
    4bb6:	32 2f       	mov	r19, r18
    4bb8:	34 70       	andi	r19, 0x04	; 4
    4bba:	39 83       	std	Y+1, r19	; 0x01
    4bbc:	42 2f       	mov	r20, r18
    4bbe:	42 70       	andi	r20, 0x02	; 2
    4bc0:	4a 83       	std	Y+2, r20	; 0x02
    4bc2:	52 2f       	mov	r21, r18
    4bc4:	58 70       	andi	r21, 0x08	; 8
    4bc6:	25 2e       	mov	r2, r21
    4bc8:	21 70       	andi	r18, 0x01	; 1
    4bca:	32 2e       	mov	r3, r18
    4bcc:	2b 81       	ldd	r18, Y+3	; 0x03
    4bce:	3c 81       	ldd	r19, Y+4	; 0x04
    4bd0:	e2 16       	cp	r14, r18
    4bd2:	f3 06       	cpc	r15, r19
    4bd4:	bc f0       	brlt	.+46     	; 0x4c04 <drawCircleHelper+0xa2>
    4bd6:	0f 90       	pop	r0
    4bd8:	0f 90       	pop	r0
    4bda:	0f 90       	pop	r0
    4bdc:	0f 90       	pop	r0
    4bde:	df 91       	pop	r29
    4be0:	cf 91       	pop	r28
    4be2:	1f 91       	pop	r17
    4be4:	0f 91       	pop	r16
    4be6:	ff 90       	pop	r15
    4be8:	ef 90       	pop	r14
    4bea:	df 90       	pop	r13
    4bec:	cf 90       	pop	r12
    4bee:	bf 90       	pop	r11
    4bf0:	af 90       	pop	r10
    4bf2:	9f 90       	pop	r9
    4bf4:	8f 90       	pop	r8
    4bf6:	7f 90       	pop	r7
    4bf8:	6f 90       	pop	r6
    4bfa:	5f 90       	pop	r5
    4bfc:	4f 90       	pop	r4
    4bfe:	3f 90       	pop	r3
    4c00:	2f 90       	pop	r2
    4c02:	08 95       	ret
    4c04:	97 fc       	sbrc	r9, 7
    4c06:	0a c0       	rjmp	.+20     	; 0x4c1c <drawCircleHelper+0xba>
    4c08:	8b 81       	ldd	r24, Y+3	; 0x03
    4c0a:	9c 81       	ldd	r25, Y+4	; 0x04
    4c0c:	01 97       	sbiw	r24, 0x01	; 1
    4c0e:	9c 83       	std	Y+4, r25	; 0x04
    4c10:	8b 83       	std	Y+3, r24	; 0x03
    4c12:	92 e0       	ldi	r25, 0x02	; 2
    4c14:	69 0e       	add	r6, r25
    4c16:	71 1c       	adc	r7, r1
    4c18:	86 0c       	add	r8, r6
    4c1a:	97 1c       	adc	r9, r7
    4c1c:	2f ef       	ldi	r18, 0xFF	; 255
    4c1e:	e2 1a       	sub	r14, r18
    4c20:	f2 0a       	sbc	r15, r18
    4c22:	32 e0       	ldi	r19, 0x02	; 2
    4c24:	43 0e       	add	r4, r19
    4c26:	51 1c       	adc	r5, r1
    4c28:	84 0c       	add	r8, r4
    4c2a:	95 1c       	adc	r9, r5
    4c2c:	49 81       	ldd	r20, Y+1	; 0x01
    4c2e:	44 23       	and	r20, r20
    4c30:	a1 f0       	breq	.+40     	; 0x4c5a <drawCircleHelper+0xf8>
    4c32:	a8 01       	movw	r20, r16
    4c34:	6b 81       	ldd	r22, Y+3	; 0x03
    4c36:	7c 81       	ldd	r23, Y+4	; 0x04
    4c38:	6a 0d       	add	r22, r10
    4c3a:	7b 1d       	adc	r23, r11
    4c3c:	c6 01       	movw	r24, r12
    4c3e:	8e 0d       	add	r24, r14
    4c40:	9f 1d       	adc	r25, r15
    4c42:	0e 94 50 25 	call	0x4aa0	; 0x4aa0 <drawPixel>
    4c46:	a8 01       	movw	r20, r16
    4c48:	b5 01       	movw	r22, r10
    4c4a:	6e 0d       	add	r22, r14
    4c4c:	7f 1d       	adc	r23, r15
    4c4e:	8b 81       	ldd	r24, Y+3	; 0x03
    4c50:	9c 81       	ldd	r25, Y+4	; 0x04
    4c52:	8c 0d       	add	r24, r12
    4c54:	9d 1d       	adc	r25, r13
    4c56:	0e 94 50 25 	call	0x4aa0	; 0x4aa0 <drawPixel>
    4c5a:	5a 81       	ldd	r21, Y+2	; 0x02
    4c5c:	55 23       	and	r21, r21
    4c5e:	a9 f0       	breq	.+42     	; 0x4c8a <drawCircleHelper+0x128>
    4c60:	a8 01       	movw	r20, r16
    4c62:	b5 01       	movw	r22, r10
    4c64:	8b 81       	ldd	r24, Y+3	; 0x03
    4c66:	9c 81       	ldd	r25, Y+4	; 0x04
    4c68:	68 1b       	sub	r22, r24
    4c6a:	79 0b       	sbc	r23, r25
    4c6c:	c6 01       	movw	r24, r12
    4c6e:	8e 0d       	add	r24, r14
    4c70:	9f 1d       	adc	r25, r15
    4c72:	0e 94 50 25 	call	0x4aa0	; 0x4aa0 <drawPixel>
    4c76:	a8 01       	movw	r20, r16
    4c78:	b5 01       	movw	r22, r10
    4c7a:	6e 19       	sub	r22, r14
    4c7c:	7f 09       	sbc	r23, r15
    4c7e:	8b 81       	ldd	r24, Y+3	; 0x03
    4c80:	9c 81       	ldd	r25, Y+4	; 0x04
    4c82:	8c 0d       	add	r24, r12
    4c84:	9d 1d       	adc	r25, r13
    4c86:	0e 94 50 25 	call	0x4aa0	; 0x4aa0 <drawPixel>
    4c8a:	22 20       	and	r2, r2
    4c8c:	a9 f0       	breq	.+42     	; 0x4cb8 <drawCircleHelper+0x156>
    4c8e:	a8 01       	movw	r20, r16
    4c90:	b5 01       	movw	r22, r10
    4c92:	6e 0d       	add	r22, r14
    4c94:	7f 1d       	adc	r23, r15
    4c96:	c6 01       	movw	r24, r12
    4c98:	2b 81       	ldd	r18, Y+3	; 0x03
    4c9a:	3c 81       	ldd	r19, Y+4	; 0x04
    4c9c:	82 1b       	sub	r24, r18
    4c9e:	93 0b       	sbc	r25, r19
    4ca0:	0e 94 50 25 	call	0x4aa0	; 0x4aa0 <drawPixel>
    4ca4:	a8 01       	movw	r20, r16
    4ca6:	6b 81       	ldd	r22, Y+3	; 0x03
    4ca8:	7c 81       	ldd	r23, Y+4	; 0x04
    4caa:	6a 0d       	add	r22, r10
    4cac:	7b 1d       	adc	r23, r11
    4cae:	c6 01       	movw	r24, r12
    4cb0:	8e 19       	sub	r24, r14
    4cb2:	9f 09       	sbc	r25, r15
    4cb4:	0e 94 50 25 	call	0x4aa0	; 0x4aa0 <drawPixel>
    4cb8:	33 20       	and	r3, r3
    4cba:	09 f4       	brne	.+2      	; 0x4cbe <drawCircleHelper+0x15c>
    4cbc:	87 cf       	rjmp	.-242    	; 0x4bcc <drawCircleHelper+0x6a>
    4cbe:	a8 01       	movw	r20, r16
    4cc0:	b5 01       	movw	r22, r10
    4cc2:	6e 19       	sub	r22, r14
    4cc4:	7f 09       	sbc	r23, r15
    4cc6:	c6 01       	movw	r24, r12
    4cc8:	2b 81       	ldd	r18, Y+3	; 0x03
    4cca:	3c 81       	ldd	r19, Y+4	; 0x04
    4ccc:	82 1b       	sub	r24, r18
    4cce:	93 0b       	sbc	r25, r19
    4cd0:	0e 94 50 25 	call	0x4aa0	; 0x4aa0 <drawPixel>
    4cd4:	a8 01       	movw	r20, r16
    4cd6:	b5 01       	movw	r22, r10
    4cd8:	8b 81       	ldd	r24, Y+3	; 0x03
    4cda:	9c 81       	ldd	r25, Y+4	; 0x04
    4cdc:	68 1b       	sub	r22, r24
    4cde:	79 0b       	sbc	r23, r25
    4ce0:	c6 01       	movw	r24, r12
    4ce2:	8e 19       	sub	r24, r14
    4ce4:	9f 09       	sbc	r25, r15
    4ce6:	0e 94 50 25 	call	0x4aa0	; 0x4aa0 <drawPixel>
    4cea:	70 cf       	rjmp	.-288    	; 0x4bcc <drawCircleHelper+0x6a>

00004cec <drawRoundRect>:
    4cec:	2f 92       	push	r2
    4cee:	3f 92       	push	r3
    4cf0:	4f 92       	push	r4
    4cf2:	5f 92       	push	r5
    4cf4:	6f 92       	push	r6
    4cf6:	7f 92       	push	r7
    4cf8:	8f 92       	push	r8
    4cfa:	9f 92       	push	r9
    4cfc:	af 92       	push	r10
    4cfe:	bf 92       	push	r11
    4d00:	cf 92       	push	r12
    4d02:	df 92       	push	r13
    4d04:	ef 92       	push	r14
    4d06:	ff 92       	push	r15
    4d08:	0f 93       	push	r16
    4d0a:	1f 93       	push	r17
    4d0c:	cf 93       	push	r28
    4d0e:	df 93       	push	r29
    4d10:	5c 01       	movw	r10, r24
    4d12:	6b 01       	movw	r12, r22
    4d14:	2a 01       	movw	r4, r20
    4d16:	39 01       	movw	r6, r18
    4d18:	e8 01       	movw	r28, r16
    4d1a:	8a 01       	movw	r16, r20
    4d1c:	0c 1b       	sub	r16, r28
    4d1e:	1d 0b       	sbc	r17, r29
    4d20:	0c 1b       	sub	r16, r28
    4d22:	1d 0b       	sbc	r17, r29
    4d24:	4e 01       	movw	r8, r28
    4d26:	88 0e       	add	r8, r24
    4d28:	99 1e       	adc	r9, r25
    4d2a:	97 01       	movw	r18, r14
    4d2c:	a8 01       	movw	r20, r16
    4d2e:	c4 01       	movw	r24, r8
    4d30:	0e 94 35 25 	call	0x4a6a	; 0x4a6a <drawFastHLine>
    4d34:	16 01       	movw	r2, r12
    4d36:	26 0c       	add	r2, r6
    4d38:	37 1c       	adc	r3, r7
    4d3a:	b1 01       	movw	r22, r2
    4d3c:	61 50       	subi	r22, 0x01	; 1
    4d3e:	71 09       	sbc	r23, r1
    4d40:	97 01       	movw	r18, r14
    4d42:	a8 01       	movw	r20, r16
    4d44:	c4 01       	movw	r24, r8
    4d46:	0e 94 35 25 	call	0x4a6a	; 0x4a6a <drawFastHLine>
    4d4a:	6c 1a       	sub	r6, r28
    4d4c:	7d 0a       	sbc	r7, r29
    4d4e:	6c 1a       	sub	r6, r28
    4d50:	7d 0a       	sbc	r7, r29
    4d52:	cc 0e       	add	r12, r28
    4d54:	dd 1e       	adc	r13, r29
    4d56:	97 01       	movw	r18, r14
    4d58:	a3 01       	movw	r20, r6
    4d5a:	b6 01       	movw	r22, r12
    4d5c:	c5 01       	movw	r24, r10
    4d5e:	0e 94 6a 24 	call	0x48d4	; 0x48d4 <drawFastVLine>
    4d62:	a4 0c       	add	r10, r4
    4d64:	b5 1c       	adc	r11, r5
    4d66:	97 01       	movw	r18, r14
    4d68:	a3 01       	movw	r20, r6
    4d6a:	b6 01       	movw	r22, r12
    4d6c:	c5 01       	movw	r24, r10
    4d6e:	01 97       	sbiw	r24, 0x01	; 1
    4d70:	0e 94 6a 24 	call	0x48d4	; 0x48d4 <drawFastVLine>
    4d74:	87 01       	movw	r16, r14
    4d76:	21 e0       	ldi	r18, 0x01	; 1
    4d78:	ae 01       	movw	r20, r28
    4d7a:	b6 01       	movw	r22, r12
    4d7c:	c4 01       	movw	r24, r8
    4d7e:	0e 94 b1 25 	call	0x4b62	; 0x4b62 <drawCircleHelper>
    4d82:	ac 1a       	sub	r10, r28
    4d84:	bd 0a       	sbc	r11, r29
    4d86:	81 e0       	ldi	r24, 0x01	; 1
    4d88:	a8 1a       	sub	r10, r24
    4d8a:	b1 08       	sbc	r11, r1
    4d8c:	22 e0       	ldi	r18, 0x02	; 2
    4d8e:	ae 01       	movw	r20, r28
    4d90:	b6 01       	movw	r22, r12
    4d92:	c5 01       	movw	r24, r10
    4d94:	0e 94 b1 25 	call	0x4b62	; 0x4b62 <drawCircleHelper>
    4d98:	2c 1a       	sub	r2, r28
    4d9a:	3d 0a       	sbc	r3, r29
    4d9c:	81 e0       	ldi	r24, 0x01	; 1
    4d9e:	28 1a       	sub	r2, r24
    4da0:	31 08       	sbc	r3, r1
    4da2:	24 e0       	ldi	r18, 0x04	; 4
    4da4:	ae 01       	movw	r20, r28
    4da6:	b1 01       	movw	r22, r2
    4da8:	c5 01       	movw	r24, r10
    4daa:	0e 94 b1 25 	call	0x4b62	; 0x4b62 <drawCircleHelper>
    4dae:	28 e0       	ldi	r18, 0x08	; 8
    4db0:	ae 01       	movw	r20, r28
    4db2:	b1 01       	movw	r22, r2
    4db4:	c4 01       	movw	r24, r8
    4db6:	0e 94 b1 25 	call	0x4b62	; 0x4b62 <drawCircleHelper>
    4dba:	df 91       	pop	r29
    4dbc:	cf 91       	pop	r28
    4dbe:	1f 91       	pop	r17
    4dc0:	0f 91       	pop	r16
    4dc2:	ff 90       	pop	r15
    4dc4:	ef 90       	pop	r14
    4dc6:	df 90       	pop	r13
    4dc8:	cf 90       	pop	r12
    4dca:	bf 90       	pop	r11
    4dcc:	af 90       	pop	r10
    4dce:	9f 90       	pop	r9
    4dd0:	8f 90       	pop	r8
    4dd2:	7f 90       	pop	r7
    4dd4:	6f 90       	pop	r6
    4dd6:	5f 90       	pop	r5
    4dd8:	4f 90       	pop	r4
    4dda:	3f 90       	pop	r3
    4ddc:	2f 90       	pop	r2
    4dde:	08 95       	ret

00004de0 <fillRect>:
    4de0:	ef 92       	push	r14
    4de2:	ff 92       	push	r15
    4de4:	0f 93       	push	r16
    4de6:	1f 93       	push	r17
    4de8:	cf 93       	push	r28
    4dea:	df 93       	push	r29
    4dec:	7a 01       	movw	r14, r20
    4dee:	e9 01       	movw	r28, r18
    4df0:	40 91 03 01 	lds	r20, 0x0103	; 0x800103 <X_SIZE>
    4df4:	50 91 04 01 	lds	r21, 0x0104	; 0x800104 <X_SIZE+0x1>
    4df8:	48 17       	cp	r20, r24
    4dfa:	59 07       	cpc	r21, r25
    4dfc:	80 f1       	brcs	.+96     	; 0x4e5e <fillRect+0x7e>
    4dfe:	20 91 01 01 	lds	r18, 0x0101	; 0x800101 <Y_SIZE>
    4e02:	30 91 02 01 	lds	r19, 0x0102	; 0x800102 <Y_SIZE+0x1>
    4e06:	26 17       	cp	r18, r22
    4e08:	37 07       	cpc	r19, r23
    4e0a:	48 f1       	brcs	.+82     	; 0x4e5e <fillRect+0x7e>
    4e0c:	e1 14       	cp	r14, r1
    4e0e:	f1 04       	cpc	r15, r1
    4e10:	31 f1       	breq	.+76     	; 0x4e5e <fillRect+0x7e>
    4e12:	20 97       	sbiw	r28, 0x00	; 0
    4e14:	21 f1       	breq	.+72     	; 0x4e5e <fillRect+0x7e>
    4e16:	fc 01       	movw	r30, r24
    4e18:	ee 0d       	add	r30, r14
    4e1a:	ff 1d       	adc	r31, r15
    4e1c:	31 97       	sbiw	r30, 0x01	; 1
    4e1e:	4e 17       	cp	r20, r30
    4e20:	5f 07       	cpc	r21, r31
    4e22:	18 f4       	brcc	.+6      	; 0x4e2a <fillRect+0x4a>
    4e24:	7a 01       	movw	r14, r20
    4e26:	e8 1a       	sub	r14, r24
    4e28:	f9 0a       	sbc	r15, r25
    4e2a:	ab 01       	movw	r20, r22
    4e2c:	4c 0f       	add	r20, r28
    4e2e:	5d 1f       	adc	r21, r29
    4e30:	41 50       	subi	r20, 0x01	; 1
    4e32:	51 09       	sbc	r21, r1
    4e34:	24 17       	cp	r18, r20
    4e36:	35 07       	cpc	r19, r21
    4e38:	18 f4       	brcc	.+6      	; 0x4e40 <fillRect+0x60>
    4e3a:	e9 01       	movw	r28, r18
    4e3c:	c6 1b       	sub	r28, r22
    4e3e:	d7 0b       	sbc	r29, r23
    4e40:	9e 01       	movw	r18, r28
    4e42:	26 0f       	add	r18, r22
    4e44:	37 1f       	adc	r19, r23
    4e46:	21 50       	subi	r18, 0x01	; 1
    4e48:	31 09       	sbc	r19, r1
    4e4a:	a7 01       	movw	r20, r14
    4e4c:	48 0f       	add	r20, r24
    4e4e:	59 1f       	adc	r21, r25
    4e50:	41 50       	subi	r20, 0x01	; 1
    4e52:	51 09       	sbc	r21, r1
    4e54:	0e 94 ca 20 	call	0x4194	; 0x4194 <ILI9341_Set_Address>
    4e58:	21 97       	sbiw	r28, 0x01	; 1
    4e5a:	40 f4       	brcc	.+16     	; 0x4e6c <fillRect+0x8c>
    4e5c:	c0 9a       	sbi	0x18, 0	; 24
    4e5e:	df 91       	pop	r29
    4e60:	cf 91       	pop	r28
    4e62:	1f 91       	pop	r17
    4e64:	0f 91       	pop	r16
    4e66:	ff 90       	pop	r15
    4e68:	ef 90       	pop	r14
    4e6a:	08 95       	ret
    4e6c:	1e 14       	cp	r1, r14
    4e6e:	1f 04       	cpc	r1, r15
    4e70:	9c f7       	brge	.-26     	; 0x4e58 <fillRect+0x78>
    4e72:	b7 01       	movw	r22, r14
    4e74:	c8 01       	movw	r24, r16
    4e76:	0e 94 24 1f 	call	0x3e48	; 0x3e48 <spiWrite16.part.0>
    4e7a:	ee cf       	rjmp	.-36     	; 0x4e58 <fillRect+0x78>

00004e7c <fillRoundRect>:
    4e7c:	2f 92       	push	r2
    4e7e:	3f 92       	push	r3
    4e80:	4f 92       	push	r4
    4e82:	5f 92       	push	r5
    4e84:	6f 92       	push	r6
    4e86:	7f 92       	push	r7
    4e88:	8f 92       	push	r8
    4e8a:	9f 92       	push	r9
    4e8c:	af 92       	push	r10
    4e8e:	bf 92       	push	r11
    4e90:	cf 92       	push	r12
    4e92:	df 92       	push	r13
    4e94:	ef 92       	push	r14
    4e96:	ff 92       	push	r15
    4e98:	0f 93       	push	r16
    4e9a:	1f 93       	push	r17
    4e9c:	cf 93       	push	r28
    4e9e:	df 93       	push	r29
    4ea0:	1c 01       	movw	r2, r24
    4ea2:	5b 01       	movw	r10, r22
    4ea4:	2a 01       	movw	r4, r20
    4ea6:	69 01       	movw	r12, r18
    4ea8:	e8 01       	movw	r28, r16
    4eaa:	38 01       	movw	r6, r16
    4eac:	68 0e       	add	r6, r24
    4eae:	79 1e       	adc	r7, r25
    4eb0:	40 1b       	sub	r20, r16
    4eb2:	51 0b       	sbc	r21, r17
    4eb4:	40 1b       	sub	r20, r16
    4eb6:	51 0b       	sbc	r21, r17
    4eb8:	87 01       	movw	r16, r14
    4eba:	c3 01       	movw	r24, r6
    4ebc:	0e 94 f0 26 	call	0x4de0	; 0x4de0 <fillRect>
    4ec0:	cc 1a       	sub	r12, r28
    4ec2:	dd 0a       	sbc	r13, r29
    4ec4:	cc 1a       	sub	r12, r28
    4ec6:	dd 0a       	sbc	r13, r29
    4ec8:	81 e0       	ldi	r24, 0x01	; 1
    4eca:	c8 1a       	sub	r12, r24
    4ecc:	d1 08       	sbc	r13, r1
    4ece:	ac 0e       	add	r10, r28
    4ed0:	bd 1e       	adc	r11, r29
    4ed2:	42 0c       	add	r4, r2
    4ed4:	53 1c       	adc	r5, r3
    4ed6:	c2 01       	movw	r24, r4
    4ed8:	8c 1b       	sub	r24, r28
    4eda:	9d 0b       	sbc	r25, r29
    4edc:	86 01       	movw	r16, r12
    4ede:	21 e0       	ldi	r18, 0x01	; 1
    4ee0:	ae 01       	movw	r20, r28
    4ee2:	b5 01       	movw	r22, r10
    4ee4:	01 97       	sbiw	r24, 0x01	; 1
    4ee6:	0e 94 85 24 	call	0x490a	; 0x490a <fillCircleHelper>
    4eea:	22 e0       	ldi	r18, 0x02	; 2
    4eec:	ae 01       	movw	r20, r28
    4eee:	b5 01       	movw	r22, r10
    4ef0:	c3 01       	movw	r24, r6
    4ef2:	0e 94 85 24 	call	0x490a	; 0x490a <fillCircleHelper>
    4ef6:	df 91       	pop	r29
    4ef8:	cf 91       	pop	r28
    4efa:	1f 91       	pop	r17
    4efc:	0f 91       	pop	r16
    4efe:	ff 90       	pop	r15
    4f00:	ef 90       	pop	r14
    4f02:	df 90       	pop	r13
    4f04:	cf 90       	pop	r12
    4f06:	bf 90       	pop	r11
    4f08:	af 90       	pop	r10
    4f0a:	9f 90       	pop	r9
    4f0c:	8f 90       	pop	r8
    4f0e:	7f 90       	pop	r7
    4f10:	6f 90       	pop	r6
    4f12:	5f 90       	pop	r5
    4f14:	4f 90       	pop	r4
    4f16:	3f 90       	pop	r3
    4f18:	2f 90       	pop	r2
    4f1a:	08 95       	ret

00004f1c <fillScreen>:
    4f1c:	0f 93       	push	r16
    4f1e:	1f 93       	push	r17
    4f20:	20 91 01 01 	lds	r18, 0x0101	; 0x800101 <Y_SIZE>
    4f24:	30 91 02 01 	lds	r19, 0x0102	; 0x800102 <Y_SIZE+0x1>
    4f28:	40 91 03 01 	lds	r20, 0x0103	; 0x800103 <X_SIZE>
    4f2c:	50 91 04 01 	lds	r21, 0x0104	; 0x800104 <X_SIZE+0x1>
    4f30:	8c 01       	movw	r16, r24
    4f32:	70 e0       	ldi	r23, 0x00	; 0
    4f34:	60 e0       	ldi	r22, 0x00	; 0
    4f36:	90 e0       	ldi	r25, 0x00	; 0
    4f38:	80 e0       	ldi	r24, 0x00	; 0
    4f3a:	0e 94 f0 26 	call	0x4de0	; 0x4de0 <fillRect>
    4f3e:	1f 91       	pop	r17
    4f40:	0f 91       	pop	r16
    4f42:	08 95       	ret

00004f44 <setTextColor>:
    4f44:	90 93 99 02 	sts	0x0299, r25	; 0x800299 <textcolor+0x1>
    4f48:	80 93 98 02 	sts	0x0298, r24	; 0x800298 <textcolor>
    4f4c:	70 93 97 02 	sts	0x0297, r23	; 0x800297 <textbgcolor+0x1>
    4f50:	60 93 96 02 	sts	0x0296, r22	; 0x800296 <textbgcolor>
    4f54:	08 95       	ret

00004f56 <setTextSize>:
    4f56:	88 30       	cpi	r24, 0x08	; 8
    4f58:	30 f4       	brcc	.+12     	; 0x4f66 <setTextSize+0x10>
    4f5a:	81 11       	cpse	r24, r1
    4f5c:	01 c0       	rjmp	.+2      	; 0x4f60 <setTextSize+0xa>
    4f5e:	81 e0       	ldi	r24, 0x01	; 1
    4f60:	80 93 94 02 	sts	0x0294, r24	; 0x800294 <textsize>
    4f64:	08 95       	ret
    4f66:	87 e0       	ldi	r24, 0x07	; 7
    4f68:	fb cf       	rjmp	.-10     	; 0x4f60 <setTextSize+0xa>

00004f6a <textWidth>:
    4f6a:	9b 01       	movw	r18, r22
    4f6c:	22 50       	subi	r18, 0x02	; 2
    4f6e:	31 09       	sbc	r19, r1
    4f70:	27 30       	cpi	r18, 0x07	; 7
    4f72:	31 05       	cpc	r19, r1
    4f74:	08 f5       	brcc	.+66     	; 0x4fb8 <textWidth+0x4e>
    4f76:	25 e0       	ldi	r18, 0x05	; 5
    4f78:	26 9f       	mul	r18, r22
    4f7a:	f0 01       	movw	r30, r0
    4f7c:	27 9f       	mul	r18, r23
    4f7e:	f0 0d       	add	r31, r0
    4f80:	11 24       	eor	r1, r1
    4f82:	e2 57       	subi	r30, 0x72	; 114
    4f84:	ff 4f       	sbci	r31, 0xFF	; 255
    4f86:	45 91       	lpm	r20, Z+
    4f88:	54 91       	lpm	r21, Z
    4f8a:	40 52       	subi	r20, 0x20	; 32
    4f8c:	51 09       	sbc	r21, r1
    4f8e:	dc 01       	movw	r26, r24
    4f90:	30 e0       	ldi	r19, 0x00	; 0
    4f92:	20 e0       	ldi	r18, 0x00	; 0
    4f94:	ed 91       	ld	r30, X+
    4f96:	e1 11       	cpse	r30, r1
    4f98:	08 c0       	rjmp	.+16     	; 0x4faa <textWidth+0x40>
    4f9a:	40 91 94 02 	lds	r20, 0x0294	; 0x800294 <textsize>
    4f9e:	42 9f       	mul	r20, r18
    4fa0:	c0 01       	movw	r24, r0
    4fa2:	43 9f       	mul	r20, r19
    4fa4:	90 0d       	add	r25, r0
    4fa6:	11 24       	eor	r1, r1
    4fa8:	08 95       	ret
    4faa:	e4 0f       	add	r30, r20
    4fac:	f5 2f       	mov	r31, r21
    4fae:	f1 1d       	adc	r31, r1
    4fb0:	e4 91       	lpm	r30, Z
    4fb2:	2e 0f       	add	r18, r30
    4fb4:	31 1d       	adc	r19, r1
    4fb6:	ee cf       	rjmp	.-36     	; 0x4f94 <textWidth+0x2a>
    4fb8:	90 e0       	ldi	r25, 0x00	; 0
    4fba:	80 e0       	ldi	r24, 0x00	; 0
    4fbc:	08 95       	ret

00004fbe <drawCharGL>:
    4fbe:	2f 92       	push	r2
    4fc0:	3f 92       	push	r3
    4fc2:	4f 92       	push	r4
    4fc4:	5f 92       	push	r5
    4fc6:	6f 92       	push	r6
    4fc8:	7f 92       	push	r7
    4fca:	8f 92       	push	r8
    4fcc:	9f 92       	push	r9
    4fce:	af 92       	push	r10
    4fd0:	bf 92       	push	r11
    4fd2:	cf 92       	push	r12
    4fd4:	df 92       	push	r13
    4fd6:	ef 92       	push	r14
    4fd8:	ff 92       	push	r15
    4fda:	0f 93       	push	r16
    4fdc:	1f 93       	push	r17
    4fde:	cf 93       	push	r28
    4fe0:	df 93       	push	r29
    4fe2:	00 d0       	rcall	.+0      	; 0x4fe4 <drawCharGL+0x26>
    4fe4:	00 d0       	rcall	.+0      	; 0x4fe6 <drawCharGL+0x28>
    4fe6:	00 d0       	rcall	.+0      	; 0x4fe8 <drawCharGL+0x2a>
    4fe8:	cd b7       	in	r28, 0x3d	; 61
    4fea:	de b7       	in	r29, 0x3e	; 62
    4fec:	e0 91 03 01 	lds	r30, 0x0103	; 0x800103 <X_SIZE>
    4ff0:	f0 91 04 01 	lds	r31, 0x0104	; 0x800104 <X_SIZE+0x1>
    4ff4:	8e 17       	cp	r24, r30
    4ff6:	9f 07       	cpc	r25, r31
    4ff8:	0c f0       	brlt	.+2      	; 0x4ffc <drawCharGL+0x3e>
    4ffa:	68 c0       	rjmp	.+208    	; 0x50cc <drawCharGL+0x10e>
    4ffc:	e0 91 01 01 	lds	r30, 0x0101	; 0x800101 <Y_SIZE>
    5000:	f0 91 02 01 	lds	r31, 0x0102	; 0x800102 <Y_SIZE+0x1>
    5004:	6e 17       	cp	r22, r30
    5006:	7f 07       	cpc	r23, r31
    5008:	0c f0       	brlt	.+2      	; 0x500c <drawCharGL+0x4e>
    500a:	60 c0       	rjmp	.+192    	; 0x50cc <drawCharGL+0x10e>
    500c:	ce 2c       	mov	r12, r14
    500e:	d1 2c       	mov	r13, r1
    5010:	fc 01       	movw	r30, r24
    5012:	56 e0       	ldi	r21, 0x06	; 6
    5014:	e5 9e       	mul	r14, r21
    5016:	e0 0d       	add	r30, r0
    5018:	f1 1d       	adc	r31, r1
    501a:	11 24       	eor	r1, r1
    501c:	1e 16       	cp	r1, r30
    501e:	1f 06       	cpc	r1, r31
    5020:	0c f0       	brlt	.+2      	; 0x5024 <drawCharGL+0x66>
    5022:	54 c0       	rjmp	.+168    	; 0x50cc <drawCharGL+0x10e>
    5024:	f6 01       	movw	r30, r12
    5026:	53 e0       	ldi	r21, 0x03	; 3
    5028:	ee 0f       	add	r30, r30
    502a:	ff 1f       	adc	r31, r31
    502c:	5a 95       	dec	r21
    502e:	e1 f7       	brne	.-8      	; 0x5028 <drawCharGL+0x6a>
    5030:	e6 0f       	add	r30, r22
    5032:	f7 1f       	adc	r31, r23
    5034:	1e 16       	cp	r1, r30
    5036:	1f 06       	cpc	r1, r31
    5038:	0c f0       	brlt	.+2      	; 0x503c <drawCharGL+0x7e>
    503a:	48 c0       	rjmp	.+144    	; 0x50cc <drawCharGL+0x10e>
    503c:	ec 82       	std	Y+4, r14	; 0x04
    503e:	58 01       	movw	r10, r16
    5040:	79 01       	movw	r14, r18
    5042:	2b 01       	movw	r4, r22
    5044:	25 e0       	ldi	r18, 0x05	; 5
    5046:	42 9f       	mul	r20, r18
    5048:	a0 01       	movw	r20, r0
    504a:	11 24       	eor	r1, r1
    504c:	9e 83       	std	Y+6, r25	; 0x06
    504e:	8d 83       	std	Y+5, r24	; 0x05
    5050:	3c 01       	movw	r6, r24
    5052:	19 82       	std	Y+1, r1	; 0x01
    5054:	47 5e       	subi	r20, 0xE7	; 231
    5056:	57 4f       	sbci	r21, 0xF7	; 247
    5058:	9a 01       	movw	r18, r20
    505a:	28 1b       	sub	r18, r24
    505c:	39 0b       	sbc	r19, r25
    505e:	3b 83       	std	Y+3, r19	; 0x03
    5060:	2a 83       	std	Y+2, r18	; 0x02
    5062:	39 81       	ldd	r19, Y+1	; 0x01
    5064:	31 2c       	mov	r3, r1
    5066:	35 30       	cpi	r19, 0x05	; 5
    5068:	39 f0       	breq	.+14     	; 0x5078 <drawCharGL+0xba>
    506a:	ea 81       	ldd	r30, Y+2	; 0x02
    506c:	fb 81       	ldd	r31, Y+3	; 0x03
    506e:	8d 81       	ldd	r24, Y+5	; 0x05
    5070:	9e 81       	ldd	r25, Y+6	; 0x06
    5072:	e8 0f       	add	r30, r24
    5074:	f9 1f       	adc	r31, r25
    5076:	34 90       	lpm	r3, Z
    5078:	9c 81       	ldd	r25, Y+4	; 0x04
    507a:	42 01       	movw	r8, r4
    507c:	88 e0       	ldi	r24, 0x08	; 8
    507e:	28 2e       	mov	r2, r24
    5080:	91 30       	cpi	r25, 0x01	; 1
    5082:	e9 f5       	brne	.+122    	; 0x50fe <drawCharGL+0x140>
    5084:	91 2c       	mov	r9, r1
    5086:	81 2c       	mov	r8, r1
    5088:	a7 01       	movw	r20, r14
    508a:	30 fc       	sbrc	r3, 0
    508c:	04 c0       	rjmp	.+8      	; 0x5096 <drawCharGL+0xd8>
    508e:	ae 14       	cp	r10, r14
    5090:	bf 04       	cpc	r11, r15
    5092:	41 f0       	breq	.+16     	; 0x50a4 <drawCharGL+0xe6>
    5094:	a5 01       	movw	r20, r10
    5096:	b2 01       	movw	r22, r4
    5098:	68 0d       	add	r22, r8
    509a:	79 1d       	adc	r23, r9
    509c:	8d 81       	ldd	r24, Y+5	; 0x05
    509e:	9e 81       	ldd	r25, Y+6	; 0x06
    50a0:	0e 94 50 25 	call	0x4aa0	; 0x4aa0 <drawPixel>
    50a4:	36 94       	lsr	r3
    50a6:	2f ef       	ldi	r18, 0xFF	; 255
    50a8:	82 1a       	sub	r8, r18
    50aa:	92 0a       	sbc	r9, r18
    50ac:	38 e0       	ldi	r19, 0x08	; 8
    50ae:	83 16       	cp	r8, r19
    50b0:	91 04       	cpc	r9, r1
    50b2:	51 f7       	brne	.-44     	; 0x5088 <drawCharGL+0xca>
    50b4:	6c 0c       	add	r6, r12
    50b6:	7d 1c       	adc	r7, r13
    50b8:	8d 81       	ldd	r24, Y+5	; 0x05
    50ba:	9e 81       	ldd	r25, Y+6	; 0x06
    50bc:	01 96       	adiw	r24, 0x01	; 1
    50be:	9e 83       	std	Y+6, r25	; 0x06
    50c0:	8d 83       	std	Y+5, r24	; 0x05
    50c2:	99 81       	ldd	r25, Y+1	; 0x01
    50c4:	9f 5f       	subi	r25, 0xFF	; 255
    50c6:	99 83       	std	Y+1, r25	; 0x01
    50c8:	96 30       	cpi	r25, 0x06	; 6
    50ca:	59 f6       	brne	.-106    	; 0x5062 <drawCharGL+0xa4>
    50cc:	26 96       	adiw	r28, 0x06	; 6
    50ce:	0f b6       	in	r0, 0x3f	; 63
    50d0:	f8 94       	cli
    50d2:	de bf       	out	0x3e, r29	; 62
    50d4:	0f be       	out	0x3f, r0	; 63
    50d6:	cd bf       	out	0x3d, r28	; 61
    50d8:	df 91       	pop	r29
    50da:	cf 91       	pop	r28
    50dc:	1f 91       	pop	r17
    50de:	0f 91       	pop	r16
    50e0:	ff 90       	pop	r15
    50e2:	ef 90       	pop	r14
    50e4:	df 90       	pop	r13
    50e6:	cf 90       	pop	r12
    50e8:	bf 90       	pop	r11
    50ea:	af 90       	pop	r10
    50ec:	9f 90       	pop	r9
    50ee:	8f 90       	pop	r8
    50f0:	7f 90       	pop	r7
    50f2:	6f 90       	pop	r6
    50f4:	5f 90       	pop	r5
    50f6:	4f 90       	pop	r4
    50f8:	3f 90       	pop	r3
    50fa:	2f 90       	pop	r2
    50fc:	08 95       	ret
    50fe:	87 01       	movw	r16, r14
    5100:	30 fc       	sbrc	r3, 0
    5102:	04 c0       	rjmp	.+8      	; 0x510c <drawCharGL+0x14e>
    5104:	ae 14       	cp	r10, r14
    5106:	bf 04       	cpc	r11, r15
    5108:	39 f0       	breq	.+14     	; 0x5118 <drawCharGL+0x15a>
    510a:	85 01       	movw	r16, r10
    510c:	96 01       	movw	r18, r12
    510e:	a6 01       	movw	r20, r12
    5110:	b4 01       	movw	r22, r8
    5112:	c3 01       	movw	r24, r6
    5114:	0e 94 f0 26 	call	0x4de0	; 0x4de0 <fillRect>
    5118:	36 94       	lsr	r3
    511a:	2a 94       	dec	r2
    511c:	8c 0c       	add	r8, r12
    511e:	9d 1c       	adc	r9, r13
    5120:	21 10       	cpse	r2, r1
    5122:	ed cf       	rjmp	.-38     	; 0x50fe <drawCharGL+0x140>
    5124:	c7 cf       	rjmp	.-114    	; 0x50b4 <drawCharGL+0xf6>

00005126 <drawChar>:
    5126:	2f 92       	push	r2
    5128:	3f 92       	push	r3
    512a:	4f 92       	push	r4
    512c:	5f 92       	push	r5
    512e:	6f 92       	push	r6
    5130:	7f 92       	push	r7
    5132:	8f 92       	push	r8
    5134:	9f 92       	push	r9
    5136:	af 92       	push	r10
    5138:	bf 92       	push	r11
    513a:	cf 92       	push	r12
    513c:	df 92       	push	r13
    513e:	ef 92       	push	r14
    5140:	ff 92       	push	r15
    5142:	0f 93       	push	r16
    5144:	1f 93       	push	r17
    5146:	cf 93       	push	r28
    5148:	df 93       	push	r29
    514a:	cd b7       	in	r28, 0x3d	; 61
    514c:	de b7       	in	r29, 0x3e	; 62
    514e:	64 97       	sbiw	r28, 0x14	; 20
    5150:	0f b6       	in	r0, 0x3f	; 63
    5152:	f8 94       	cli
    5154:	de bf       	out	0x3e, r29	; 62
    5156:	0f be       	out	0x3f, r0	; 63
    5158:	cd bf       	out	0x3d, r28	; 61
    515a:	6b 01       	movw	r12, r22
    515c:	5c 8b       	std	Y+20, r21	; 0x14
    515e:	4b 8b       	std	Y+19, r20	; 0x13
    5160:	a9 01       	movw	r20, r18
    5162:	20 91 98 02 	lds	r18, 0x0298	; 0x800298 <textcolor>
    5166:	30 91 99 02 	lds	r19, 0x0299	; 0x800299 <textcolor+0x1>
    516a:	00 91 96 02 	lds	r16, 0x0296	; 0x800296 <textbgcolor>
    516e:	10 91 97 02 	lds	r17, 0x0297	; 0x800297 <textbgcolor+0x1>
    5172:	e0 90 94 02 	lds	r14, 0x0294	; 0x800294 <textsize>
    5176:	41 30       	cpi	r20, 0x01	; 1
    5178:	51 05       	cpc	r21, r1
    517a:	29 f5       	brne	.+74     	; 0x51c6 <drawChar+0xa0>
    517c:	48 2f       	mov	r20, r24
    517e:	6b 89       	ldd	r22, Y+19	; 0x13
    5180:	7c 89       	ldd	r23, Y+20	; 0x14
    5182:	c6 01       	movw	r24, r12
    5184:	0e 94 df 27 	call	0x4fbe	; 0x4fbe <drawCharGL>
    5188:	80 91 94 02 	lds	r24, 0x0294	; 0x800294 <textsize>
    518c:	26 e0       	ldi	r18, 0x06	; 6
    518e:	82 9f       	mul	r24, r18
    5190:	c0 01       	movw	r24, r0
    5192:	11 24       	eor	r1, r1
    5194:	64 96       	adiw	r28, 0x14	; 20
    5196:	0f b6       	in	r0, 0x3f	; 63
    5198:	f8 94       	cli
    519a:	de bf       	out	0x3e, r29	; 62
    519c:	0f be       	out	0x3f, r0	; 63
    519e:	cd bf       	out	0x3d, r28	; 61
    51a0:	df 91       	pop	r29
    51a2:	cf 91       	pop	r28
    51a4:	1f 91       	pop	r17
    51a6:	0f 91       	pop	r16
    51a8:	ff 90       	pop	r15
    51aa:	ef 90       	pop	r14
    51ac:	df 90       	pop	r13
    51ae:	cf 90       	pop	r12
    51b0:	bf 90       	pop	r11
    51b2:	af 90       	pop	r10
    51b4:	9f 90       	pop	r9
    51b6:	8f 90       	pop	r8
    51b8:	7f 90       	pop	r7
    51ba:	6f 90       	pop	r6
    51bc:	5f 90       	pop	r5
    51be:	4f 90       	pop	r4
    51c0:	3f 90       	pop	r3
    51c2:	2f 90       	pop	r2
    51c4:	08 95       	ret
    51c6:	51 2c       	mov	r5, r1
    51c8:	41 2c       	mov	r4, r1
    51ca:	42 30       	cpi	r20, 0x02	; 2
    51cc:	51 05       	cpc	r21, r1
    51ce:	09 f0       	breq	.+2      	; 0x51d2 <drawChar+0xac>
    51d0:	71 c0       	rjmp	.+226    	; 0x52b4 <drawChar+0x18e>
    51d2:	80 97       	sbiw	r24, 0x20	; 32
    51d4:	fc 01       	movw	r30, r24
    51d6:	ee 0f       	add	r30, r30
    51d8:	ff 1f       	adc	r31, r31
    51da:	e7 54       	subi	r30, 0x47	; 71
    51dc:	ff 4f       	sbci	r31, 0xFF	; 255
    51de:	85 90       	lpm	r8, Z+
    51e0:	94 90       	lpm	r9, Z
    51e2:	fc 01       	movw	r30, r24
    51e4:	e7 54       	subi	r30, 0x47	; 71
    51e6:	f8 4f       	sbci	r31, 0xF8	; 248
    51e8:	44 91       	lpm	r20, Z
    51ea:	4b 83       	std	Y+3, r20	; 0x03
    51ec:	44 2e       	mov	r4, r20
    51ee:	51 2c       	mov	r5, r1
    51f0:	4e 9d       	mul	r20, r14
    51f2:	c0 01       	movw	r24, r0
    51f4:	11 24       	eor	r1, r1
    51f6:	b6 01       	movw	r22, r12
    51f8:	68 0f       	add	r22, r24
    51fa:	79 1f       	adc	r23, r25
    51fc:	40 91 03 01 	lds	r20, 0x0103	; 0x800103 <X_SIZE>
    5200:	50 91 04 01 	lds	r21, 0x0104	; 0x800104 <X_SIZE+0x1>
    5204:	64 17       	cp	r22, r20
    5206:	75 07       	cpc	r23, r21
    5208:	0c f0       	brlt	.+2      	; 0x520c <drawChar+0xe6>
    520a:	c4 cf       	rjmp	.-120    	; 0x5194 <drawChar+0x6e>
    520c:	12 01       	movw	r2, r4
    520e:	86 e0       	ldi	r24, 0x06	; 6
    5210:	28 0e       	add	r2, r24
    5212:	31 1c       	adc	r3, r1
    5214:	63 e0       	ldi	r22, 0x03	; 3
    5216:	35 94       	asr	r3
    5218:	27 94       	ror	r2
    521a:	6a 95       	dec	r22
    521c:	e1 f7       	brne	.-8      	; 0x5216 <drawChar+0xf0>
    521e:	20 17       	cp	r18, r16
    5220:	31 07       	cpc	r19, r17
    5222:	09 f0       	breq	.+2      	; 0x5226 <drawChar+0x100>
    5224:	4f c0       	rjmp	.+158    	; 0x52c4 <drawChar+0x19e>
    5226:	1a 82       	std	Y+2, r1	; 0x02
    5228:	19 82       	std	Y+1, r1	; 0x01
    522a:	f6 01       	movw	r30, r12
    522c:	37 96       	adiw	r30, 0x07	; 7
    522e:	fe 83       	std	Y+6, r31	; 0x06
    5230:	ed 83       	std	Y+5, r30	; 0x05
    5232:	c6 01       	movw	r24, r12
    5234:	06 96       	adiw	r24, 0x06	; 6
    5236:	98 87       	std	Y+8, r25	; 0x08
    5238:	8f 83       	std	Y+7, r24	; 0x07
    523a:	32 97       	sbiw	r30, 0x02	; 2
    523c:	fa 87       	std	Y+10, r31	; 0x0a
    523e:	e9 87       	std	Y+9, r30	; 0x09
    5240:	02 97       	sbiw	r24, 0x02	; 2
    5242:	9c 87       	std	Y+12, r25	; 0x0c
    5244:	8b 87       	std	Y+11, r24	; 0x0b
    5246:	32 97       	sbiw	r30, 0x02	; 2
    5248:	fe 87       	std	Y+14, r31	; 0x0e
    524a:	ed 87       	std	Y+13, r30	; 0x0d
    524c:	02 97       	sbiw	r24, 0x02	; 2
    524e:	98 8b       	std	Y+16, r25	; 0x10
    5250:	8f 87       	std	Y+15, r24	; 0x0f
    5252:	32 97       	sbiw	r30, 0x02	; 2
    5254:	fa 8b       	std	Y+18, r31	; 0x12
    5256:	e9 8b       	std	Y+17, r30	; 0x11
    5258:	00 91 96 02 	lds	r16, 0x0296	; 0x800296 <textbgcolor>
    525c:	10 91 97 02 	lds	r17, 0x0297	; 0x800297 <textbgcolor+0x1>
    5260:	80 91 98 02 	lds	r24, 0x0298	; 0x800298 <textcolor>
    5264:	90 91 99 02 	lds	r25, 0x0299	; 0x800299 <textcolor+0x1>
    5268:	80 17       	cp	r24, r16
    526a:	91 07       	cpc	r25, r17
    526c:	69 f0       	breq	.+26     	; 0x5288 <drawChar+0x162>
    526e:	40 91 94 02 	lds	r20, 0x0294	; 0x800294 <textsize>
    5272:	24 2f       	mov	r18, r20
    5274:	30 e0       	ldi	r19, 0x00	; 0
    5276:	8b 81       	ldd	r24, Y+3	; 0x03
    5278:	48 9f       	mul	r20, r24
    527a:	a0 01       	movw	r20, r0
    527c:	11 24       	eor	r1, r1
    527e:	6b 89       	ldd	r22, Y+19	; 0x13
    5280:	7c 89       	ldd	r23, Y+20	; 0x14
    5282:	c6 01       	movw	r24, r12
    5284:	0e 94 f0 26 	call	0x4de0	; 0x4de0 <fillRect>
    5288:	71 2c       	mov	r7, r1
    528a:	61 2c       	mov	r6, r1
    528c:	40 91 94 02 	lds	r20, 0x0294	; 0x800294 <textsize>
    5290:	62 14       	cp	r6, r2
    5292:	73 04       	cpc	r7, r3
    5294:	91 f5       	brne	.+100    	; 0x52fa <drawChar+0x1d4>
    5296:	8b 89       	ldd	r24, Y+19	; 0x13
    5298:	9c 89       	ldd	r25, Y+20	; 0x14
    529a:	84 0f       	add	r24, r20
    529c:	91 1d       	adc	r25, r1
    529e:	9c 8b       	std	Y+20, r25	; 0x14
    52a0:	8b 8b       	std	Y+19, r24	; 0x13
    52a2:	e9 81       	ldd	r30, Y+1	; 0x01
    52a4:	fa 81       	ldd	r31, Y+2	; 0x02
    52a6:	31 96       	adiw	r30, 0x01	; 1
    52a8:	fa 83       	std	Y+2, r31	; 0x02
    52aa:	e9 83       	std	Y+1, r30	; 0x01
    52ac:	82 0c       	add	r8, r2
    52ae:	93 1c       	adc	r9, r3
    52b0:	70 97       	sbiw	r30, 0x10	; 16
    52b2:	91 f6       	brne	.-92     	; 0x5258 <drawChar+0x132>
    52b4:	20 91 94 02 	lds	r18, 0x0294	; 0x800294 <textsize>
    52b8:	24 9d       	mul	r18, r4
    52ba:	c0 01       	movw	r24, r0
    52bc:	25 9d       	mul	r18, r5
    52be:	90 0d       	add	r25, r0
    52c0:	11 24       	eor	r1, r1
    52c2:	68 cf       	rjmp	.-304    	; 0x5194 <drawChar+0x6e>
    52c4:	f1 e0       	ldi	r31, 0x01	; 1
    52c6:	ef 12       	cpse	r14, r31
    52c8:	ae cf       	rjmp	.-164    	; 0x5226 <drawChar+0x100>
    52ca:	2b 89       	ldd	r18, Y+19	; 0x13
    52cc:	3c 89       	ldd	r19, Y+20	; 0x14
    52ce:	21 5f       	subi	r18, 0xF1	; 241
    52d0:	3f 4f       	sbci	r19, 0xFF	; 255
    52d2:	a1 01       	movw	r20, r2
    52d4:	93 e0       	ldi	r25, 0x03	; 3
    52d6:	44 0f       	add	r20, r20
    52d8:	55 1f       	adc	r21, r21
    52da:	9a 95       	dec	r25
    52dc:	e1 f7       	brne	.-8      	; 0x52d6 <drawChar+0x1b0>
    52de:	4c 0d       	add	r20, r12
    52e0:	5d 1d       	adc	r21, r13
    52e2:	41 50       	subi	r20, 0x01	; 1
    52e4:	51 09       	sbc	r21, r1
    52e6:	6b 89       	ldd	r22, Y+19	; 0x13
    52e8:	7c 89       	ldd	r23, Y+20	; 0x14
    52ea:	c6 01       	movw	r24, r12
    52ec:	0e 94 ca 20 	call	0x4194	; 0x4194 <ILI9341_Set_Address>
    52f0:	f1 2c       	mov	r15, r1
    52f2:	e1 2c       	mov	r14, r1
    52f4:	1a 82       	std	Y+2, r1	; 0x02
    52f6:	19 82       	std	Y+1, r1	; 0x01
    52f8:	4e c1       	rjmp	.+668    	; 0x5596 <drawChar+0x470>
    52fa:	f3 01       	movw	r30, r6
    52fc:	e8 0d       	add	r30, r8
    52fe:	f9 1d       	adc	r31, r9
    5300:	f4 90       	lpm	r15, Z
    5302:	ff 20       	and	r15, r15
    5304:	09 f4       	brne	.+2      	; 0x5308 <drawChar+0x1e2>
    5306:	7f c0       	rjmp	.+254    	; 0x5406 <drawChar+0x2e0>
    5308:	83 01       	movw	r16, r6
    530a:	53 e0       	ldi	r21, 0x03	; 3
    530c:	00 0f       	add	r16, r16
    530e:	11 1f       	adc	r17, r17
    5310:	5a 95       	dec	r21
    5312:	e1 f7       	brne	.-8      	; 0x530c <drawChar+0x1e6>
    5314:	9f 2d       	mov	r25, r15
    5316:	90 74       	andi	r25, 0x40	; 64
    5318:	9c 83       	std	Y+4, r25	; 0x04
    531a:	af 2d       	mov	r26, r15
    531c:	a0 72       	andi	r26, 0x20	; 32
    531e:	ea 2e       	mov	r14, r26
    5320:	41 30       	cpi	r20, 0x01	; 1
    5322:	09 f0       	breq	.+2      	; 0x5326 <drawChar+0x200>
    5324:	74 c0       	rjmp	.+232    	; 0x540e <drawChar+0x2e8>
    5326:	f7 fe       	sbrs	r15, 7
    5328:	0b c0       	rjmp	.+22     	; 0x5340 <drawChar+0x21a>
    532a:	40 91 98 02 	lds	r20, 0x0298	; 0x800298 <textcolor>
    532e:	50 91 99 02 	lds	r21, 0x0299	; 0x800299 <textcolor+0x1>
    5332:	6b 89       	ldd	r22, Y+19	; 0x13
    5334:	7c 89       	ldd	r23, Y+20	; 0x14
    5336:	c6 01       	movw	r24, r12
    5338:	80 0f       	add	r24, r16
    533a:	91 1f       	adc	r25, r17
    533c:	0e 94 50 25 	call	0x4aa0	; 0x4aa0 <drawPixel>
    5340:	ec 81       	ldd	r30, Y+4	; 0x04
    5342:	ee 23       	and	r30, r30
    5344:	61 f0       	breq	.+24     	; 0x535e <drawChar+0x238>
    5346:	40 91 98 02 	lds	r20, 0x0298	; 0x800298 <textcolor>
    534a:	50 91 99 02 	lds	r21, 0x0299	; 0x800299 <textcolor+0x1>
    534e:	6b 89       	ldd	r22, Y+19	; 0x13
    5350:	7c 89       	ldd	r23, Y+20	; 0x14
    5352:	89 89       	ldd	r24, Y+17	; 0x11
    5354:	9a 89       	ldd	r25, Y+18	; 0x12
    5356:	80 0f       	add	r24, r16
    5358:	91 1f       	adc	r25, r17
    535a:	0e 94 50 25 	call	0x4aa0	; 0x4aa0 <drawPixel>
    535e:	ee 20       	and	r14, r14
    5360:	61 f0       	breq	.+24     	; 0x537a <drawChar+0x254>
    5362:	40 91 98 02 	lds	r20, 0x0298	; 0x800298 <textcolor>
    5366:	50 91 99 02 	lds	r21, 0x0299	; 0x800299 <textcolor+0x1>
    536a:	6b 89       	ldd	r22, Y+19	; 0x13
    536c:	7c 89       	ldd	r23, Y+20	; 0x14
    536e:	8f 85       	ldd	r24, Y+15	; 0x0f
    5370:	98 89       	ldd	r25, Y+16	; 0x10
    5372:	80 0f       	add	r24, r16
    5374:	91 1f       	adc	r25, r17
    5376:	0e 94 50 25 	call	0x4aa0	; 0x4aa0 <drawPixel>
    537a:	f4 fe       	sbrs	r15, 4
    537c:	0c c0       	rjmp	.+24     	; 0x5396 <drawChar+0x270>
    537e:	40 91 98 02 	lds	r20, 0x0298	; 0x800298 <textcolor>
    5382:	50 91 99 02 	lds	r21, 0x0299	; 0x800299 <textcolor+0x1>
    5386:	6b 89       	ldd	r22, Y+19	; 0x13
    5388:	7c 89       	ldd	r23, Y+20	; 0x14
    538a:	8d 85       	ldd	r24, Y+13	; 0x0d
    538c:	9e 85       	ldd	r25, Y+14	; 0x0e
    538e:	80 0f       	add	r24, r16
    5390:	91 1f       	adc	r25, r17
    5392:	0e 94 50 25 	call	0x4aa0	; 0x4aa0 <drawPixel>
    5396:	f3 fe       	sbrs	r15, 3
    5398:	0c c0       	rjmp	.+24     	; 0x53b2 <drawChar+0x28c>
    539a:	40 91 98 02 	lds	r20, 0x0298	; 0x800298 <textcolor>
    539e:	50 91 99 02 	lds	r21, 0x0299	; 0x800299 <textcolor+0x1>
    53a2:	6b 89       	ldd	r22, Y+19	; 0x13
    53a4:	7c 89       	ldd	r23, Y+20	; 0x14
    53a6:	8b 85       	ldd	r24, Y+11	; 0x0b
    53a8:	9c 85       	ldd	r25, Y+12	; 0x0c
    53aa:	80 0f       	add	r24, r16
    53ac:	91 1f       	adc	r25, r17
    53ae:	0e 94 50 25 	call	0x4aa0	; 0x4aa0 <drawPixel>
    53b2:	f2 fe       	sbrs	r15, 2
    53b4:	0c c0       	rjmp	.+24     	; 0x53ce <drawChar+0x2a8>
    53b6:	40 91 98 02 	lds	r20, 0x0298	; 0x800298 <textcolor>
    53ba:	50 91 99 02 	lds	r21, 0x0299	; 0x800299 <textcolor+0x1>
    53be:	6b 89       	ldd	r22, Y+19	; 0x13
    53c0:	7c 89       	ldd	r23, Y+20	; 0x14
    53c2:	89 85       	ldd	r24, Y+9	; 0x09
    53c4:	9a 85       	ldd	r25, Y+10	; 0x0a
    53c6:	80 0f       	add	r24, r16
    53c8:	91 1f       	adc	r25, r17
    53ca:	0e 94 50 25 	call	0x4aa0	; 0x4aa0 <drawPixel>
    53ce:	f1 fe       	sbrs	r15, 1
    53d0:	0c c0       	rjmp	.+24     	; 0x53ea <drawChar+0x2c4>
    53d2:	40 91 98 02 	lds	r20, 0x0298	; 0x800298 <textcolor>
    53d6:	50 91 99 02 	lds	r21, 0x0299	; 0x800299 <textcolor+0x1>
    53da:	6b 89       	ldd	r22, Y+19	; 0x13
    53dc:	7c 89       	ldd	r23, Y+20	; 0x14
    53de:	8f 81       	ldd	r24, Y+7	; 0x07
    53e0:	98 85       	ldd	r25, Y+8	; 0x08
    53e2:	80 0f       	add	r24, r16
    53e4:	91 1f       	adc	r25, r17
    53e6:	0e 94 50 25 	call	0x4aa0	; 0x4aa0 <drawPixel>
    53ea:	f0 fe       	sbrs	r15, 0
    53ec:	0c c0       	rjmp	.+24     	; 0x5406 <drawChar+0x2e0>
    53ee:	40 91 98 02 	lds	r20, 0x0298	; 0x800298 <textcolor>
    53f2:	50 91 99 02 	lds	r21, 0x0299	; 0x800299 <textcolor+0x1>
    53f6:	6b 89       	ldd	r22, Y+19	; 0x13
    53f8:	7c 89       	ldd	r23, Y+20	; 0x14
    53fa:	8d 81       	ldd	r24, Y+5	; 0x05
    53fc:	9e 81       	ldd	r25, Y+6	; 0x06
    53fe:	80 0f       	add	r24, r16
    5400:	91 1f       	adc	r25, r17
    5402:	0e 94 50 25 	call	0x4aa0	; 0x4aa0 <drawPixel>
    5406:	ef ef       	ldi	r30, 0xFF	; 255
    5408:	6e 1a       	sub	r6, r30
    540a:	7e 0a       	sbc	r7, r30
    540c:	3f cf       	rjmp	.-386    	; 0x528c <drawChar+0x166>
    540e:	50 e0       	ldi	r21, 0x00	; 0
    5410:	40 9f       	mul	r20, r16
    5412:	50 01       	movw	r10, r0
    5414:	41 9f       	mul	r20, r17
    5416:	b0 0c       	add	r11, r0
    5418:	50 9f       	mul	r21, r16
    541a:	b0 0c       	add	r11, r0
    541c:	11 24       	eor	r1, r1
    541e:	ac 0c       	add	r10, r12
    5420:	bd 1c       	adc	r11, r13
    5422:	f7 fe       	sbrs	r15, 7
    5424:	0a c0       	rjmp	.+20     	; 0x543a <drawChar+0x314>
    5426:	00 91 98 02 	lds	r16, 0x0298	; 0x800298 <textcolor>
    542a:	10 91 99 02 	lds	r17, 0x0299	; 0x800299 <textcolor+0x1>
    542e:	9a 01       	movw	r18, r20
    5430:	6b 89       	ldd	r22, Y+19	; 0x13
    5432:	7c 89       	ldd	r23, Y+20	; 0x14
    5434:	c5 01       	movw	r24, r10
    5436:	0e 94 f0 26 	call	0x4de0	; 0x4de0 <fillRect>
    543a:	fc 81       	ldd	r31, Y+4	; 0x04
    543c:	ff 23       	and	r31, r31
    543e:	79 f0       	breq	.+30     	; 0x545e <drawChar+0x338>
    5440:	80 91 94 02 	lds	r24, 0x0294	; 0x800294 <textsize>
    5444:	90 e0       	ldi	r25, 0x00	; 0
    5446:	00 91 98 02 	lds	r16, 0x0298	; 0x800298 <textcolor>
    544a:	10 91 99 02 	lds	r17, 0x0299	; 0x800299 <textcolor+0x1>
    544e:	9c 01       	movw	r18, r24
    5450:	ac 01       	movw	r20, r24
    5452:	6b 89       	ldd	r22, Y+19	; 0x13
    5454:	7c 89       	ldd	r23, Y+20	; 0x14
    5456:	8a 0d       	add	r24, r10
    5458:	9b 1d       	adc	r25, r11
    545a:	0e 94 f0 26 	call	0x4de0	; 0x4de0 <fillRect>
    545e:	ee 20       	and	r14, r14
    5460:	89 f0       	breq	.+34     	; 0x5484 <drawChar+0x35e>
    5462:	40 91 94 02 	lds	r20, 0x0294	; 0x800294 <textsize>
    5466:	50 e0       	ldi	r21, 0x00	; 0
    5468:	00 91 98 02 	lds	r16, 0x0298	; 0x800298 <textcolor>
    546c:	10 91 99 02 	lds	r17, 0x0299	; 0x800299 <textcolor+0x1>
    5470:	ca 01       	movw	r24, r20
    5472:	88 0f       	add	r24, r24
    5474:	99 1f       	adc	r25, r25
    5476:	9a 01       	movw	r18, r20
    5478:	6b 89       	ldd	r22, Y+19	; 0x13
    547a:	7c 89       	ldd	r23, Y+20	; 0x14
    547c:	8a 0d       	add	r24, r10
    547e:	9b 1d       	adc	r25, r11
    5480:	0e 94 f0 26 	call	0x4de0	; 0x4de0 <fillRect>
    5484:	f4 fe       	sbrs	r15, 4
    5486:	14 c0       	rjmp	.+40     	; 0x54b0 <drawChar+0x38a>
    5488:	80 91 94 02 	lds	r24, 0x0294	; 0x800294 <textsize>
    548c:	48 2f       	mov	r20, r24
    548e:	50 e0       	ldi	r21, 0x00	; 0
    5490:	00 91 98 02 	lds	r16, 0x0298	; 0x800298 <textcolor>
    5494:	10 91 99 02 	lds	r17, 0x0299	; 0x800299 <textcolor+0x1>
    5498:	9a 01       	movw	r18, r20
    549a:	6b 89       	ldd	r22, Y+19	; 0x13
    549c:	7c 89       	ldd	r23, Y+20	; 0x14
    549e:	f5 01       	movw	r30, r10
    54a0:	a3 e0       	ldi	r26, 0x03	; 3
    54a2:	8a 9f       	mul	r24, r26
    54a4:	e0 0d       	add	r30, r0
    54a6:	f1 1d       	adc	r31, r1
    54a8:	11 24       	eor	r1, r1
    54aa:	cf 01       	movw	r24, r30
    54ac:	0e 94 f0 26 	call	0x4de0	; 0x4de0 <fillRect>
    54b0:	f3 fe       	sbrs	r15, 3
    54b2:	13 c0       	rjmp	.+38     	; 0x54da <drawChar+0x3b4>
    54b4:	40 91 94 02 	lds	r20, 0x0294	; 0x800294 <textsize>
    54b8:	50 e0       	ldi	r21, 0x00	; 0
    54ba:	00 91 98 02 	lds	r16, 0x0298	; 0x800298 <textcolor>
    54be:	10 91 99 02 	lds	r17, 0x0299	; 0x800299 <textcolor+0x1>
    54c2:	ca 01       	movw	r24, r20
    54c4:	88 0f       	add	r24, r24
    54c6:	99 1f       	adc	r25, r25
    54c8:	88 0f       	add	r24, r24
    54ca:	99 1f       	adc	r25, r25
    54cc:	9a 01       	movw	r18, r20
    54ce:	6b 89       	ldd	r22, Y+19	; 0x13
    54d0:	7c 89       	ldd	r23, Y+20	; 0x14
    54d2:	8a 0d       	add	r24, r10
    54d4:	9b 1d       	adc	r25, r11
    54d6:	0e 94 f0 26 	call	0x4de0	; 0x4de0 <fillRect>
    54da:	f2 fe       	sbrs	r15, 2
    54dc:	14 c0       	rjmp	.+40     	; 0x5506 <drawChar+0x3e0>
    54de:	80 91 94 02 	lds	r24, 0x0294	; 0x800294 <textsize>
    54e2:	48 2f       	mov	r20, r24
    54e4:	50 e0       	ldi	r21, 0x00	; 0
    54e6:	00 91 98 02 	lds	r16, 0x0298	; 0x800298 <textcolor>
    54ea:	10 91 99 02 	lds	r17, 0x0299	; 0x800299 <textcolor+0x1>
    54ee:	9a 01       	movw	r18, r20
    54f0:	6b 89       	ldd	r22, Y+19	; 0x13
    54f2:	7c 89       	ldd	r23, Y+20	; 0x14
    54f4:	f5 01       	movw	r30, r10
    54f6:	a5 e0       	ldi	r26, 0x05	; 5
    54f8:	8a 9f       	mul	r24, r26
    54fa:	e0 0d       	add	r30, r0
    54fc:	f1 1d       	adc	r31, r1
    54fe:	11 24       	eor	r1, r1
    5500:	cf 01       	movw	r24, r30
    5502:	0e 94 f0 26 	call	0x4de0	; 0x4de0 <fillRect>
    5506:	f1 fe       	sbrs	r15, 1
    5508:	14 c0       	rjmp	.+40     	; 0x5532 <drawChar+0x40c>
    550a:	80 91 94 02 	lds	r24, 0x0294	; 0x800294 <textsize>
    550e:	48 2f       	mov	r20, r24
    5510:	50 e0       	ldi	r21, 0x00	; 0
    5512:	00 91 98 02 	lds	r16, 0x0298	; 0x800298 <textcolor>
    5516:	10 91 99 02 	lds	r17, 0x0299	; 0x800299 <textcolor+0x1>
    551a:	9a 01       	movw	r18, r20
    551c:	6b 89       	ldd	r22, Y+19	; 0x13
    551e:	7c 89       	ldd	r23, Y+20	; 0x14
    5520:	f5 01       	movw	r30, r10
    5522:	a6 e0       	ldi	r26, 0x06	; 6
    5524:	8a 9f       	mul	r24, r26
    5526:	e0 0d       	add	r30, r0
    5528:	f1 1d       	adc	r31, r1
    552a:	11 24       	eor	r1, r1
    552c:	cf 01       	movw	r24, r30
    552e:	0e 94 f0 26 	call	0x4de0	; 0x4de0 <fillRect>
    5532:	f0 fe       	sbrs	r15, 0
    5534:	68 cf       	rjmp	.-304    	; 0x5406 <drawChar+0x2e0>
    5536:	80 91 94 02 	lds	r24, 0x0294	; 0x800294 <textsize>
    553a:	48 2f       	mov	r20, r24
    553c:	50 e0       	ldi	r21, 0x00	; 0
    553e:	00 91 98 02 	lds	r16, 0x0298	; 0x800298 <textcolor>
    5542:	10 91 99 02 	lds	r17, 0x0299	; 0x800299 <textcolor+0x1>
    5546:	9a 01       	movw	r18, r20
    5548:	6b 89       	ldd	r22, Y+19	; 0x13
    554a:	7c 89       	ldd	r23, Y+20	; 0x14
    554c:	f5 01       	movw	r30, r10
    554e:	a7 e0       	ldi	r26, 0x07	; 7
    5550:	8a 9f       	mul	r24, r26
    5552:	e0 0d       	add	r30, r0
    5554:	f1 1d       	adc	r31, r1
    5556:	11 24       	eor	r1, r1
    5558:	cf 01       	movw	r24, r30
    555a:	0e 94 f0 26 	call	0x4de0	; 0x4de0 <fillRect>
    555e:	53 cf       	rjmp	.-346    	; 0x5406 <drawChar+0x2e0>
    5560:	e9 81       	ldd	r30, Y+1	; 0x01
    5562:	fa 81       	ldd	r31, Y+2	; 0x02
    5564:	e8 0d       	add	r30, r8
    5566:	f9 1d       	adc	r31, r9
    5568:	c4 90       	lpm	r12, Z
    556a:	08 e0       	ldi	r16, 0x08	; 8
    556c:	10 e0       	ldi	r17, 0x00	; 0
    556e:	80 e8       	ldi	r24, 0x80	; 128
    5570:	d8 2e       	mov	r13, r24
    5572:	8c 2d       	mov	r24, r12
    5574:	8d 21       	and	r24, r13
    5576:	11 f1       	breq	.+68     	; 0x55bc <drawChar+0x496>
    5578:	80 91 98 02 	lds	r24, 0x0298	; 0x800298 <textcolor>
    557c:	90 91 99 02 	lds	r25, 0x0299	; 0x800299 <textcolor+0x1>
    5580:	0e 94 43 1f 	call	0x3e86	; 0x3e86 <spi_send16>
    5584:	d6 94       	lsr	r13
    5586:	01 50       	subi	r16, 0x01	; 1
    5588:	11 09       	sbc	r17, r1
    558a:	99 f7       	brne	.-26     	; 0x5572 <drawChar+0x44c>
    558c:	89 81       	ldd	r24, Y+1	; 0x01
    558e:	9a 81       	ldd	r25, Y+2	; 0x02
    5590:	01 96       	adiw	r24, 0x01	; 1
    5592:	9a 83       	std	Y+2, r25	; 0x02
    5594:	89 83       	std	Y+1, r24	; 0x01
    5596:	e9 81       	ldd	r30, Y+1	; 0x01
    5598:	fa 81       	ldd	r31, Y+2	; 0x02
    559a:	e2 15       	cp	r30, r2
    559c:	f3 05       	cpc	r31, r3
    559e:	01 f7       	brne	.-64     	; 0x5560 <drawChar+0x43a>
    55a0:	ff ef       	ldi	r31, 0xFF	; 255
    55a2:	ef 1a       	sub	r14, r31
    55a4:	ff 0a       	sbc	r15, r31
    55a6:	82 0c       	add	r8, r2
    55a8:	93 1c       	adc	r9, r3
    55aa:	20 e1       	ldi	r18, 0x10	; 16
    55ac:	e2 16       	cp	r14, r18
    55ae:	f1 04       	cpc	r15, r1
    55b0:	09 f0       	breq	.+2      	; 0x55b4 <drawChar+0x48e>
    55b2:	a0 ce       	rjmp	.-704    	; 0x52f4 <drawChar+0x1ce>
    55b4:	77 9b       	sbis	0x0e, 7	; 14
    55b6:	fe cf       	rjmp	.-4      	; 0x55b4 <drawChar+0x48e>
    55b8:	c0 9a       	sbi	0x18, 0	; 24
    55ba:	7c ce       	rjmp	.-776    	; 0x52b4 <drawChar+0x18e>
    55bc:	80 91 96 02 	lds	r24, 0x0296	; 0x800296 <textbgcolor>
    55c0:	90 91 97 02 	lds	r25, 0x0297	; 0x800297 <textbgcolor+0x1>
    55c4:	dd cf       	rjmp	.-70     	; 0x5580 <drawChar+0x45a>

000055c6 <drawString>:
    55c6:	8f 92       	push	r8
    55c8:	9f 92       	push	r9
    55ca:	af 92       	push	r10
    55cc:	bf 92       	push	r11
    55ce:	cf 92       	push	r12
    55d0:	df 92       	push	r13
    55d2:	ef 92       	push	r14
    55d4:	ff 92       	push	r15
    55d6:	0f 93       	push	r16
    55d8:	1f 93       	push	r17
    55da:	cf 93       	push	r28
    55dc:	df 93       	push	r29
    55de:	00 d0       	rcall	.+0      	; 0x55e0 <drawString+0x1a>
    55e0:	1f 92       	push	r1
    55e2:	cd b7       	in	r28, 0x3d	; 61
    55e4:	de b7       	in	r29, 0x3e	; 62
    55e6:	5c 01       	movw	r10, r24
    55e8:	7b 01       	movw	r14, r22
    55ea:	5b 83       	std	Y+3, r21	; 0x03
    55ec:	4a 83       	std	Y+2, r20	; 0x02
    55ee:	49 01       	movw	r8, r18
    55f0:	80 91 8e 02 	lds	r24, 0x028E	; 0x80028e <textdatum>
    55f4:	81 11       	cpse	r24, r1
    55f6:	07 c0       	rjmp	.+14     	; 0x5606 <drawString+0x40>
    55f8:	80 91 9c 02 	lds	r24, 0x029C	; 0x80029c <padX>
    55fc:	90 91 9d 02 	lds	r25, 0x029D	; 0x80029d <padX+0x1>
    5600:	89 2b       	or	r24, r25
    5602:	09 f4       	brne	.+2      	; 0x5606 <drawString+0x40>
    5604:	e9 c0       	rjmp	.+466    	; 0x57d8 <drawString+0x212>
    5606:	b4 01       	movw	r22, r8
    5608:	c5 01       	movw	r24, r10
    560a:	0e 94 b5 27 	call	0x4f6a	; 0x4f6a <textWidth>
    560e:	25 e0       	ldi	r18, 0x05	; 5
    5610:	28 9d       	mul	r18, r8
    5612:	f0 01       	movw	r30, r0
    5614:	29 9d       	mul	r18, r9
    5616:	f0 0d       	add	r31, r0
    5618:	11 24       	eor	r1, r1
    561a:	e0 57       	subi	r30, 0x70	; 112
    561c:	ff 4f       	sbci	r31, 0xFF	; 255
    561e:	e4 91       	lpm	r30, Z
    5620:	c0 90 94 02 	lds	r12, 0x0294	; 0x800294 <textsize>
    5624:	ec 9d       	mul	r30, r12
    5626:	60 01       	movw	r12, r0
    5628:	11 24       	eor	r1, r1
    562a:	e0 91 8e 02 	lds	r30, 0x028E	; 0x80028e <textdatum>
    562e:	e1 50       	subi	r30, 0x01	; 1
    5630:	e8 30       	cpi	r30, 0x08	; 8
    5632:	08 f0       	brcs	.+2      	; 0x5636 <drawString+0x70>
    5634:	8a c0       	rjmp	.+276    	; 0x574a <drawString+0x184>
    5636:	f0 e0       	ldi	r31, 0x00	; 0
    5638:	e0 5e       	subi	r30, 0xE0	; 224
    563a:	f4 4d       	sbci	r31, 0xD4	; 212
    563c:	0c 94 6a 3a 	jmp	0x74d4	; 0x74d4 <__tablejump2__>
    5640:	28 2b       	or	r18, r24
    5642:	5a 2b       	or	r21, r26
    5644:	5f 2b       	or	r21, r31
    5646:	6b 2b       	or	r22, r27
    5648:	7c 2b       	or	r23, r28
    564a:	89 2b       	or	r24, r25
    564c:	91 2b       	or	r25, r17
    564e:	9e 2b       	or	r25, r30
    5650:	9c 01       	movw	r18, r24
    5652:	36 95       	lsr	r19
    5654:	27 95       	ror	r18
    5656:	e2 1a       	sub	r14, r18
    5658:	f3 0a       	sbc	r15, r19
    565a:	22 e0       	ldi	r18, 0x02	; 2
    565c:	29 83       	std	Y+1, r18	; 0x01
    565e:	f7 fe       	sbrs	r15, 7
    5660:	02 c0       	rjmp	.+4      	; 0x5666 <drawString+0xa0>
    5662:	f1 2c       	mov	r15, r1
    5664:	e1 2c       	mov	r14, r1
    5666:	20 91 03 01 	lds	r18, 0x0103	; 0x800103 <X_SIZE>
    566a:	30 91 04 01 	lds	r19, 0x0104	; 0x800104 <X_SIZE+0x1>
    566e:	a7 01       	movw	r20, r14
    5670:	48 0f       	add	r20, r24
    5672:	59 1f       	adc	r21, r25
    5674:	24 17       	cp	r18, r20
    5676:	35 07       	cpc	r19, r21
    5678:	18 f4       	brcc	.+6      	; 0x5680 <drawString+0xba>
    567a:	79 01       	movw	r14, r18
    567c:	e8 1a       	sub	r14, r24
    567e:	f9 0a       	sbc	r15, r25
    5680:	2a 81       	ldd	r18, Y+2	; 0x02
    5682:	3b 81       	ldd	r19, Y+3	; 0x03
    5684:	37 ff       	sbrs	r19, 7
    5686:	02 c0       	rjmp	.+4      	; 0x568c <drawString+0xc6>
    5688:	1b 82       	std	Y+3, r1	; 0x03
    568a:	1a 82       	std	Y+2, r1	; 0x02
    568c:	80 91 01 01 	lds	r24, 0x0101	; 0x800101 <Y_SIZE>
    5690:	90 91 02 01 	lds	r25, 0x0102	; 0x800102 <Y_SIZE+0x1>
    5694:	2a 81       	ldd	r18, Y+2	; 0x02
    5696:	3b 81       	ldd	r19, Y+3	; 0x03
    5698:	2c 0d       	add	r18, r12
    569a:	3d 1d       	adc	r19, r13
    569c:	82 17       	cp	r24, r18
    569e:	93 07       	cpc	r25, r19
    56a0:	28 f4       	brcc	.+10     	; 0x56ac <drawString+0xe6>
    56a2:	ac 01       	movw	r20, r24
    56a4:	4c 19       	sub	r20, r12
    56a6:	5d 09       	sbc	r21, r13
    56a8:	5b 83       	std	Y+3, r21	; 0x03
    56aa:	4a 83       	std	Y+2, r20	; 0x02
    56ac:	85 01       	movw	r16, r10
    56ae:	b1 2c       	mov	r11, r1
    56b0:	a1 2c       	mov	r10, r1
    56b2:	59 c0       	rjmp	.+178    	; 0x5766 <drawString+0x1a0>
    56b4:	e8 1a       	sub	r14, r24
    56b6:	f9 0a       	sbc	r15, r25
    56b8:	33 e0       	ldi	r19, 0x03	; 3
    56ba:	39 83       	std	Y+1, r19	; 0x01
    56bc:	d0 cf       	rjmp	.-96     	; 0x565e <drawString+0x98>
    56be:	96 01       	movw	r18, r12
    56c0:	36 95       	lsr	r19
    56c2:	27 95       	ror	r18
    56c4:	4a 81       	ldd	r20, Y+2	; 0x02
    56c6:	5b 81       	ldd	r21, Y+3	; 0x03
    56c8:	42 1b       	sub	r20, r18
    56ca:	53 0b       	sbc	r21, r19
    56cc:	5b 83       	std	Y+3, r21	; 0x03
    56ce:	4a 83       	std	Y+2, r20	; 0x02
    56d0:	51 e0       	ldi	r21, 0x01	; 1
    56d2:	59 83       	std	Y+1, r21	; 0x01
    56d4:	c4 cf       	rjmp	.-120    	; 0x565e <drawString+0x98>
    56d6:	9c 01       	movw	r18, r24
    56d8:	36 95       	lsr	r19
    56da:	27 95       	ror	r18
    56dc:	e2 1a       	sub	r14, r18
    56de:	f3 0a       	sbc	r15, r19
    56e0:	96 01       	movw	r18, r12
    56e2:	36 95       	lsr	r19
    56e4:	27 95       	ror	r18
    56e6:	ea 81       	ldd	r30, Y+2	; 0x02
    56e8:	fb 81       	ldd	r31, Y+3	; 0x03
    56ea:	e2 1b       	sub	r30, r18
    56ec:	f3 0b       	sbc	r31, r19
    56ee:	fb 83       	std	Y+3, r31	; 0x03
    56f0:	ea 83       	std	Y+2, r30	; 0x02
    56f2:	f2 e0       	ldi	r31, 0x02	; 2
    56f4:	f9 83       	std	Y+1, r31	; 0x01
    56f6:	b3 cf       	rjmp	.-154    	; 0x565e <drawString+0x98>
    56f8:	e8 1a       	sub	r14, r24
    56fa:	f9 0a       	sbc	r15, r25
    56fc:	96 01       	movw	r18, r12
    56fe:	36 95       	lsr	r19
    5700:	27 95       	ror	r18
    5702:	4a 81       	ldd	r20, Y+2	; 0x02
    5704:	5b 81       	ldd	r21, Y+3	; 0x03
    5706:	42 1b       	sub	r20, r18
    5708:	53 0b       	sbc	r21, r19
    570a:	5b 83       	std	Y+3, r21	; 0x03
    570c:	4a 83       	std	Y+2, r20	; 0x02
    570e:	53 e0       	ldi	r21, 0x03	; 3
    5710:	e0 cf       	rjmp	.-64     	; 0x56d2 <drawString+0x10c>
    5712:	ea 81       	ldd	r30, Y+2	; 0x02
    5714:	fb 81       	ldd	r31, Y+3	; 0x03
    5716:	ec 19       	sub	r30, r12
    5718:	fd 09       	sbc	r31, r13
    571a:	fb 83       	std	Y+3, r31	; 0x03
    571c:	ea 83       	std	Y+2, r30	; 0x02
    571e:	f1 e0       	ldi	r31, 0x01	; 1
    5720:	e9 cf       	rjmp	.-46     	; 0x56f4 <drawString+0x12e>
    5722:	9c 01       	movw	r18, r24
    5724:	36 95       	lsr	r19
    5726:	27 95       	ror	r18
    5728:	e2 1a       	sub	r14, r18
    572a:	f3 0a       	sbc	r15, r19
    572c:	2a 81       	ldd	r18, Y+2	; 0x02
    572e:	3b 81       	ldd	r19, Y+3	; 0x03
    5730:	2c 19       	sub	r18, r12
    5732:	3d 09       	sbc	r19, r13
    5734:	3b 83       	std	Y+3, r19	; 0x03
    5736:	2a 83       	std	Y+2, r18	; 0x02
    5738:	32 e0       	ldi	r19, 0x02	; 2
    573a:	bf cf       	rjmp	.-130    	; 0x56ba <drawString+0xf4>
    573c:	e8 1a       	sub	r14, r24
    573e:	f9 0a       	sbc	r15, r25
    5740:	4a 81       	ldd	r20, Y+2	; 0x02
    5742:	5b 81       	ldd	r21, Y+3	; 0x03
    5744:	4c 19       	sub	r20, r12
    5746:	5d 09       	sbc	r21, r13
    5748:	e0 cf       	rjmp	.-64     	; 0x570a <drawString+0x144>
    574a:	e1 e0       	ldi	r30, 0x01	; 1
    574c:	e9 83       	std	Y+1, r30	; 0x01
    574e:	87 cf       	rjmp	.-242    	; 0x565e <drawString+0x98>
    5750:	b5 01       	movw	r22, r10
    5752:	6e 0d       	add	r22, r14
    5754:	7f 1d       	adc	r23, r15
    5756:	94 01       	movw	r18, r8
    5758:	4a 81       	ldd	r20, Y+2	; 0x02
    575a:	5b 81       	ldd	r21, Y+3	; 0x03
    575c:	90 e0       	ldi	r25, 0x00	; 0
    575e:	0e 94 93 28 	call	0x5126	; 0x5126 <drawChar>
    5762:	a8 0e       	add	r10, r24
    5764:	b9 1e       	adc	r11, r25
    5766:	f8 01       	movw	r30, r16
    5768:	81 91       	ld	r24, Z+
    576a:	8f 01       	movw	r16, r30
    576c:	81 11       	cpse	r24, r1
    576e:	f0 cf       	rjmp	.-32     	; 0x5750 <drawString+0x18a>
    5770:	e0 91 9c 02 	lds	r30, 0x029C	; 0x80029c <padX>
    5774:	f0 91 9d 02 	lds	r31, 0x029D	; 0x80029d <padX+0x1>
    5778:	ae 16       	cp	r10, r30
    577a:	bf 06       	cpc	r11, r31
    577c:	e4 f4       	brge	.+56     	; 0x57b6 <drawString+0x1f0>
    577e:	00 91 96 02 	lds	r16, 0x0296	; 0x800296 <textbgcolor>
    5782:	10 91 97 02 	lds	r17, 0x0297	; 0x800297 <textbgcolor+0x1>
    5786:	80 91 98 02 	lds	r24, 0x0298	; 0x800298 <textcolor>
    578a:	90 91 99 02 	lds	r25, 0x0299	; 0x800299 <textcolor+0x1>
    578e:	80 17       	cp	r24, r16
    5790:	91 07       	cpc	r25, r17
    5792:	89 f0       	breq	.+34     	; 0x57b6 <drawString+0x1f0>
    5794:	c5 01       	movw	r24, r10
    5796:	8e 0d       	add	r24, r14
    5798:	9f 1d       	adc	r25, r15
    579a:	29 81       	ldd	r18, Y+1	; 0x01
    579c:	22 30       	cpi	r18, 0x02	; 2
    579e:	09 f1       	breq	.+66     	; 0x57e2 <drawString+0x21c>
    57a0:	23 30       	cpi	r18, 0x03	; 3
    57a2:	09 f4       	brne	.+2      	; 0x57a6 <drawString+0x1e0>
    57a4:	41 c0       	rjmp	.+130    	; 0x5828 <drawString+0x262>
    57a6:	af 01       	movw	r20, r30
    57a8:	4a 19       	sub	r20, r10
    57aa:	5b 09       	sbc	r21, r11
    57ac:	96 01       	movw	r18, r12
    57ae:	6a 81       	ldd	r22, Y+2	; 0x02
    57b0:	7b 81       	ldd	r23, Y+3	; 0x03
    57b2:	0e 94 f0 26 	call	0x4de0	; 0x4de0 <fillRect>
    57b6:	c5 01       	movw	r24, r10
    57b8:	0f 90       	pop	r0
    57ba:	0f 90       	pop	r0
    57bc:	0f 90       	pop	r0
    57be:	df 91       	pop	r29
    57c0:	cf 91       	pop	r28
    57c2:	1f 91       	pop	r17
    57c4:	0f 91       	pop	r16
    57c6:	ff 90       	pop	r15
    57c8:	ef 90       	pop	r14
    57ca:	df 90       	pop	r13
    57cc:	cf 90       	pop	r12
    57ce:	bf 90       	pop	r11
    57d0:	af 90       	pop	r10
    57d2:	9f 90       	pop	r9
    57d4:	8f 90       	pop	r8
    57d6:	08 95       	ret
    57d8:	d1 2c       	mov	r13, r1
    57da:	c1 2c       	mov	r12, r1
    57dc:	51 e0       	ldi	r21, 0x01	; 1
    57de:	59 83       	std	Y+1, r21	; 0x01
    57e0:	65 cf       	rjmp	.-310    	; 0x56ac <drawString+0xe6>
    57e2:	ea 19       	sub	r30, r10
    57e4:	fb 09       	sbc	r31, r11
    57e6:	af 01       	movw	r20, r30
    57e8:	55 95       	asr	r21
    57ea:	47 95       	ror	r20
    57ec:	96 01       	movw	r18, r12
    57ee:	6a 81       	ldd	r22, Y+2	; 0x02
    57f0:	7b 81       	ldd	r23, Y+3	; 0x03
    57f2:	0e 94 f0 26 	call	0x4de0	; 0x4de0 <fillRect>
    57f6:	40 91 9c 02 	lds	r20, 0x029C	; 0x80029c <padX>
    57fa:	50 91 9d 02 	lds	r21, 0x029D	; 0x80029d <padX+0x1>
    57fe:	4a 19       	sub	r20, r10
    5800:	5b 09       	sbc	r21, r11
    5802:	55 95       	asr	r21
    5804:	47 95       	ror	r20
    5806:	00 91 96 02 	lds	r16, 0x0296	; 0x800296 <textbgcolor>
    580a:	10 91 97 02 	lds	r17, 0x0297	; 0x800297 <textbgcolor+0x1>
    580e:	ca 01       	movw	r24, r20
    5810:	e4 16       	cp	r14, r20
    5812:	f5 06       	cpc	r15, r21
    5814:	0c f4       	brge	.+2      	; 0x5818 <drawString+0x252>
    5816:	c7 01       	movw	r24, r14
    5818:	96 01       	movw	r18, r12
    581a:	6a 81       	ldd	r22, Y+2	; 0x02
    581c:	7b 81       	ldd	r23, Y+3	; 0x03
    581e:	f7 01       	movw	r30, r14
    5820:	e8 1b       	sub	r30, r24
    5822:	f9 0b       	sbc	r31, r25
    5824:	cf 01       	movw	r24, r30
    5826:	c5 cf       	rjmp	.-118    	; 0x57b2 <drawString+0x1ec>
    5828:	8e 17       	cp	r24, r30
    582a:	9f 07       	cpc	r25, r31
    582c:	0c f4       	brge	.+2      	; 0x5830 <drawString+0x26a>
    582e:	fc 01       	movw	r30, r24
    5830:	af 01       	movw	r20, r30
    5832:	4a 19       	sub	r20, r10
    5834:	5b 09       	sbc	r21, r11
    5836:	96 01       	movw	r18, r12
    5838:	6a 81       	ldd	r22, Y+2	; 0x02
    583a:	7b 81       	ldd	r23, Y+3	; 0x03
    583c:	8e 1b       	sub	r24, r30
    583e:	9f 0b       	sbc	r25, r31
    5840:	b8 cf       	rjmp	.-144    	; 0x57b2 <drawString+0x1ec>

00005842 <setTextFont>:
    5842:	81 11       	cpse	r24, r1
    5844:	01 c0       	rjmp	.+2      	; 0x5848 <setTextFont+0x6>
    5846:	81 e0       	ldi	r24, 0x01	; 1
    5848:	80 93 95 02 	sts	0x0295, r24	; 0x800295 <textfont>
    584c:	08 95       	ret

0000584e <write>:
    584e:	cf 93       	push	r28
    5850:	df 93       	push	r29
    5852:	8d 30       	cpi	r24, 0x0D	; 13
    5854:	51 f1       	breq	.+84     	; 0x58aa <write+0x5c>
    5856:	20 91 95 02 	lds	r18, 0x0295	; 0x800295 <textfont>
    585a:	22 30       	cpi	r18, 0x02	; 2
    585c:	59 f5       	brne	.+86     	; 0x58b4 <write+0x66>
    585e:	48 2f       	mov	r20, r24
    5860:	40 52       	subi	r20, 0x20	; 32
    5862:	55 0b       	sbc	r21, r21
    5864:	fa 01       	movw	r30, r20
    5866:	e7 54       	subi	r30, 0x47	; 71
    5868:	f8 4f       	sbci	r31, 0xF8	; 248
    586a:	e4 91       	lpm	r30, Z
    586c:	f0 e0       	ldi	r31, 0x00	; 0
    586e:	36 96       	adiw	r30, 0x06	; 6
    5870:	e8 7f       	andi	r30, 0xF8	; 248
    5872:	a0 e1       	ldi	r26, 0x10	; 16
    5874:	b0 e0       	ldi	r27, 0x00	; 0
    5876:	60 91 94 02 	lds	r22, 0x0294	; 0x800294 <textsize>
    587a:	70 e0       	ldi	r23, 0x00	; 0
    587c:	6a 9f       	mul	r22, r26
    587e:	e0 01       	movw	r28, r0
    5880:	6b 9f       	mul	r22, r27
    5882:	d0 0d       	add	r29, r0
    5884:	7a 9f       	mul	r23, r26
    5886:	d0 0d       	add	r29, r0
    5888:	11 24       	eor	r1, r1
    588a:	40 91 8a 02 	lds	r20, 0x028A	; 0x80028a <cursor_y>
    588e:	50 91 8b 02 	lds	r21, 0x028B	; 0x80028b <cursor_y+0x1>
    5892:	8a 30       	cpi	r24, 0x0A	; 10
    5894:	d1 f4       	brne	.+52     	; 0x58ca <write+0x7c>
    5896:	4c 0f       	add	r20, r28
    5898:	5d 1f       	adc	r21, r29
    589a:	50 93 8b 02 	sts	0x028B, r21	; 0x80028b <cursor_y+0x1>
    589e:	40 93 8a 02 	sts	0x028A, r20	; 0x80028a <cursor_y>
    58a2:	10 92 93 02 	sts	0x0293, r1	; 0x800293 <cursor_x+0x1>
    58a6:	10 92 92 02 	sts	0x0292, r1	; 0x800292 <cursor_x>
    58aa:	81 e0       	ldi	r24, 0x01	; 1
    58ac:	90 e0       	ldi	r25, 0x00	; 0
    58ae:	df 91       	pop	r29
    58b0:	cf 91       	pop	r28
    58b2:	08 95       	ret
    58b4:	a8 e0       	ldi	r26, 0x08	; 8
    58b6:	b0 e0       	ldi	r27, 0x00	; 0
    58b8:	e6 e0       	ldi	r30, 0x06	; 6
    58ba:	f0 e0       	ldi	r31, 0x00	; 0
    58bc:	21 30       	cpi	r18, 0x01	; 1
    58be:	d9 f2       	breq	.-74     	; 0x5876 <write+0x28>
    58c0:	b0 e0       	ldi	r27, 0x00	; 0
    58c2:	a0 e0       	ldi	r26, 0x00	; 0
    58c4:	f0 e0       	ldi	r31, 0x00	; 0
    58c6:	e0 e0       	ldi	r30, 0x00	; 0
    58c8:	d6 cf       	rjmp	.-84     	; 0x5876 <write+0x28>
    58ca:	90 91 00 01 	lds	r25, 0x0100	; 0x800100 <__DATA_REGION_ORIGIN__>
    58ce:	99 23       	and	r25, r25
    58d0:	f1 f0       	breq	.+60     	; 0x590e <write+0xc0>
    58d2:	6e 9f       	mul	r22, r30
    58d4:	d0 01       	movw	r26, r0
    58d6:	6f 9f       	mul	r22, r31
    58d8:	b0 0d       	add	r27, r0
    58da:	7e 9f       	mul	r23, r30
    58dc:	b0 0d       	add	r27, r0
    58de:	11 24       	eor	r1, r1
    58e0:	60 91 92 02 	lds	r22, 0x0292	; 0x800292 <cursor_x>
    58e4:	70 91 93 02 	lds	r23, 0x0293	; 0x800293 <cursor_x+0x1>
    58e8:	6a 0f       	add	r22, r26
    58ea:	7b 1f       	adc	r23, r27
    58ec:	e0 91 03 01 	lds	r30, 0x0103	; 0x800103 <X_SIZE>
    58f0:	f0 91 04 01 	lds	r31, 0x0104	; 0x800104 <X_SIZE+0x1>
    58f4:	6e 17       	cp	r22, r30
    58f6:	7f 07       	cpc	r23, r31
    58f8:	50 f0       	brcs	.+20     	; 0x590e <write+0xc0>
    58fa:	4c 0f       	add	r20, r28
    58fc:	5d 1f       	adc	r21, r29
    58fe:	50 93 8b 02 	sts	0x028B, r21	; 0x80028b <cursor_y+0x1>
    5902:	40 93 8a 02 	sts	0x028A, r20	; 0x80028a <cursor_y>
    5906:	10 92 93 02 	sts	0x0293, r1	; 0x800293 <cursor_x+0x1>
    590a:	10 92 92 02 	sts	0x0292, r1	; 0x800292 <cursor_x>
    590e:	30 e0       	ldi	r19, 0x00	; 0
    5910:	40 91 8a 02 	lds	r20, 0x028A	; 0x80028a <cursor_y>
    5914:	50 91 8b 02 	lds	r21, 0x028B	; 0x80028b <cursor_y+0x1>
    5918:	60 91 92 02 	lds	r22, 0x0292	; 0x800292 <cursor_x>
    591c:	70 91 93 02 	lds	r23, 0x0293	; 0x800293 <cursor_x+0x1>
    5920:	90 e0       	ldi	r25, 0x00	; 0
    5922:	0e 94 93 28 	call	0x5126	; 0x5126 <drawChar>
    5926:	20 91 92 02 	lds	r18, 0x0292	; 0x800292 <cursor_x>
    592a:	30 91 93 02 	lds	r19, 0x0293	; 0x800293 <cursor_x+0x1>
    592e:	82 0f       	add	r24, r18
    5930:	93 1f       	adc	r25, r19
    5932:	90 93 93 02 	sts	0x0293, r25	; 0x800293 <cursor_x+0x1>
    5936:	80 93 92 02 	sts	0x0292, r24	; 0x800292 <cursor_x>
    593a:	b7 cf       	rjmp	.-146    	; 0x58aa <write+0x5c>

0000593c <ILI9341_Print>:
    593c:	cf 93       	push	r28
    593e:	df 93       	push	r29
    5940:	ec 01       	movw	r28, r24
    5942:	89 91       	ld	r24, Y+
    5944:	81 11       	cpse	r24, r1
    5946:	03 c0       	rjmp	.+6      	; 0x594e <ILI9341_Print+0x12>
    5948:	df 91       	pop	r29
    594a:	cf 91       	pop	r28
    594c:	08 95       	ret
    594e:	0e 94 27 2c 	call	0x584e	; 0x584e <write>
    5952:	f7 cf       	rjmp	.-18     	; 0x5942 <ILI9341_Print+0x6>

00005954 <u16_to_decstr>:
    5954:	ef 92       	push	r14
    5956:	ff 92       	push	r15
    5958:	0f 93       	push	r16
    595a:	1f 93       	push	r17
    595c:	cf 93       	push	r28
    595e:	df 93       	push	r29
    5960:	00 d0       	rcall	.+0      	; 0x5962 <u16_to_decstr+0xe>
    5962:	00 d0       	rcall	.+0      	; 0x5964 <u16_to_decstr+0x10>
    5964:	1f 92       	push	r1
    5966:	cd b7       	in	r28, 0x3d	; 61
    5968:	de b7       	in	r29, 0x3e	; 62
    596a:	8b 01       	movw	r16, r22
    596c:	e0 e0       	ldi	r30, 0x00	; 0
    596e:	2a e0       	ldi	r18, 0x0A	; 10
    5970:	e2 2e       	mov	r14, r18
    5972:	f1 2c       	mov	r15, r1
    5974:	00 97       	sbiw	r24, 0x00	; 0
    5976:	a9 f4       	brne	.+42     	; 0x59a2 <u16_to_decstr+0x4e>
    5978:	80 e3       	ldi	r24, 0x30	; 48
    597a:	db 01       	movw	r26, r22
    597c:	8c 93       	st	X, r24
    597e:	21 e0       	ldi	r18, 0x01	; 1
    5980:	f8 01       	movw	r30, r16
    5982:	e2 0f       	add	r30, r18
    5984:	f1 1d       	adc	r31, r1
    5986:	10 82       	st	Z, r1
    5988:	82 2f       	mov	r24, r18
    598a:	0f 90       	pop	r0
    598c:	0f 90       	pop	r0
    598e:	0f 90       	pop	r0
    5990:	0f 90       	pop	r0
    5992:	0f 90       	pop	r0
    5994:	df 91       	pop	r29
    5996:	cf 91       	pop	r28
    5998:	1f 91       	pop	r17
    599a:	0f 91       	pop	r16
    599c:	ff 90       	pop	r15
    599e:	ef 90       	pop	r14
    59a0:	08 95       	ret
    59a2:	21 e0       	ldi	r18, 0x01	; 1
    59a4:	2e 0f       	add	r18, r30
    59a6:	41 e0       	ldi	r20, 0x01	; 1
    59a8:	50 e0       	ldi	r21, 0x00	; 0
    59aa:	4c 0f       	add	r20, r28
    59ac:	5d 1f       	adc	r21, r29
    59ae:	4e 0f       	add	r20, r30
    59b0:	51 1d       	adc	r21, r1
    59b2:	fa 01       	movw	r30, r20
    59b4:	b7 01       	movw	r22, r14
    59b6:	0e 94 01 3a 	call	0x7402	; 0x7402 <__udivmodhi4>
    59ba:	80 5d       	subi	r24, 0xD0	; 208
    59bc:	80 83       	st	Z, r24
    59be:	cb 01       	movw	r24, r22
    59c0:	e2 2f       	mov	r30, r18
    59c2:	00 97       	sbiw	r24, 0x00	; 0
    59c4:	71 f7       	brne	.-36     	; 0x59a2 <u16_to_decstr+0x4e>
    59c6:	a2 2f       	mov	r26, r18
    59c8:	ae 1b       	sub	r26, r30
    59ca:	a8 01       	movw	r20, r16
    59cc:	4a 0f       	add	r20, r26
    59ce:	51 1d       	adc	r21, r1
    59d0:	ee 23       	and	r30, r30
    59d2:	b1 f2       	breq	.-84     	; 0x5980 <u16_to_decstr+0x2c>
    59d4:	e1 50       	subi	r30, 0x01	; 1
    59d6:	81 e0       	ldi	r24, 0x01	; 1
    59d8:	90 e0       	ldi	r25, 0x00	; 0
    59da:	8c 0f       	add	r24, r28
    59dc:	9d 1f       	adc	r25, r29
    59de:	8e 0f       	add	r24, r30
    59e0:	91 1d       	adc	r25, r1
    59e2:	dc 01       	movw	r26, r24
    59e4:	8c 91       	ld	r24, X
    59e6:	da 01       	movw	r26, r20
    59e8:	8c 93       	st	X, r24
    59ea:	ed cf       	rjmp	.-38     	; 0x59c6 <u16_to_decstr+0x72>

000059ec <u32_to_decstr>:
    59ec:	8f 92       	push	r8
    59ee:	9f 92       	push	r9
    59f0:	af 92       	push	r10
    59f2:	bf 92       	push	r11
    59f4:	df 92       	push	r13
    59f6:	ef 92       	push	r14
    59f8:	ff 92       	push	r15
    59fa:	0f 93       	push	r16
    59fc:	1f 93       	push	r17
    59fe:	cf 93       	push	r28
    5a00:	df 93       	push	r29
    5a02:	cd b7       	in	r28, 0x3d	; 61
    5a04:	de b7       	in	r29, 0x3e	; 62
    5a06:	2a 97       	sbiw	r28, 0x0a	; 10
    5a08:	0f b6       	in	r0, 0x3f	; 63
    5a0a:	f8 94       	cli
    5a0c:	de bf       	out	0x3e, r29	; 62
    5a0e:	0f be       	out	0x3f, r0	; 63
    5a10:	cd bf       	out	0x3d, r28	; 61
    5a12:	7a 01       	movw	r14, r20
    5a14:	00 e0       	ldi	r16, 0x00	; 0
    5a16:	2a e0       	ldi	r18, 0x0A	; 10
    5a18:	82 2e       	mov	r8, r18
    5a1a:	91 2c       	mov	r9, r1
    5a1c:	a1 2c       	mov	r10, r1
    5a1e:	b1 2c       	mov	r11, r1
    5a20:	61 15       	cp	r22, r1
    5a22:	71 05       	cpc	r23, r1
    5a24:	81 05       	cpc	r24, r1
    5a26:	91 05       	cpc	r25, r1
    5a28:	e1 f4       	brne	.+56     	; 0x5a62 <u32_to_decstr+0x76>
    5a2a:	80 e3       	ldi	r24, 0x30	; 48
    5a2c:	fa 01       	movw	r30, r20
    5a2e:	80 83       	st	Z, r24
    5a30:	dd 24       	eor	r13, r13
    5a32:	d3 94       	inc	r13
    5a34:	f7 01       	movw	r30, r14
    5a36:	ed 0d       	add	r30, r13
    5a38:	f1 1d       	adc	r31, r1
    5a3a:	10 82       	st	Z, r1
    5a3c:	8d 2d       	mov	r24, r13
    5a3e:	2a 96       	adiw	r28, 0x0a	; 10
    5a40:	0f b6       	in	r0, 0x3f	; 63
    5a42:	f8 94       	cli
    5a44:	de bf       	out	0x3e, r29	; 62
    5a46:	0f be       	out	0x3f, r0	; 63
    5a48:	cd bf       	out	0x3d, r28	; 61
    5a4a:	df 91       	pop	r29
    5a4c:	cf 91       	pop	r28
    5a4e:	1f 91       	pop	r17
    5a50:	0f 91       	pop	r16
    5a52:	ff 90       	pop	r15
    5a54:	ef 90       	pop	r14
    5a56:	df 90       	pop	r13
    5a58:	bf 90       	pop	r11
    5a5a:	af 90       	pop	r10
    5a5c:	9f 90       	pop	r9
    5a5e:	8f 90       	pop	r8
    5a60:	08 95       	ret
    5a62:	dd 24       	eor	r13, r13
    5a64:	d3 94       	inc	r13
    5a66:	d0 0e       	add	r13, r16
    5a68:	21 e0       	ldi	r18, 0x01	; 1
    5a6a:	30 e0       	ldi	r19, 0x00	; 0
    5a6c:	2c 0f       	add	r18, r28
    5a6e:	3d 1f       	adc	r19, r29
    5a70:	20 0f       	add	r18, r16
    5a72:	31 1d       	adc	r19, r1
    5a74:	89 01       	movw	r16, r18
    5a76:	a5 01       	movw	r20, r10
    5a78:	94 01       	movw	r18, r8
    5a7a:	0e 94 29 3a 	call	0x7452	; 0x7452 <__udivmodsi4>
    5a7e:	60 5d       	subi	r22, 0xD0	; 208
    5a80:	f8 01       	movw	r30, r16
    5a82:	60 83       	st	Z, r22
    5a84:	b9 01       	movw	r22, r18
    5a86:	ca 01       	movw	r24, r20
    5a88:	0d 2d       	mov	r16, r13
    5a8a:	61 15       	cp	r22, r1
    5a8c:	71 05       	cpc	r23, r1
    5a8e:	81 05       	cpc	r24, r1
    5a90:	91 05       	cpc	r25, r1
    5a92:	39 f7       	brne	.-50     	; 0x5a62 <u32_to_decstr+0x76>
    5a94:	ed 2d       	mov	r30, r13
    5a96:	e0 1b       	sub	r30, r16
    5a98:	ee 0d       	add	r30, r14
    5a9a:	ff 2d       	mov	r31, r15
    5a9c:	f1 1d       	adc	r31, r1
    5a9e:	00 23       	and	r16, r16
    5aa0:	49 f2       	breq	.-110    	; 0x5a34 <u32_to_decstr+0x48>
    5aa2:	01 50       	subi	r16, 0x01	; 1
    5aa4:	a1 e0       	ldi	r26, 0x01	; 1
    5aa6:	b0 e0       	ldi	r27, 0x00	; 0
    5aa8:	ac 0f       	add	r26, r28
    5aaa:	bd 1f       	adc	r27, r29
    5aac:	a0 0f       	add	r26, r16
    5aae:	b1 1d       	adc	r27, r1
    5ab0:	8c 91       	ld	r24, X
    5ab2:	80 83       	st	Z, r24
    5ab4:	ef cf       	rjmp	.-34     	; 0x5a94 <u32_to_decstr+0xa8>

00005ab6 <ILI9341_RGB565>:
    5ab6:	98 e0       	ldi	r25, 0x08	; 8
    5ab8:	69 9f       	mul	r22, r25
    5aba:	b0 01       	movw	r22, r0
    5abc:	11 24       	eor	r1, r1
    5abe:	60 7e       	andi	r22, 0xE0	; 224
    5ac0:	77 70       	andi	r23, 0x07	; 7
    5ac2:	46 95       	lsr	r20
    5ac4:	46 95       	lsr	r20
    5ac6:	46 95       	lsr	r20
    5ac8:	64 2b       	or	r22, r20
    5aca:	90 e0       	ldi	r25, 0x00	; 0
    5acc:	98 2f       	mov	r25, r24
    5ace:	88 27       	eor	r24, r24
    5ad0:	88 27       	eor	r24, r24
    5ad2:	98 7f       	andi	r25, 0xF8	; 248
    5ad4:	86 2b       	or	r24, r22
    5ad6:	97 2b       	or	r25, r23
    5ad8:	08 95       	ret

00005ada <ILI9341_draw_rle>:
    5ada:	ef 92       	push	r14
    5adc:	ff 92       	push	r15
    5ade:	0f 93       	push	r16
    5ae0:	1f 93       	push	r17
    5ae2:	cf 93       	push	r28
    5ae4:	df 93       	push	r29
    5ae6:	ec 01       	movw	r28, r24
    5ae8:	cb 01       	movw	r24, r22
    5aea:	ba 01       	movw	r22, r20
    5aec:	a9 01       	movw	r20, r18
    5aee:	9b 01       	movw	r18, r22
    5af0:	20 51       	subi	r18, 0x10	; 16
    5af2:	3f 4f       	sbci	r19, 0xFF	; 255
    5af4:	41 50       	subi	r20, 0x01	; 1
    5af6:	51 09       	sbc	r21, r1
    5af8:	48 0f       	add	r20, r24
    5afa:	59 1f       	adc	r21, r25
    5afc:	0e 94 ca 20 	call	0x4194	; 0x4194 <ILI9341_Set_Address>
    5b00:	fe 01       	movw	r30, r28
    5b02:	04 91       	lpm	r16, Z
    5b04:	00 23       	and	r16, r16
    5b06:	61 f0       	breq	.+24     	; 0x5b20 <ILI9341_draw_rle+0x46>
    5b08:	31 96       	adiw	r30, 0x01	; 1
    5b0a:	e5 90       	lpm	r14, Z+
    5b0c:	f4 90       	lpm	r15, Z
    5b0e:	10 e0       	ldi	r17, 0x00	; 0
    5b10:	c7 01       	movw	r24, r14
    5b12:	0e 94 43 1f 	call	0x3e86	; 0x3e86 <spi_send16>
    5b16:	1f 5f       	subi	r17, 0xFF	; 255
    5b18:	01 13       	cpse	r16, r17
    5b1a:	fa cf       	rjmp	.-12     	; 0x5b10 <ILI9341_draw_rle+0x36>
    5b1c:	23 96       	adiw	r28, 0x03	; 3
    5b1e:	f0 cf       	rjmp	.-32     	; 0x5b00 <ILI9341_draw_rle+0x26>
    5b20:	df 91       	pop	r29
    5b22:	cf 91       	pop	r28
    5b24:	1f 91       	pop	r17
    5b26:	0f 91       	pop	r16
    5b28:	ff 90       	pop	r15
    5b2a:	ef 90       	pop	r14
    5b2c:	08 95       	ret

00005b2e <draw_rle_bw>:
    5b2e:	3f 92       	push	r3
    5b30:	4f 92       	push	r4
    5b32:	5f 92       	push	r5
    5b34:	6f 92       	push	r6
    5b36:	7f 92       	push	r7
    5b38:	8f 92       	push	r8
    5b3a:	9f 92       	push	r9
    5b3c:	af 92       	push	r10
    5b3e:	bf 92       	push	r11
    5b40:	cf 92       	push	r12
    5b42:	df 92       	push	r13
    5b44:	ef 92       	push	r14
    5b46:	ff 92       	push	r15
    5b48:	0f 93       	push	r16
    5b4a:	1f 93       	push	r17
    5b4c:	cf 93       	push	r28
    5b4e:	df 93       	push	r29
    5b50:	00 d0       	rcall	.+0      	; 0x5b52 <draw_rle_bw+0x24>
    5b52:	00 d0       	rcall	.+0      	; 0x5b54 <draw_rle_bw+0x26>
    5b54:	cd b7       	in	r28, 0x3d	; 61
    5b56:	de b7       	in	r29, 0x3e	; 62
    5b58:	2c 01       	movw	r4, r24
    5b5a:	3b 01       	movw	r6, r22
    5b5c:	5a 01       	movw	r10, r20
    5b5e:	49 01       	movw	r8, r18
    5b60:	d1 2c       	mov	r13, r1
    5b62:	c1 2c       	mov	r12, r1
    5b64:	1c 82       	std	Y+4, r1	; 0x04
    5b66:	1b 82       	std	Y+3, r1	; 0x03
    5b68:	f8 01       	movw	r30, r16
    5b6a:	34 90       	lpm	r3, Z
    5b6c:	31 96       	adiw	r30, 0x01	; 1
    5b6e:	e4 91       	lpm	r30, Z
    5b70:	0e 5f       	subi	r16, 0xFE	; 254
    5b72:	1f 4f       	sbci	r17, 0xFF	; 255
    5b74:	33 20       	and	r3, r3
    5b76:	09 f4       	brne	.+2      	; 0x5b7a <draw_rle_bw+0x4c>
    5b78:	42 c0       	rjmp	.+132    	; 0x5bfe <draw_rle_bw+0xd0>
    5b7a:	81 e0       	ldi	r24, 0x01	; 1
    5b7c:	90 e0       	ldi	r25, 0x00	; 0
    5b7e:	e1 11       	cpse	r30, r1
    5b80:	02 c0       	rjmp	.+4      	; 0x5b86 <draw_rle_bw+0x58>
    5b82:	90 e0       	ldi	r25, 0x00	; 0
    5b84:	80 e0       	ldi	r24, 0x00	; 0
    5b86:	22 27       	eor	r18, r18
    5b88:	33 27       	eor	r19, r19
    5b8a:	28 1b       	sub	r18, r24
    5b8c:	39 0b       	sbc	r19, r25
    5b8e:	3a 83       	std	Y+2, r19	; 0x02
    5b90:	29 83       	std	Y+1, r18	; 0x01
    5b92:	83 2d       	mov	r24, r3
    5b94:	90 e0       	ldi	r25, 0x00	; 0
    5b96:	75 01       	movw	r14, r10
    5b98:	eb 81       	ldd	r30, Y+3	; 0x03
    5b9a:	fc 81       	ldd	r31, Y+4	; 0x04
    5b9c:	ee 1a       	sub	r14, r30
    5b9e:	ff 0a       	sbc	r15, r31
    5ba0:	8e 15       	cp	r24, r14
    5ba2:	9f 05       	cpc	r25, r15
    5ba4:	08 f4       	brcc	.+2      	; 0x5ba8 <draw_rle_bw+0x7a>
    5ba6:	7c 01       	movw	r14, r24
    5ba8:	8b 81       	ldd	r24, Y+3	; 0x03
    5baa:	9c 81       	ldd	r25, Y+4	; 0x04
    5bac:	84 0d       	add	r24, r4
    5bae:	95 1d       	adc	r25, r5
    5bb0:	ac 01       	movw	r20, r24
    5bb2:	41 50       	subi	r20, 0x01	; 1
    5bb4:	51 09       	sbc	r21, r1
    5bb6:	4e 0d       	add	r20, r14
    5bb8:	5f 1d       	adc	r21, r15
    5bba:	b3 01       	movw	r22, r6
    5bbc:	6c 0d       	add	r22, r12
    5bbe:	7d 1d       	adc	r23, r13
    5bc0:	9b 01       	movw	r18, r22
    5bc2:	0e 94 ca 20 	call	0x4194	; 0x4194 <ILI9341_Set_Address>
    5bc6:	a7 01       	movw	r20, r14
    5bc8:	70 e0       	ldi	r23, 0x00	; 0
    5bca:	60 e0       	ldi	r22, 0x00	; 0
    5bcc:	89 81       	ldd	r24, Y+1	; 0x01
    5bce:	9a 81       	ldd	r25, Y+2	; 0x02
    5bd0:	0e 94 6f 1f 	call	0x3ede	; 0x3ede <ILI9341_Send_Burst>
    5bd4:	3e 18       	sub	r3, r14
    5bd6:	2b 81       	ldd	r18, Y+3	; 0x03
    5bd8:	3c 81       	ldd	r19, Y+4	; 0x04
    5bda:	2e 0d       	add	r18, r14
    5bdc:	3f 1d       	adc	r19, r15
    5bde:	3c 83       	std	Y+4, r19	; 0x04
    5be0:	2b 83       	std	Y+3, r18	; 0x03
    5be2:	2a 15       	cp	r18, r10
    5be4:	3b 05       	cpc	r19, r11
    5be6:	40 f0       	brcs	.+16     	; 0x5bf8 <draw_rle_bw+0xca>
    5be8:	3f ef       	ldi	r19, 0xFF	; 255
    5bea:	c3 1a       	sub	r12, r19
    5bec:	d3 0a       	sbc	r13, r19
    5bee:	c8 14       	cp	r12, r8
    5bf0:	d9 04       	cpc	r13, r9
    5bf2:	28 f4       	brcc	.+10     	; 0x5bfe <draw_rle_bw+0xd0>
    5bf4:	1c 82       	std	Y+4, r1	; 0x04
    5bf6:	1b 82       	std	Y+3, r1	; 0x03
    5bf8:	31 10       	cpse	r3, r1
    5bfa:	cb cf       	rjmp	.-106    	; 0x5b92 <draw_rle_bw+0x64>
    5bfc:	b5 cf       	rjmp	.-150    	; 0x5b68 <draw_rle_bw+0x3a>
    5bfe:	0f 90       	pop	r0
    5c00:	0f 90       	pop	r0
    5c02:	0f 90       	pop	r0
    5c04:	0f 90       	pop	r0
    5c06:	df 91       	pop	r29
    5c08:	cf 91       	pop	r28
    5c0a:	1f 91       	pop	r17
    5c0c:	0f 91       	pop	r16
    5c0e:	ff 90       	pop	r15
    5c10:	ef 90       	pop	r14
    5c12:	df 90       	pop	r13
    5c14:	cf 90       	pop	r12
    5c16:	bf 90       	pop	r11
    5c18:	af 90       	pop	r10
    5c1a:	9f 90       	pop	r9
    5c1c:	8f 90       	pop	r8
    5c1e:	7f 90       	pop	r7
    5c20:	6f 90       	pop	r6
    5c22:	5f 90       	pop	r5
    5c24:	4f 90       	pop	r4
    5c26:	3f 90       	pop	r3
    5c28:	08 95       	ret

00005c2a <uart_init>:
    5c2a:	9b 01       	movw	r18, r22
    5c2c:	ac 01       	movw	r20, r24
    5c2e:	84 e0       	ldi	r24, 0x04	; 4
    5c30:	22 0f       	add	r18, r18
    5c32:	33 1f       	adc	r19, r19
    5c34:	44 1f       	adc	r20, r20
    5c36:	55 1f       	adc	r21, r21
    5c38:	8a 95       	dec	r24
    5c3a:	d1 f7       	brne	.-12     	; 0x5c30 <uart_init+0x6>
    5c3c:	60 e0       	ldi	r22, 0x00	; 0
    5c3e:	78 e4       	ldi	r23, 0x48	; 72
    5c40:	88 ee       	ldi	r24, 0xE8	; 232
    5c42:	91 e0       	ldi	r25, 0x01	; 1
    5c44:	0e 94 29 3a 	call	0x7452	; 0x7452 <__udivmodsi4>
    5c48:	21 50       	subi	r18, 0x01	; 1
    5c4a:	31 09       	sbc	r19, r1
    5c4c:	30 93 90 00 	sts	0x0090, r19	; 0x800090 <__TEXT_REGION_LENGTH__+0x7e0090>
    5c50:	29 b9       	out	0x09, r18	; 9
    5c52:	88 e1       	ldi	r24, 0x18	; 24
    5c54:	8a b9       	out	0x0a, r24	; 10
    5c56:	86 e0       	ldi	r24, 0x06	; 6
    5c58:	80 93 95 00 	sts	0x0095, r24	; 0x800095 <__TEXT_REGION_LENGTH__+0x7e0095>
    5c5c:	08 95       	ret

00005c5e <uart_tx>:
    5c5e:	5d 9b       	sbis	0x0b, 5	; 11
    5c60:	fe cf       	rjmp	.-4      	; 0x5c5e <uart_tx>
    5c62:	8c b9       	out	0x0c, r24	; 12
    5c64:	08 95       	ret

00005c66 <uart_print>:
    5c66:	cf 93       	push	r28
    5c68:	df 93       	push	r29
    5c6a:	ec 01       	movw	r28, r24
    5c6c:	89 91       	ld	r24, Y+
    5c6e:	81 11       	cpse	r24, r1
    5c70:	03 c0       	rjmp	.+6      	; 0x5c78 <uart_print+0x12>
    5c72:	df 91       	pop	r29
    5c74:	cf 91       	pop	r28
    5c76:	08 95       	ret
    5c78:	0e 94 2f 2e 	call	0x5c5e	; 0x5c5e <uart_tx>
    5c7c:	f7 cf       	rjmp	.-18     	; 0x5c6c <uart_print+0x6>

00005c7e <uart_putc>:
    5c7e:	0c 94 2f 2e 	jmp	0x5c5e	; 0x5c5e <uart_tx>

00005c82 <uart_print_hex16>:
    5c82:	0f 93       	push	r16
    5c84:	1f 93       	push	r17
    5c86:	cf 93       	push	r28
    5c88:	df 93       	push	r29
    5c8a:	cd b7       	in	r28, 0x3d	; 61
    5c8c:	de b7       	in	r29, 0x3e	; 62
    5c8e:	61 97       	sbiw	r28, 0x11	; 17
    5c90:	0f b6       	in	r0, 0x3f	; 63
    5c92:	f8 94       	cli
    5c94:	de bf       	out	0x3e, r29	; 62
    5c96:	0f be       	out	0x3f, r0	; 63
    5c98:	cd bf       	out	0x3d, r28	; 61
    5c9a:	8c 01       	movw	r16, r24
    5c9c:	81 e1       	ldi	r24, 0x11	; 17
    5c9e:	e8 e9       	ldi	r30, 0x98	; 152
    5ca0:	f1 e0       	ldi	r31, 0x01	; 1
    5ca2:	de 01       	movw	r26, r28
    5ca4:	11 96       	adiw	r26, 0x01	; 1
    5ca6:	01 90       	ld	r0, Z+
    5ca8:	0d 92       	st	X+, r0
    5caa:	8a 95       	dec	r24
    5cac:	e1 f7       	brne	.-8      	; 0x5ca6 <uart_print_hex16+0x24>
    5cae:	f8 01       	movw	r30, r16
    5cb0:	ef 2f       	mov	r30, r31
    5cb2:	ff 27       	eor	r31, r31
    5cb4:	e2 95       	swap	r30
    5cb6:	ef 70       	andi	r30, 0x0F	; 15
    5cb8:	81 e0       	ldi	r24, 0x01	; 1
    5cba:	90 e0       	ldi	r25, 0x00	; 0
    5cbc:	8c 0f       	add	r24, r28
    5cbe:	9d 1f       	adc	r25, r29
    5cc0:	e8 0f       	add	r30, r24
    5cc2:	f9 1f       	adc	r31, r25
    5cc4:	80 81       	ld	r24, Z
    5cc6:	0e 94 2f 2e 	call	0x5c5e	; 0x5c5e <uart_tx>
    5cca:	e1 2f       	mov	r30, r17
    5ccc:	ff 27       	eor	r31, r31
    5cce:	ef 70       	andi	r30, 0x0F	; 15
    5cd0:	ff 27       	eor	r31, r31
    5cd2:	81 e0       	ldi	r24, 0x01	; 1
    5cd4:	90 e0       	ldi	r25, 0x00	; 0
    5cd6:	8c 0f       	add	r24, r28
    5cd8:	9d 1f       	adc	r25, r29
    5cda:	e8 0f       	add	r30, r24
    5cdc:	f9 1f       	adc	r31, r25
    5cde:	80 81       	ld	r24, Z
    5ce0:	0e 94 2f 2e 	call	0x5c5e	; 0x5c5e <uart_tx>
    5ce4:	f8 01       	movw	r30, r16
    5ce6:	24 e0       	ldi	r18, 0x04	; 4
    5ce8:	f6 95       	lsr	r31
    5cea:	e7 95       	ror	r30
    5cec:	2a 95       	dec	r18
    5cee:	e1 f7       	brne	.-8      	; 0x5ce8 <uart_print_hex16+0x66>
    5cf0:	ef 70       	andi	r30, 0x0F	; 15
    5cf2:	ff 27       	eor	r31, r31
    5cf4:	81 e0       	ldi	r24, 0x01	; 1
    5cf6:	90 e0       	ldi	r25, 0x00	; 0
    5cf8:	8c 0f       	add	r24, r28
    5cfa:	9d 1f       	adc	r25, r29
    5cfc:	e8 0f       	add	r30, r24
    5cfe:	f9 1f       	adc	r31, r25
    5d00:	80 81       	ld	r24, Z
    5d02:	0e 94 2f 2e 	call	0x5c5e	; 0x5c5e <uart_tx>
    5d06:	f8 01       	movw	r30, r16
    5d08:	ef 70       	andi	r30, 0x0F	; 15
    5d0a:	ff 27       	eor	r31, r31
    5d0c:	81 e0       	ldi	r24, 0x01	; 1
    5d0e:	90 e0       	ldi	r25, 0x00	; 0
    5d10:	8c 0f       	add	r24, r28
    5d12:	9d 1f       	adc	r25, r29
    5d14:	e8 0f       	add	r30, r24
    5d16:	f9 1f       	adc	r31, r25
    5d18:	80 81       	ld	r24, Z
    5d1a:	61 96       	adiw	r28, 0x11	; 17
    5d1c:	0f b6       	in	r0, 0x3f	; 63
    5d1e:	f8 94       	cli
    5d20:	de bf       	out	0x3e, r29	; 62
    5d22:	0f be       	out	0x3f, r0	; 63
    5d24:	cd bf       	out	0x3d, r28	; 61
    5d26:	df 91       	pop	r29
    5d28:	cf 91       	pop	r28
    5d2a:	1f 91       	pop	r17
    5d2c:	0f 91       	pop	r16
    5d2e:	0c 94 2f 2e 	jmp	0x5c5e	; 0x5c5e <uart_tx>

00005d32 <uart_print_int16>:
    5d32:	ff 92       	push	r15
    5d34:	0f 93       	push	r16
    5d36:	1f 93       	push	r17
    5d38:	cf 93       	push	r28
    5d3a:	df 93       	push	r29
    5d3c:	00 d0       	rcall	.+0      	; 0x5d3e <uart_print_int16+0xc>
    5d3e:	00 d0       	rcall	.+0      	; 0x5d40 <uart_print_int16+0xe>
    5d40:	00 d0       	rcall	.+0      	; 0x5d42 <uart_print_int16+0x10>
    5d42:	1f 92       	push	r1
    5d44:	cd b7       	in	r28, 0x3d	; 61
    5d46:	de b7       	in	r29, 0x3e	; 62
    5d48:	8c 01       	movw	r16, r24
    5d4a:	97 ff       	sbrs	r25, 7
    5d4c:	06 c0       	rjmp	.+12     	; 0x5d5a <uart_print_int16+0x28>
    5d4e:	8d e2       	ldi	r24, 0x2D	; 45
    5d50:	0e 94 2f 2e 	call	0x5c5e	; 0x5c5e <uart_tx>
    5d54:	11 95       	neg	r17
    5d56:	01 95       	neg	r16
    5d58:	11 09       	sbc	r17, r1
    5d5a:	e0 e0       	ldi	r30, 0x00	; 0
    5d5c:	2a e0       	ldi	r18, 0x0A	; 10
    5d5e:	30 e0       	ldi	r19, 0x00	; 0
    5d60:	ff 24       	eor	r15, r15
    5d62:	f3 94       	inc	r15
    5d64:	fe 0e       	add	r15, r30
    5d66:	81 e0       	ldi	r24, 0x01	; 1
    5d68:	90 e0       	ldi	r25, 0x00	; 0
    5d6a:	8c 0f       	add	r24, r28
    5d6c:	9d 1f       	adc	r25, r29
    5d6e:	8e 0f       	add	r24, r30
    5d70:	91 1d       	adc	r25, r1
    5d72:	fc 01       	movw	r30, r24
    5d74:	c8 01       	movw	r24, r16
    5d76:	b9 01       	movw	r22, r18
    5d78:	0e 94 15 3a 	call	0x742a	; 0x742a <__divmodhi4>
    5d7c:	80 5d       	subi	r24, 0xD0	; 208
    5d7e:	80 83       	st	Z, r24
    5d80:	8b 01       	movw	r16, r22
    5d82:	ef 2d       	mov	r30, r15
    5d84:	67 2b       	or	r22, r23
    5d86:	61 f7       	brne	.-40     	; 0x5d60 <uart_print_int16+0x2e>
    5d88:	fa 94       	dec	r15
    5d8a:	9f ef       	ldi	r25, 0xFF	; 255
    5d8c:	f9 12       	cpse	r15, r25
    5d8e:	0c c0       	rjmp	.+24     	; 0x5da8 <uart_print_int16+0x76>
    5d90:	27 96       	adiw	r28, 0x07	; 7
    5d92:	0f b6       	in	r0, 0x3f	; 63
    5d94:	f8 94       	cli
    5d96:	de bf       	out	0x3e, r29	; 62
    5d98:	0f be       	out	0x3f, r0	; 63
    5d9a:	cd bf       	out	0x3d, r28	; 61
    5d9c:	df 91       	pop	r29
    5d9e:	cf 91       	pop	r28
    5da0:	1f 91       	pop	r17
    5da2:	0f 91       	pop	r16
    5da4:	ff 90       	pop	r15
    5da6:	08 95       	ret
    5da8:	e1 e0       	ldi	r30, 0x01	; 1
    5daa:	f0 e0       	ldi	r31, 0x00	; 0
    5dac:	ec 0f       	add	r30, r28
    5dae:	fd 1f       	adc	r31, r29
    5db0:	ef 0d       	add	r30, r15
    5db2:	f1 1d       	adc	r31, r1
    5db4:	80 81       	ld	r24, Z
    5db6:	0e 94 2f 2e 	call	0x5c5e	; 0x5c5e <uart_tx>
    5dba:	e6 cf       	rjmp	.-52     	; 0x5d88 <uart_print_int16+0x56>

00005dbc <uart_print_hex>:
    5dbc:	1f 93       	push	r17
    5dbe:	cf 93       	push	r28
    5dc0:	df 93       	push	r29
    5dc2:	cd b7       	in	r28, 0x3d	; 61
    5dc4:	de b7       	in	r29, 0x3e	; 62
    5dc6:	61 97       	sbiw	r28, 0x11	; 17
    5dc8:	0f b6       	in	r0, 0x3f	; 63
    5dca:	f8 94       	cli
    5dcc:	de bf       	out	0x3e, r29	; 62
    5dce:	0f be       	out	0x3f, r0	; 63
    5dd0:	cd bf       	out	0x3d, r28	; 61
    5dd2:	18 2f       	mov	r17, r24
    5dd4:	81 e1       	ldi	r24, 0x11	; 17
    5dd6:	e8 e9       	ldi	r30, 0x98	; 152
    5dd8:	f1 e0       	ldi	r31, 0x01	; 1
    5dda:	de 01       	movw	r26, r28
    5ddc:	11 96       	adiw	r26, 0x01	; 1
    5dde:	01 90       	ld	r0, Z+
    5de0:	0d 92       	st	X+, r0
    5de2:	8a 95       	dec	r24
    5de4:	e1 f7       	brne	.-8      	; 0x5dde <uart_print_hex+0x22>
    5de6:	e1 2f       	mov	r30, r17
    5de8:	e2 95       	swap	r30
    5dea:	ef 70       	andi	r30, 0x0F	; 15
    5dec:	81 e0       	ldi	r24, 0x01	; 1
    5dee:	90 e0       	ldi	r25, 0x00	; 0
    5df0:	8c 0f       	add	r24, r28
    5df2:	9d 1f       	adc	r25, r29
    5df4:	8e 0f       	add	r24, r30
    5df6:	91 1d       	adc	r25, r1
    5df8:	fc 01       	movw	r30, r24
    5dfa:	80 81       	ld	r24, Z
    5dfc:	0e 94 2f 2e 	call	0x5c5e	; 0x5c5e <uart_tx>
    5e00:	e1 2f       	mov	r30, r17
    5e02:	ef 70       	andi	r30, 0x0F	; 15
    5e04:	81 e0       	ldi	r24, 0x01	; 1
    5e06:	90 e0       	ldi	r25, 0x00	; 0
    5e08:	8c 0f       	add	r24, r28
    5e0a:	9d 1f       	adc	r25, r29
    5e0c:	8e 0f       	add	r24, r30
    5e0e:	91 1d       	adc	r25, r1
    5e10:	fc 01       	movw	r30, r24
    5e12:	80 81       	ld	r24, Z
    5e14:	61 96       	adiw	r28, 0x11	; 17
    5e16:	0f b6       	in	r0, 0x3f	; 63
    5e18:	f8 94       	cli
    5e1a:	de bf       	out	0x3e, r29	; 62
    5e1c:	0f be       	out	0x3f, r0	; 63
    5e1e:	cd bf       	out	0x3d, r28	; 61
    5e20:	df 91       	pop	r29
    5e22:	cf 91       	pop	r28
    5e24:	1f 91       	pop	r17
    5e26:	0c 94 2f 2e 	jmp	0x5c5e	; 0x5c5e <uart_tx>

00005e2a <leds_init>:
    5e2a:	8f ef       	ldi	r24, 0xFF	; 255
    5e2c:	8a bb       	out	0x1a, r24	; 26
    5e2e:	80 e8       	ldi	r24, 0x80	; 128
    5e30:	8b bb       	out	0x1b, r24	; 27
    5e32:	08 95       	ret

00005e34 <leds_field_carrier_on>:
    5e34:	d8 9a       	sbi	0x1b, 0	; 27
    5e36:	08 95       	ret

00005e38 <leds_field_carrier_off>:
    5e38:	d8 98       	cbi	0x1b, 0	; 27
    5e3a:	08 95       	ret

00005e3c <leds_field_mod_on>:
    5e3c:	08 95       	ret

00005e3e <leds_field_dead_on>:
    5e3e:	08 95       	ret

00005e40 <leds_output_set>:
    5e40:	08 95       	ret

00005e42 <debounce_init>:
    5e42:	8f 77       	andi	r24, 0x7F	; 127
    5e44:	82 bb       	out	0x12, r24	; 18
    5e46:	81 b3       	in	r24, 0x11	; 17
    5e48:	08 95       	ret

00005e4a <debounce_get_state>:
    5e4a:	80 b3       	in	r24, 0x10	; 16
    5e4c:	8f 77       	andi	r24, 0x7F	; 127
    5e4e:	08 95       	ret

00005e50 <debounce_get_events>:
    5e50:	81 b3       	in	r24, 0x11	; 17
    5e52:	8f 77       	andi	r24, 0x7F	; 127
    5e54:	08 95       	ret

00005e56 <debounce_clear>:
    5e56:	8f 77       	andi	r24, 0x7F	; 127
    5e58:	88 b9       	out	0x08, r24	; 8
    5e5a:	08 95       	ret

00005e5c <encoder_get_delta>:
    5e5c:	8c b3       	in	r24, 0x1c	; 28
    5e5e:	90 91 6a 02 	lds	r25, 0x026A	; 0x80026a <__data_end>
    5e62:	80 93 6a 02 	sts	0x026A, r24	; 0x80026a <__data_end>
    5e66:	89 1b       	sub	r24, r25
    5e68:	08 95       	ret

00005e6a <encoder_read>:
    5e6a:	9d b3       	in	r25, 0x1d	; 29
    5e6c:	8c b3       	in	r24, 0x1c	; 28
    5e6e:	08 95       	ret

00005e70 <map>:
    5e70:	4f 92       	push	r4
    5e72:	5f 92       	push	r5
    5e74:	6f 92       	push	r6
    5e76:	7f 92       	push	r7
    5e78:	af 92       	push	r10
    5e7a:	bf 92       	push	r11
    5e7c:	cf 92       	push	r12
    5e7e:	df 92       	push	r13
    5e80:	ef 92       	push	r14
    5e82:	ff 92       	push	r15
    5e84:	0f 93       	push	r16
    5e86:	1f 93       	push	r17
    5e88:	cf 93       	push	r28
    5e8a:	df 93       	push	r29
    5e8c:	cd b7       	in	r28, 0x3d	; 61
    5e8e:	de b7       	in	r29, 0x3e	; 62
    5e90:	29 01       	movw	r4, r18
    5e92:	3a 01       	movw	r6, r20
    5e94:	9b 01       	movw	r18, r22
    5e96:	ac 01       	movw	r20, r24
    5e98:	24 19       	sub	r18, r4
    5e9a:	35 09       	sbc	r19, r5
    5e9c:	46 09       	sbc	r20, r6
    5e9e:	57 09       	sbc	r21, r7
    5ea0:	89 89       	ldd	r24, Y+17	; 0x11
    5ea2:	9a 89       	ldd	r25, Y+18	; 0x12
    5ea4:	ab 89       	ldd	r26, Y+19	; 0x13
    5ea6:	bc 89       	ldd	r27, Y+20	; 0x14
    5ea8:	bc 01       	movw	r22, r24
    5eaa:	cd 01       	movw	r24, r26
    5eac:	6a 19       	sub	r22, r10
    5eae:	7b 09       	sbc	r23, r11
    5eb0:	8c 09       	sbc	r24, r12
    5eb2:	9d 09       	sbc	r25, r13
    5eb4:	0e 94 f1 39 	call	0x73e2	; 0x73e2 <__mulsi3>
    5eb8:	a8 01       	movw	r20, r16
    5eba:	97 01       	movw	r18, r14
    5ebc:	24 19       	sub	r18, r4
    5ebe:	35 09       	sbc	r19, r5
    5ec0:	46 09       	sbc	r20, r6
    5ec2:	57 09       	sbc	r21, r7
    5ec4:	0e 94 4b 3a 	call	0x7496	; 0x7496 <__divmodsi4>
    5ec8:	ca 01       	movw	r24, r20
    5eca:	b9 01       	movw	r22, r18
    5ecc:	6a 0d       	add	r22, r10
    5ece:	7b 1d       	adc	r23, r11
    5ed0:	8c 1d       	adc	r24, r12
    5ed2:	9d 1d       	adc	r25, r13
    5ed4:	df 91       	pop	r29
    5ed6:	cf 91       	pop	r28
    5ed8:	1f 91       	pop	r17
    5eda:	0f 91       	pop	r16
    5edc:	ff 90       	pop	r15
    5ede:	ef 90       	pop	r14
    5ee0:	df 90       	pop	r13
    5ee2:	cf 90       	pop	r12
    5ee4:	bf 90       	pop	r11
    5ee6:	af 90       	pop	r10
    5ee8:	7f 90       	pop	r7
    5eea:	6f 90       	pop	r6
    5eec:	5f 90       	pop	r5
    5eee:	4f 90       	pop	r4
    5ef0:	08 95       	ret

00005ef2 <xpt2046_init>:
    5ef2:	87 b3       	in	r24, 0x17	; 23
    5ef4:	88 65       	ori	r24, 0x58	; 88
    5ef6:	87 bb       	out	0x17, r24	; 23
    5ef8:	bd 98       	cbi	0x17, 5	; 23
    5efa:	bf 98       	cbi	0x17, 7	; 23
    5efc:	c4 98       	cbi	0x18, 4	; 24
    5efe:	c3 98       	cbi	0x18, 3	; 24
    5f00:	c6 9a       	sbi	0x18, 6	; 24
    5f02:	08 95       	ret

00005f04 <spi_sw_txrx>:
    5f04:	28 2f       	mov	r18, r24
    5f06:	98 e0       	ldi	r25, 0x08	; 8
    5f08:	80 e0       	ldi	r24, 0x00	; 0
    5f0a:	27 ff       	sbrs	r18, 7
    5f0c:	0a c0       	rjmp	.+20     	; 0x5f22 <spi_sw_txrx+0x1e>
    5f0e:	c3 9a       	sbi	0x18, 3	; 24
    5f10:	22 0f       	add	r18, r18
    5f12:	c4 9a       	sbi	0x18, 4	; 24
    5f14:	88 0f       	add	r24, r24
    5f16:	b5 99       	sbic	0x16, 5	; 22
    5f18:	81 60       	ori	r24, 0x01	; 1
    5f1a:	c4 98       	cbi	0x18, 4	; 24
    5f1c:	91 50       	subi	r25, 0x01	; 1
    5f1e:	a9 f7       	brne	.-22     	; 0x5f0a <spi_sw_txrx+0x6>
    5f20:	08 95       	ret
    5f22:	c3 98       	cbi	0x18, 3	; 24
    5f24:	f5 cf       	rjmp	.-22     	; 0x5f10 <spi_sw_txrx+0xc>

00005f26 <xpt2046_read_x>:
    5f26:	cf 93       	push	r28
    5f28:	c6 98       	cbi	0x18, 6	; 24
    5f2a:	80 ed       	ldi	r24, 0xD0	; 208
    5f2c:	0e 94 82 2f 	call	0x5f04	; 0x5f04 <spi_sw_txrx>
    5f30:	80 e0       	ldi	r24, 0x00	; 0
    5f32:	0e 94 82 2f 	call	0x5f04	; 0x5f04 <spi_sw_txrx>
    5f36:	c8 2f       	mov	r28, r24
    5f38:	80 e0       	ldi	r24, 0x00	; 0
    5f3a:	0e 94 82 2f 	call	0x5f04	; 0x5f04 <spi_sw_txrx>
    5f3e:	c6 9a       	sbi	0x18, 6	; 24
    5f40:	9c 2f       	mov	r25, r28
    5f42:	23 e0       	ldi	r18, 0x03	; 3
    5f44:	96 95       	lsr	r25
    5f46:	87 95       	ror	r24
    5f48:	2a 95       	dec	r18
    5f4a:	e1 f7       	brne	.-8      	; 0x5f44 <xpt2046_read_x+0x1e>
    5f4c:	cf 91       	pop	r28
    5f4e:	08 95       	ret

00005f50 <xpt2046_read_y>:
    5f50:	cf 93       	push	r28
    5f52:	c6 98       	cbi	0x18, 6	; 24
    5f54:	80 e9       	ldi	r24, 0x90	; 144
    5f56:	0e 94 82 2f 	call	0x5f04	; 0x5f04 <spi_sw_txrx>
    5f5a:	80 e0       	ldi	r24, 0x00	; 0
    5f5c:	0e 94 82 2f 	call	0x5f04	; 0x5f04 <spi_sw_txrx>
    5f60:	c8 2f       	mov	r28, r24
    5f62:	80 e0       	ldi	r24, 0x00	; 0
    5f64:	0e 94 82 2f 	call	0x5f04	; 0x5f04 <spi_sw_txrx>
    5f68:	c6 9a       	sbi	0x18, 6	; 24
    5f6a:	9c 2f       	mov	r25, r28
    5f6c:	23 e0       	ldi	r18, 0x03	; 3
    5f6e:	96 95       	lsr	r25
    5f70:	87 95       	ror	r24
    5f72:	2a 95       	dec	r18
    5f74:	e1 f7       	brne	.-8      	; 0x5f6e <xpt2046_read_y+0x1e>
    5f76:	cf 91       	pop	r28
    5f78:	08 95       	ret

00005f7a <XPT2046_TouchGetCoordinates>:
    5f7a:	4f 92       	push	r4
    5f7c:	5f 92       	push	r5
    5f7e:	6f 92       	push	r6
    5f80:	7f 92       	push	r7
    5f82:	9f 92       	push	r9
    5f84:	af 92       	push	r10
    5f86:	bf 92       	push	r11
    5f88:	cf 92       	push	r12
    5f8a:	df 92       	push	r13
    5f8c:	ef 92       	push	r14
    5f8e:	ff 92       	push	r15
    5f90:	0f 93       	push	r16
    5f92:	1f 93       	push	r17
    5f94:	cf 93       	push	r28
    5f96:	df 93       	push	r29
    5f98:	ec 01       	movw	r28, r24
    5f9a:	8b 01       	movw	r16, r22
    5f9c:	c6 98       	cbi	0x18, 6	; 24
    5f9e:	91 2c       	mov	r9, r1
    5fa0:	c1 2c       	mov	r12, r1
    5fa2:	d1 2c       	mov	r13, r1
    5fa4:	76 01       	movw	r14, r12
    5fa6:	41 2c       	mov	r4, r1
    5fa8:	51 2c       	mov	r5, r1
    5faa:	32 01       	movw	r6, r4
    5fac:	b7 99       	sbic	0x16, 7	; 22
    5fae:	11 c0       	rjmp	.+34     	; 0x5fd2 <XPT2046_TouchGetCoordinates+0x58>
    5fb0:	93 94       	inc	r9
    5fb2:	0e 94 93 2f 	call	0x5f26	; 0x5f26 <xpt2046_read_x>
    5fb6:	5c 01       	movw	r10, r24
    5fb8:	0e 94 a8 2f 	call	0x5f50	; 0x5f50 <xpt2046_read_y>
    5fbc:	4a 0c       	add	r4, r10
    5fbe:	5b 1c       	adc	r5, r11
    5fc0:	61 1c       	adc	r6, r1
    5fc2:	71 1c       	adc	r7, r1
    5fc4:	c8 0e       	add	r12, r24
    5fc6:	d9 1e       	adc	r13, r25
    5fc8:	e1 1c       	adc	r14, r1
    5fca:	f1 1c       	adc	r15, r1
    5fcc:	80 e1       	ldi	r24, 0x10	; 16
    5fce:	98 12       	cpse	r9, r24
    5fd0:	ed cf       	rjmp	.-38     	; 0x5fac <XPT2046_TouchGetCoordinates+0x32>
    5fd2:	c6 9a       	sbi	0x18, 6	; 24
    5fd4:	e0 e1       	ldi	r30, 0x10	; 16
    5fd6:	80 e0       	ldi	r24, 0x00	; 0
    5fd8:	9e 12       	cpse	r9, r30
    5fda:	66 c0       	rjmp	.+204    	; 0x60a8 <XPT2046_TouchGetCoordinates+0x12e>
    5fdc:	54 e0       	ldi	r21, 0x04	; 4
    5fde:	76 94       	lsr	r7
    5fe0:	67 94       	ror	r6
    5fe2:	57 94       	ror	r5
    5fe4:	47 94       	ror	r4
    5fe6:	5a 95       	dec	r21
    5fe8:	d1 f7       	brne	.-12     	; 0x5fde <XPT2046_TouchGetCoordinates+0x64>
    5fea:	f7 ef       	ldi	r31, 0xF7	; 247
    5fec:	4f 16       	cp	r4, r31
    5fee:	fe e0       	ldi	r31, 0x0E	; 14
    5ff0:	5f 06       	cpc	r5, r31
    5ff2:	61 04       	cpc	r6, r1
    5ff4:	71 04       	cpc	r7, r1
    5ff6:	30 f0       	brcs	.+12     	; 0x6004 <XPT2046_TouchGetCoordinates+0x8a>
    5ff8:	46 ef       	ldi	r20, 0xF6	; 246
    5ffa:	44 2e       	mov	r4, r20
    5ffc:	4e e0       	ldi	r20, 0x0E	; 14
    5ffe:	54 2e       	mov	r5, r20
    6000:	61 2c       	mov	r6, r1
    6002:	71 2c       	mov	r7, r1
    6004:	34 e0       	ldi	r19, 0x04	; 4
    6006:	f6 94       	lsr	r15
    6008:	e7 94       	ror	r14
    600a:	d7 94       	ror	r13
    600c:	c7 94       	ror	r12
    600e:	3a 95       	dec	r19
    6010:	d1 f7       	brne	.-12     	; 0x6006 <XPT2046_TouchGetCoordinates+0x8c>
    6012:	89 ed       	ldi	r24, 0xD9	; 217
    6014:	c8 16       	cp	r12, r24
    6016:	8e e0       	ldi	r24, 0x0E	; 14
    6018:	d8 06       	cpc	r13, r24
    601a:	e1 04       	cpc	r14, r1
    601c:	f1 04       	cpc	r15, r1
    601e:	30 f0       	brcs	.+12     	; 0x602c <XPT2046_TouchGetCoordinates+0xb2>
    6020:	28 ed       	ldi	r18, 0xD8	; 216
    6022:	c2 2e       	mov	r12, r18
    6024:	2e e0       	ldi	r18, 0x0E	; 14
    6026:	d2 2e       	mov	r13, r18
    6028:	e1 2c       	mov	r14, r1
    602a:	f1 2c       	mov	r15, r1
    602c:	e8 ec       	ldi	r30, 0xC8	; 200
    602e:	4e 16       	cp	r4, r30
    6030:	51 04       	cpc	r5, r1
    6032:	61 04       	cpc	r6, r1
    6034:	71 04       	cpc	r7, r1
    6036:	28 f4       	brcc	.+10     	; 0x6042 <XPT2046_TouchGetCoordinates+0xc8>
    6038:	98 ec       	ldi	r25, 0xC8	; 200
    603a:	49 2e       	mov	r4, r25
    603c:	51 2c       	mov	r5, r1
    603e:	61 2c       	mov	r6, r1
    6040:	71 2c       	mov	r7, r1
    6042:	a3 01       	movw	r20, r6
    6044:	92 01       	movw	r18, r4
    6046:	20 59       	subi	r18, 0x90	; 144
    6048:	31 40       	sbci	r19, 0x01	; 1
    604a:	41 09       	sbc	r20, r1
    604c:	51 09       	sbc	r21, r1
    604e:	a0 ef       	ldi	r26, 0xF0	; 240
    6050:	b0 e0       	ldi	r27, 0x00	; 0
    6052:	0e 94 82 3a 	call	0x7504	; 0x7504 <__muluhisi3>
    6056:	28 e4       	ldi	r18, 0x48	; 72
    6058:	3d e0       	ldi	r19, 0x0D	; 13
    605a:	40 e0       	ldi	r20, 0x00	; 0
    605c:	50 e0       	ldi	r21, 0x00	; 0
    605e:	0e 94 4b 3a 	call	0x7496	; 0x7496 <__divmodsi4>
    6062:	f8 01       	movw	r30, r16
    6064:	31 83       	std	Z+1, r19	; 0x01
    6066:	20 83       	st	Z, r18
    6068:	f0 e9       	ldi	r31, 0x90	; 144
    606a:	cf 16       	cp	r12, r31
    606c:	f1 e0       	ldi	r31, 0x01	; 1
    606e:	df 06       	cpc	r13, r31
    6070:	e1 04       	cpc	r14, r1
    6072:	f1 04       	cpc	r15, r1
    6074:	30 f4       	brcc	.+12     	; 0x6082 <XPT2046_TouchGetCoordinates+0x108>
    6076:	80 e9       	ldi	r24, 0x90	; 144
    6078:	c8 2e       	mov	r12, r24
    607a:	dd 24       	eor	r13, r13
    607c:	d3 94       	inc	r13
    607e:	e1 2c       	mov	r14, r1
    6080:	f1 2c       	mov	r15, r1
    6082:	a7 01       	movw	r20, r14
    6084:	96 01       	movw	r18, r12
    6086:	28 5c       	subi	r18, 0xC8	; 200
    6088:	31 09       	sbc	r19, r1
    608a:	41 09       	sbc	r20, r1
    608c:	51 09       	sbc	r21, r1
    608e:	a0 e4       	ldi	r26, 0x40	; 64
    6090:	b1 e0       	ldi	r27, 0x01	; 1
    6092:	0e 94 82 3a 	call	0x7504	; 0x7504 <__muluhisi3>
    6096:	2e e2       	ldi	r18, 0x2E	; 46
    6098:	3e e0       	ldi	r19, 0x0E	; 14
    609a:	40 e0       	ldi	r20, 0x00	; 0
    609c:	50 e0       	ldi	r21, 0x00	; 0
    609e:	0e 94 4b 3a 	call	0x7496	; 0x7496 <__divmodsi4>
    60a2:	39 83       	std	Y+1, r19	; 0x01
    60a4:	28 83       	st	Y, r18
    60a6:	81 e0       	ldi	r24, 0x01	; 1
    60a8:	df 91       	pop	r29
    60aa:	cf 91       	pop	r28
    60ac:	1f 91       	pop	r17
    60ae:	0f 91       	pop	r16
    60b0:	ff 90       	pop	r15
    60b2:	ef 90       	pop	r14
    60b4:	df 90       	pop	r13
    60b6:	cf 90       	pop	r12
    60b8:	bf 90       	pop	r11
    60ba:	af 90       	pop	r10
    60bc:	9f 90       	pop	r9
    60be:	7f 90       	pop	r7
    60c0:	6f 90       	pop	r6
    60c2:	5f 90       	pop	r5
    60c4:	4f 90       	pop	r4
    60c6:	08 95       	ret

000060c8 <XPT2046_TouchPressed>:
    60c8:	86 b3       	in	r24, 0x16	; 22
    60ca:	80 95       	com	r24
    60cc:	88 1f       	adc	r24, r24
    60ce:	88 27       	eor	r24, r24
    60d0:	88 1f       	adc	r24, r24
    60d2:	08 95       	ret

000060d4 <touch_process_zones>:
    60d4:	ff 92       	push	r15
    60d6:	0f 93       	push	r16
    60d8:	1f 93       	push	r17
    60da:	cf 93       	push	r28
    60dc:	df 93       	push	r29
    60de:	ec 01       	movw	r28, r24
    60e0:	8b 01       	movw	r16, r22
    60e2:	f4 2e       	mov	r15, r20
    60e4:	44 23       	and	r20, r20
    60e6:	09 f4       	brne	.+2      	; 0x60ea <touch_process_zones+0x16>
    60e8:	43 c0       	rjmp	.+134    	; 0x6170 <touch_process_zones+0x9c>
    60ea:	80 91 6b 02 	lds	r24, 0x026B	; 0x80026b <last_touch.2045>
    60ee:	81 11       	cpse	r24, r1
    60f0:	3d c0       	rjmp	.+122    	; 0x616c <touch_process_zones+0x98>
    60f2:	89 ea       	ldi	r24, 0xA9	; 169
    60f4:	91 e0       	ldi	r25, 0x01	; 1
    60f6:	0e 94 33 2e 	call	0x5c66	; 0x5c66 <uart_print>
    60fa:	e5 e0       	ldi	r30, 0x05	; 5
    60fc:	f1 e0       	ldi	r31, 0x01	; 1
    60fe:	90 e0       	ldi	r25, 0x00	; 0
    6100:	80 e0       	ldi	r24, 0x00	; 0
    6102:	20 81       	ld	r18, Z
    6104:	31 81       	ldd	r19, Z+1	; 0x01
    6106:	c2 17       	cp	r28, r18
    6108:	d3 07       	cpc	r29, r19
    610a:	58 f1       	brcs	.+86     	; 0x6162 <touch_process_zones+0x8e>
    610c:	44 81       	ldd	r20, Z+4	; 0x04
    610e:	55 81       	ldd	r21, Z+5	; 0x05
    6110:	24 0f       	add	r18, r20
    6112:	35 1f       	adc	r19, r21
    6114:	c2 17       	cp	r28, r18
    6116:	d3 07       	cpc	r29, r19
    6118:	20 f5       	brcc	.+72     	; 0x6162 <touch_process_zones+0x8e>
    611a:	22 81       	ldd	r18, Z+2	; 0x02
    611c:	33 81       	ldd	r19, Z+3	; 0x03
    611e:	02 17       	cp	r16, r18
    6120:	13 07       	cpc	r17, r19
    6122:	f8 f0       	brcs	.+62     	; 0x6162 <touch_process_zones+0x8e>
    6124:	46 81       	ldd	r20, Z+6	; 0x06
    6126:	57 81       	ldd	r21, Z+7	; 0x07
    6128:	24 0f       	add	r18, r20
    612a:	35 1f       	adc	r19, r21
    612c:	41 e0       	ldi	r20, 0x01	; 1
    612e:	50 e0       	ldi	r21, 0x00	; 0
    6130:	02 17       	cp	r16, r18
    6132:	13 07       	cpc	r17, r19
    6134:	10 f0       	brcs	.+4      	; 0x613a <touch_process_zones+0x66>
    6136:	50 e0       	ldi	r21, 0x00	; 0
    6138:	40 e0       	ldi	r20, 0x00	; 0
    613a:	45 2b       	or	r20, r21
    613c:	91 f0       	breq	.+36     	; 0x6162 <touch_process_zones+0x8e>
    613e:	29 e0       	ldi	r18, 0x09	; 9
    6140:	28 9f       	mul	r18, r24
    6142:	f0 01       	movw	r30, r0
    6144:	29 9f       	mul	r18, r25
    6146:	f0 0d       	add	r31, r0
    6148:	11 24       	eor	r1, r1
    614a:	eb 5f       	subi	r30, 0xFB	; 251
    614c:	fe 4f       	sbci	r31, 0xFE	; 254
    614e:	91 e0       	ldi	r25, 0x01	; 1
    6150:	90 87       	std	Z+8, r25	; 0x08
    6152:	f0 92 6b 02 	sts	0x026B, r15	; 0x80026b <last_touch.2045>
    6156:	df 91       	pop	r29
    6158:	cf 91       	pop	r28
    615a:	1f 91       	pop	r17
    615c:	0f 91       	pop	r16
    615e:	ff 90       	pop	r15
    6160:	08 95       	ret
    6162:	01 96       	adiw	r24, 0x01	; 1
    6164:	39 96       	adiw	r30, 0x09	; 9
    6166:	87 30       	cpi	r24, 0x07	; 7
    6168:	91 05       	cpc	r25, r1
    616a:	59 f6       	brne	.-106    	; 0x6102 <touch_process_zones+0x2e>
    616c:	8f ef       	ldi	r24, 0xFF	; 255
    616e:	f1 cf       	rjmp	.-30     	; 0x6152 <touch_process_zones+0x7e>
    6170:	10 92 0d 01 	sts	0x010D, r1	; 0x80010d <zones+0x8>
    6174:	10 92 16 01 	sts	0x0116, r1	; 0x800116 <zones+0x11>
    6178:	10 92 1f 01 	sts	0x011F, r1	; 0x80011f <zones+0x1a>
    617c:	10 92 28 01 	sts	0x0128, r1	; 0x800128 <zones+0x23>
    6180:	10 92 31 01 	sts	0x0131, r1	; 0x800131 <zones+0x2c>
    6184:	10 92 3a 01 	sts	0x013A, r1	; 0x80013a <zones+0x35>
    6188:	10 92 43 01 	sts	0x0143, r1	; 0x800143 <zones+0x3e>
    618c:	ef cf       	rjmp	.-34     	; 0x616c <touch_process_zones+0x98>

0000618e <write32>:
    618e:	fc 01       	movw	r30, r24
    6190:	31 83       	std	Z+1, r19	; 0x01
    6192:	20 83       	st	Z, r18
    6194:	9a 01       	movw	r18, r20
    6196:	44 27       	eor	r20, r20
    6198:	55 27       	eor	r21, r21
    619a:	fb 01       	movw	r30, r22
    619c:	31 83       	std	Z+1, r19	; 0x01
    619e:	20 83       	st	Z, r18
    61a0:	08 95       	ret

000061a2 <read32>:
    61a2:	0f 93       	push	r16
    61a4:	1f 93       	push	r17
    61a6:	fb 01       	movw	r30, r22
    61a8:	60 81       	ld	r22, Z
    61aa:	71 81       	ldd	r23, Z+1	; 0x01
    61ac:	fc 01       	movw	r30, r24
    61ae:	00 81       	ld	r16, Z
    61b0:	11 81       	ldd	r17, Z+1	; 0x01
    61b2:	90 e0       	ldi	r25, 0x00	; 0
    61b4:	80 e0       	ldi	r24, 0x00	; 0
    61b6:	cb 01       	movw	r24, r22
    61b8:	77 27       	eor	r23, r23
    61ba:	66 27       	eor	r22, r22
    61bc:	30 e0       	ldi	r19, 0x00	; 0
    61be:	20 e0       	ldi	r18, 0x00	; 0
    61c0:	60 2b       	or	r22, r16
    61c2:	71 2b       	or	r23, r17
    61c4:	82 2b       	or	r24, r18
    61c6:	93 2b       	or	r25, r19
    61c8:	1f 91       	pop	r17
    61ca:	0f 91       	pop	r16
    61cc:	08 95       	ret

000061ce <pwm_enable>:
    61ce:	86 b9       	out	0x06, r24	; 6
    61d0:	08 95       	ret

000061d2 <pwm_is_enabled>:
    61d2:	86 b1       	in	r24, 0x06	; 6
    61d4:	81 70       	andi	r24, 0x01	; 1
    61d6:	08 95       	ret

000061d8 <pwm_set_mode>:
    61d8:	83 70       	andi	r24, 0x03	; 3
    61da:	87 b9       	out	0x07, r24	; 7
    61dc:	08 95       	ret

000061de <pwm_get_mode>:
    61de:	87 b1       	in	r24, 0x07	; 7
    61e0:	83 70       	andi	r24, 0x03	; 3
    61e2:	08 95       	ret

000061e4 <map_long>:
    61e4:	4f 92       	push	r4
    61e6:	5f 92       	push	r5
    61e8:	6f 92       	push	r6
    61ea:	7f 92       	push	r7
    61ec:	af 92       	push	r10
    61ee:	bf 92       	push	r11
    61f0:	cf 92       	push	r12
    61f2:	df 92       	push	r13
    61f4:	ef 92       	push	r14
    61f6:	ff 92       	push	r15
    61f8:	0f 93       	push	r16
    61fa:	1f 93       	push	r17
    61fc:	cf 93       	push	r28
    61fe:	df 93       	push	r29
    6200:	cd b7       	in	r28, 0x3d	; 61
    6202:	de b7       	in	r29, 0x3e	; 62
    6204:	29 01       	movw	r4, r18
    6206:	3a 01       	movw	r6, r20
    6208:	9b 01       	movw	r18, r22
    620a:	ac 01       	movw	r20, r24
    620c:	24 19       	sub	r18, r4
    620e:	35 09       	sbc	r19, r5
    6210:	46 09       	sbc	r20, r6
    6212:	57 09       	sbc	r21, r7
    6214:	89 89       	ldd	r24, Y+17	; 0x11
    6216:	9a 89       	ldd	r25, Y+18	; 0x12
    6218:	ab 89       	ldd	r26, Y+19	; 0x13
    621a:	bc 89       	ldd	r27, Y+20	; 0x14
    621c:	bc 01       	movw	r22, r24
    621e:	cd 01       	movw	r24, r26
    6220:	6a 19       	sub	r22, r10
    6222:	7b 09       	sbc	r23, r11
    6224:	8c 09       	sbc	r24, r12
    6226:	9d 09       	sbc	r25, r13
    6228:	0e 94 f1 39 	call	0x73e2	; 0x73e2 <__mulsi3>
    622c:	a8 01       	movw	r20, r16
    622e:	97 01       	movw	r18, r14
    6230:	24 19       	sub	r18, r4
    6232:	35 09       	sbc	r19, r5
    6234:	46 09       	sbc	r20, r6
    6236:	57 09       	sbc	r21, r7
    6238:	0e 94 4b 3a 	call	0x7496	; 0x7496 <__divmodsi4>
    623c:	ca 01       	movw	r24, r20
    623e:	b9 01       	movw	r22, r18
    6240:	6a 0d       	add	r22, r10
    6242:	7b 1d       	adc	r23, r11
    6244:	8c 1d       	adc	r24, r12
    6246:	9d 1d       	adc	r25, r13
    6248:	df 91       	pop	r29
    624a:	cf 91       	pop	r28
    624c:	1f 91       	pop	r17
    624e:	0f 91       	pop	r16
    6250:	ff 90       	pop	r15
    6252:	ef 90       	pop	r14
    6254:	df 90       	pop	r13
    6256:	cf 90       	pop	r12
    6258:	bf 90       	pop	r11
    625a:	af 90       	pop	r10
    625c:	7f 90       	pop	r7
    625e:	6f 90       	pop	r6
    6260:	5f 90       	pop	r5
    6262:	4f 90       	pop	r4
    6264:	08 95       	ret

00006266 <write_reg32>:
    6266:	0f 93       	push	r16
    6268:	1f 93       	push	r17
    626a:	40 b9       	out	0x00, r20	; 0
    626c:	05 2f       	mov	r16, r21
    626e:	16 2f       	mov	r17, r22
    6270:	27 2f       	mov	r18, r23
    6272:	33 27       	eor	r19, r19
    6274:	01 b9       	out	0x01, r16	; 1
    6276:	8b 01       	movw	r16, r22
    6278:	22 27       	eor	r18, r18
    627a:	33 27       	eor	r19, r19
    627c:	02 b9       	out	0x02, r16	; 2
    627e:	47 2f       	mov	r20, r23
    6280:	55 27       	eor	r21, r21
    6282:	66 27       	eor	r22, r22
    6284:	77 27       	eor	r23, r23
    6286:	43 b9       	out	0x03, r20	; 3
    6288:	2f ef       	ldi	r18, 0xFF	; 255
    628a:	33 ec       	ldi	r19, 0xC3	; 195
    628c:	99 e0       	ldi	r25, 0x09	; 9
    628e:	21 50       	subi	r18, 0x01	; 1
    6290:	30 40       	sbci	r19, 0x00	; 0
    6292:	90 40       	sbci	r25, 0x00	; 0
    6294:	e1 f7       	brne	.-8      	; 0x628e <write_reg32+0x28>
    6296:	00 c0       	rjmp	.+0      	; 0x6298 <write_reg32+0x32>
    6298:	00 00       	nop
    629a:	84 b9       	out	0x04, r24	; 4
    629c:	1f 91       	pop	r17
    629e:	0f 91       	pop	r16
    62a0:	08 95       	ret

000062a2 <pwm_set_carrier_hz>:
    62a2:	ab 01       	movw	r20, r22
    62a4:	bc 01       	movw	r22, r24
    62a6:	76 95       	lsr	r23
    62a8:	67 95       	ror	r22
    62aa:	57 95       	ror	r21
    62ac:	47 95       	ror	r20
    62ae:	80 e0       	ldi	r24, 0x00	; 0
    62b0:	0c 94 33 31 	jmp	0x6266	; 0x6266 <write_reg32>

000062b4 <pwm_set_mod_hz>:
    62b4:	96 95       	lsr	r25
    62b6:	87 95       	ror	r24
    62b8:	ac 01       	movw	r20, r24
    62ba:	70 e0       	ldi	r23, 0x00	; 0
    62bc:	60 e0       	ldi	r22, 0x00	; 0
    62be:	81 e0       	ldi	r24, 0x01	; 1
    62c0:	0c 94 33 31 	jmp	0x6266	; 0x6266 <write_reg32>

000062c4 <read_reg32>:
    62c4:	85 b9       	out	0x05, r24	; 5
    62c6:	2f ef       	ldi	r18, 0xFF	; 255
    62c8:	83 ec       	ldi	r24, 0xC3	; 195
    62ca:	99 e0       	ldi	r25, 0x09	; 9
    62cc:	21 50       	subi	r18, 0x01	; 1
    62ce:	80 40       	sbci	r24, 0x00	; 0
    62d0:	90 40       	sbci	r25, 0x00	; 0
    62d2:	e1 f7       	brne	.-8      	; 0x62cc <read_reg32+0x8>
    62d4:	00 c0       	rjmp	.+0      	; 0x62d6 <read_reg32+0x12>
    62d6:	00 00       	nop
    62d8:	20 b1       	in	r18, 0x00	; 0
    62da:	31 b1       	in	r19, 0x01	; 1
    62dc:	62 b1       	in	r22, 0x02	; 2
    62de:	70 e0       	ldi	r23, 0x00	; 0
    62e0:	90 e0       	ldi	r25, 0x00	; 0
    62e2:	80 e0       	ldi	r24, 0x00	; 0
    62e4:	cb 01       	movw	r24, r22
    62e6:	77 27       	eor	r23, r23
    62e8:	66 27       	eor	r22, r22
    62ea:	73 2b       	or	r23, r19
    62ec:	62 2b       	or	r22, r18
    62ee:	23 b1       	in	r18, 0x03	; 3
    62f0:	92 2b       	or	r25, r18
    62f2:	08 95       	ret

000062f4 <pwm_get_carrier_hz>:
    62f4:	80 e0       	ldi	r24, 0x00	; 0
    62f6:	0e 94 62 31 	call	0x62c4	; 0x62c4 <read_reg32>
    62fa:	66 0f       	add	r22, r22
    62fc:	77 1f       	adc	r23, r23
    62fe:	88 1f       	adc	r24, r24
    6300:	99 1f       	adc	r25, r25
    6302:	08 95       	ret

00006304 <pwm_get_mod_hz>:
    6304:	81 e0       	ldi	r24, 0x01	; 1
    6306:	0e 94 62 31 	call	0x62c4	; 0x62c4 <read_reg32>
    630a:	66 0f       	add	r22, r22
    630c:	77 1f       	adc	r23, r23
    630e:	88 1f       	adc	r24, r24
    6310:	99 1f       	adc	r25, r25
    6312:	08 95       	ret

00006314 <write_reg16>:
    6314:	40 b9       	out	0x00, r20	; 0
    6316:	45 2f       	mov	r20, r21
    6318:	56 2f       	mov	r21, r22
    631a:	67 2f       	mov	r22, r23
    631c:	77 27       	eor	r23, r23
    631e:	41 b9       	out	0x01, r20	; 1
    6320:	2f ef       	ldi	r18, 0xFF	; 255
    6322:	33 ec       	ldi	r19, 0xC3	; 195
    6324:	99 e0       	ldi	r25, 0x09	; 9
    6326:	21 50       	subi	r18, 0x01	; 1
    6328:	30 40       	sbci	r19, 0x00	; 0
    632a:	90 40       	sbci	r25, 0x00	; 0
    632c:	e1 f7       	brne	.-8      	; 0x6326 <write_reg16+0x12>
    632e:	00 c0       	rjmp	.+0      	; 0x6330 <write_reg16+0x1c>
    6330:	00 00       	nop
    6332:	84 b9       	out	0x04, r24	; 4
    6334:	08 95       	ret

00006336 <pwm_set_deadtime_ns>:
    6336:	25 e0       	ldi	r18, 0x05	; 5
    6338:	ac 01       	movw	r20, r24
    633a:	24 9f       	mul	r18, r20
    633c:	c0 01       	movw	r24, r0
    633e:	25 9f       	mul	r18, r21
    6340:	90 0d       	add	r25, r0
    6342:	11 24       	eor	r1, r1
    6344:	ac 01       	movw	r20, r24
    6346:	70 e0       	ldi	r23, 0x00	; 0
    6348:	60 e0       	ldi	r22, 0x00	; 0
    634a:	82 e0       	ldi	r24, 0x02	; 2
    634c:	0c 94 8a 31 	jmp	0x6314	; 0x6314 <write_reg16>

00006350 <pwm_set_magnitude>:
    6350:	28 2f       	mov	r18, r24
    6352:	30 e0       	ldi	r19, 0x00	; 0
    6354:	af ef       	ldi	r26, 0xFF	; 255
    6356:	b3 e0       	ldi	r27, 0x03	; 3
    6358:	0e 94 73 3a 	call	0x74e6	; 0x74e6 <__umulhisi3>
    635c:	24 e6       	ldi	r18, 0x64	; 100
    635e:	30 e0       	ldi	r19, 0x00	; 0
    6360:	40 e0       	ldi	r20, 0x00	; 0
    6362:	50 e0       	ldi	r21, 0x00	; 0
    6364:	0e 94 4b 3a 	call	0x7496	; 0x7496 <__divmodsi4>
    6368:	ba 01       	movw	r22, r20
    636a:	a9 01       	movw	r20, r18
    636c:	83 e0       	ldi	r24, 0x03	; 3
    636e:	0c 94 8a 31 	jmp	0x6314	; 0x6314 <write_reg16>

00006372 <read_reg16>:
    6372:	85 b9       	out	0x05, r24	; 5
    6374:	2f ef       	ldi	r18, 0xFF	; 255
    6376:	83 ec       	ldi	r24, 0xC3	; 195
    6378:	99 e0       	ldi	r25, 0x09	; 9
    637a:	21 50       	subi	r18, 0x01	; 1
    637c:	80 40       	sbci	r24, 0x00	; 0
    637e:	90 40       	sbci	r25, 0x00	; 0
    6380:	e1 f7       	brne	.-8      	; 0x637a <read_reg16+0x8>
    6382:	00 c0       	rjmp	.+0      	; 0x6384 <read_reg16+0x12>
    6384:	00 00       	nop
    6386:	20 b1       	in	r18, 0x00	; 0
    6388:	81 b1       	in	r24, 0x01	; 1
    638a:	90 e0       	ldi	r25, 0x00	; 0
    638c:	b0 e0       	ldi	r27, 0x00	; 0
    638e:	a0 e0       	ldi	r26, 0x00	; 0
    6390:	ba 2f       	mov	r27, r26
    6392:	a9 2f       	mov	r26, r25
    6394:	98 2f       	mov	r25, r24
    6396:	88 27       	eor	r24, r24
    6398:	30 e0       	ldi	r19, 0x00	; 0
    639a:	82 2b       	or	r24, r18
    639c:	93 2b       	or	r25, r19
    639e:	08 95       	ret

000063a0 <pwm_get_deadtime_ns>:
    63a0:	82 e0       	ldi	r24, 0x02	; 2
    63a2:	0e 94 b9 31 	call	0x6372	; 0x6372 <read_reg16>
    63a6:	65 e0       	ldi	r22, 0x05	; 5
    63a8:	70 e0       	ldi	r23, 0x00	; 0
    63aa:	0e 94 01 3a 	call	0x7402	; 0x7402 <__udivmodhi4>
    63ae:	cb 01       	movw	r24, r22
    63b0:	08 95       	ret

000063b2 <pwm_get_magnitude>:
    63b2:	83 e0       	ldi	r24, 0x03	; 3
    63b4:	0e 94 b9 31 	call	0x6372	; 0x6372 <read_reg16>
    63b8:	9c 01       	movw	r18, r24
    63ba:	a4 e6       	ldi	r26, 0x64	; 100
    63bc:	b0 e0       	ldi	r27, 0x00	; 0
    63be:	0e 94 73 3a 	call	0x74e6	; 0x74e6 <__umulhisi3>
    63c2:	2f ef       	ldi	r18, 0xFF	; 255
    63c4:	33 e0       	ldi	r19, 0x03	; 3
    63c6:	40 e0       	ldi	r20, 0x00	; 0
    63c8:	50 e0       	ldi	r21, 0x00	; 0
    63ca:	0e 94 4b 3a 	call	0x7496	; 0x7496 <__divmodsi4>
    63ce:	c9 01       	movw	r24, r18
    63d0:	08 95       	ret

000063d2 <render_values>:
    63d2:	ff 92       	push	r15
    63d4:	0f 93       	push	r16
    63d6:	1f 93       	push	r17
    63d8:	cf 93       	push	r28
    63da:	df 93       	push	r29
    63dc:	cd b7       	in	r28, 0x3d	; 61
    63de:	de b7       	in	r29, 0x3e	; 62
    63e0:	68 97       	sbiw	r28, 0x18	; 24
    63e2:	0f b6       	in	r0, 0x3f	; 63
    63e4:	f8 94       	cli
    63e6:	de bf       	out	0x3e, r29	; 62
    63e8:	0f be       	out	0x3f, r0	; 63
    63ea:	cd bf       	out	0x3d, r28	; 61
    63ec:	f8 2e       	mov	r15, r24
    63ee:	80 91 85 02 	lds	r24, 0x0285	; 0x800285 <outputEnabled>
    63f2:	91 e0       	ldi	r25, 0x01	; 1
    63f4:	89 27       	eor	r24, r25
    63f6:	80 93 87 02 	sts	0x0287, r24	; 0x800287 <lastOutput>
    63fa:	f1 10       	cpse	r15, r1
    63fc:	60 c0       	rjmp	.+192    	; 0x64be <render_values+0xec>
    63fe:	40 91 5c 01 	lds	r20, 0x015C	; 0x80015c <carrierHz>
    6402:	50 91 5d 01 	lds	r21, 0x015D	; 0x80015d <carrierHz+0x1>
    6406:	60 91 5e 01 	lds	r22, 0x015E	; 0x80015e <carrierHz+0x2>
    640a:	70 91 5f 01 	lds	r23, 0x015F	; 0x80015f <carrierHz+0x3>
    640e:	80 91 4f 01 	lds	r24, 0x014F	; 0x80014f <lastCarrier.2415>
    6412:	90 91 50 01 	lds	r25, 0x0150	; 0x800150 <lastCarrier.2415+0x1>
    6416:	a0 91 51 01 	lds	r26, 0x0151	; 0x800151 <lastCarrier.2415+0x2>
    641a:	b0 91 52 01 	lds	r27, 0x0152	; 0x800152 <lastCarrier.2415+0x3>
    641e:	48 17       	cp	r20, r24
    6420:	59 07       	cpc	r21, r25
    6422:	6a 07       	cpc	r22, r26
    6424:	7b 07       	cpc	r23, r27
    6426:	09 f0       	breq	.+2      	; 0x642a <render_values+0x58>
    6428:	4a c0       	rjmp	.+148    	; 0x64be <render_values+0xec>
    642a:	40 91 58 01 	lds	r20, 0x0158	; 0x800158 <modHz>
    642e:	50 91 59 01 	lds	r21, 0x0159	; 0x800159 <modHz+0x1>
    6432:	60 91 5a 01 	lds	r22, 0x015A	; 0x80015a <modHz+0x2>
    6436:	70 91 5b 01 	lds	r23, 0x015B	; 0x80015b <modHz+0x3>
    643a:	80 91 4b 01 	lds	r24, 0x014B	; 0x80014b <lastMod.2416>
    643e:	90 91 4c 01 	lds	r25, 0x014C	; 0x80014c <lastMod.2416+0x1>
    6442:	a0 91 4d 01 	lds	r26, 0x014D	; 0x80014d <lastMod.2416+0x2>
    6446:	b0 91 4e 01 	lds	r27, 0x014E	; 0x80014e <lastMod.2416+0x3>
    644a:	48 17       	cp	r20, r24
    644c:	59 07       	cpc	r21, r25
    644e:	6a 07       	cpc	r22, r26
    6450:	7b 07       	cpc	r23, r27
    6452:	09 f0       	breq	.+2      	; 0x6456 <render_values+0x84>
    6454:	84 c0       	rjmp	.+264    	; 0x655e <render_values+0x18c>
    6456:	90 91 57 01 	lds	r25, 0x0157	; 0x800157 <magnitude>
    645a:	80 91 4a 01 	lds	r24, 0x014A	; 0x80014a <lastMagnitude.2417>
    645e:	98 13       	cpse	r25, r24
    6460:	ce c0       	rjmp	.+412    	; 0x65fe <render_values+0x22c>
    6462:	40 91 53 01 	lds	r20, 0x0153	; 0x800153 <deadNs>
    6466:	50 91 54 01 	lds	r21, 0x0154	; 0x800154 <deadNs+0x1>
    646a:	60 91 55 01 	lds	r22, 0x0155	; 0x800155 <deadNs+0x2>
    646e:	70 91 56 01 	lds	r23, 0x0156	; 0x800156 <deadNs+0x3>
    6472:	80 91 46 01 	lds	r24, 0x0146	; 0x800146 <lastDead.2418>
    6476:	90 91 47 01 	lds	r25, 0x0147	; 0x800147 <lastDead.2418+0x1>
    647a:	a0 91 48 01 	lds	r26, 0x0148	; 0x800148 <lastDead.2418+0x2>
    647e:	b0 91 49 01 	lds	r27, 0x0149	; 0x800149 <lastDead.2418+0x3>
    6482:	48 17       	cp	r20, r24
    6484:	59 07       	cpc	r21, r25
    6486:	6a 07       	cpc	r22, r26
    6488:	7b 07       	cpc	r23, r27
    648a:	09 f0       	breq	.+2      	; 0x648e <render_values+0xbc>
    648c:	f4 c0       	rjmp	.+488    	; 0x6676 <render_values+0x2a4>
    648e:	90 91 86 02 	lds	r25, 0x0286	; 0x800286 <currentMode>
    6492:	80 91 45 01 	lds	r24, 0x0145	; 0x800145 <lastMode.2419>
    6496:	98 13       	cpse	r25, r24
    6498:	41 c1       	rjmp	.+642    	; 0x671c <render_values+0x34a>
    649a:	90 91 85 02 	lds	r25, 0x0285	; 0x800285 <outputEnabled>
    649e:	80 91 87 02 	lds	r24, 0x0287	; 0x800287 <lastOutput>
    64a2:	98 13       	cpse	r25, r24
    64a4:	58 c1       	rjmp	.+688    	; 0x6756 <render_values+0x384>
    64a6:	68 96       	adiw	r28, 0x18	; 24
    64a8:	0f b6       	in	r0, 0x3f	; 63
    64aa:	f8 94       	cli
    64ac:	de bf       	out	0x3e, r29	; 62
    64ae:	0f be       	out	0x3f, r0	; 63
    64b0:	cd bf       	out	0x3d, r28	; 61
    64b2:	df 91       	pop	r29
    64b4:	cf 91       	pop	r28
    64b6:	1f 91       	pop	r17
    64b8:	0f 91       	pop	r16
    64ba:	ff 90       	pop	r15
    64bc:	08 95       	ret
    64be:	82 e0       	ldi	r24, 0x02	; 2
    64c0:	0e 94 ab 27 	call	0x4f56	; 0x4f56 <setTextSize>
    64c4:	70 e0       	ldi	r23, 0x00	; 0
    64c6:	60 e0       	ldi	r22, 0x00	; 0
    64c8:	8f ef       	ldi	r24, 0xFF	; 255
    64ca:	9f ef       	ldi	r25, 0xFF	; 255
    64cc:	0e 94 a2 27 	call	0x4f44	; 0x4f44 <setTextColor>
    64d0:	10 e0       	ldi	r17, 0x00	; 0
    64d2:	00 e0       	ldi	r16, 0x00	; 0
    64d4:	20 e2       	ldi	r18, 0x20	; 32
    64d6:	30 e0       	ldi	r19, 0x00	; 0
    64d8:	4a ea       	ldi	r20, 0xAA	; 170
    64da:	50 e0       	ldi	r21, 0x00	; 0
    64dc:	62 e3       	ldi	r22, 0x32	; 50
    64de:	70 e0       	ldi	r23, 0x00	; 0
    64e0:	8c e8       	ldi	r24, 0x8C	; 140
    64e2:	90 e0       	ldi	r25, 0x00	; 0
    64e4:	0e 94 f0 26 	call	0x4de0	; 0x4de0 <fillRect>
    64e8:	62 e3       	ldi	r22, 0x32	; 50
    64ea:	70 e0       	ldi	r23, 0x00	; 0
    64ec:	8c e8       	ldi	r24, 0x8C	; 140
    64ee:	90 e0       	ldi	r25, 0x00	; 0
    64f0:	0e 94 5f 24 	call	0x48be	; 0x48be <ILI9341_set_cursor>
    64f4:	80 91 5f 01 	lds	r24, 0x015F	; 0x80015f <carrierHz+0x3>
    64f8:	8f 93       	push	r24
    64fa:	80 91 5e 01 	lds	r24, 0x015E	; 0x80015e <carrierHz+0x2>
    64fe:	8f 93       	push	r24
    6500:	80 91 5d 01 	lds	r24, 0x015D	; 0x80015d <carrierHz+0x1>
    6504:	8f 93       	push	r24
    6506:	80 91 5c 01 	lds	r24, 0x015C	; 0x80015c <carrierHz>
    650a:	8f 93       	push	r24
    650c:	82 ed       	ldi	r24, 0xD2	; 210
    650e:	91 e0       	ldi	r25, 0x01	; 1
    6510:	9f 93       	push	r25
    6512:	8f 93       	push	r24
    6514:	1f 92       	push	r1
    6516:	88 e1       	ldi	r24, 0x18	; 24
    6518:	8f 93       	push	r24
    651a:	8e 01       	movw	r16, r28
    651c:	0f 5f       	subi	r16, 0xFF	; 255
    651e:	1f 4f       	sbci	r17, 0xFF	; 255
    6520:	1f 93       	push	r17
    6522:	0f 93       	push	r16
    6524:	0e 94 8d 3a 	call	0x751a	; 0x751a <snprintf>
    6528:	c8 01       	movw	r24, r16
    652a:	0e 94 9e 2c 	call	0x593c	; 0x593c <ILI9341_Print>
    652e:	80 91 5c 01 	lds	r24, 0x015C	; 0x80015c <carrierHz>
    6532:	90 91 5d 01 	lds	r25, 0x015D	; 0x80015d <carrierHz+0x1>
    6536:	a0 91 5e 01 	lds	r26, 0x015E	; 0x80015e <carrierHz+0x2>
    653a:	b0 91 5f 01 	lds	r27, 0x015F	; 0x80015f <carrierHz+0x3>
    653e:	80 93 4f 01 	sts	0x014F, r24	; 0x80014f <lastCarrier.2415>
    6542:	90 93 50 01 	sts	0x0150, r25	; 0x800150 <lastCarrier.2415+0x1>
    6546:	a0 93 51 01 	sts	0x0151, r26	; 0x800151 <lastCarrier.2415+0x2>
    654a:	b0 93 52 01 	sts	0x0152, r27	; 0x800152 <lastCarrier.2415+0x3>
    654e:	0f b6       	in	r0, 0x3f	; 63
    6550:	f8 94       	cli
    6552:	de bf       	out	0x3e, r29	; 62
    6554:	0f be       	out	0x3f, r0	; 63
    6556:	cd bf       	out	0x3d, r28	; 61
    6558:	ff 20       	and	r15, r15
    655a:	09 f4       	brne	.+2      	; 0x655e <render_values+0x18c>
    655c:	66 cf       	rjmp	.-308    	; 0x642a <render_values+0x58>
    655e:	82 e0       	ldi	r24, 0x02	; 2
    6560:	0e 94 ab 27 	call	0x4f56	; 0x4f56 <setTextSize>
    6564:	70 e0       	ldi	r23, 0x00	; 0
    6566:	60 e0       	ldi	r22, 0x00	; 0
    6568:	8f ef       	ldi	r24, 0xFF	; 255
    656a:	9f ef       	ldi	r25, 0xFF	; 255
    656c:	0e 94 a2 27 	call	0x4f44	; 0x4f44 <setTextColor>
    6570:	10 e0       	ldi	r17, 0x00	; 0
    6572:	00 e0       	ldi	r16, 0x00	; 0
    6574:	20 e2       	ldi	r18, 0x20	; 32
    6576:	30 e0       	ldi	r19, 0x00	; 0
    6578:	4a ea       	ldi	r20, 0xAA	; 170
    657a:	50 e0       	ldi	r21, 0x00	; 0
    657c:	66 e5       	ldi	r22, 0x56	; 86
    657e:	70 e0       	ldi	r23, 0x00	; 0
    6580:	8c e8       	ldi	r24, 0x8C	; 140
    6582:	90 e0       	ldi	r25, 0x00	; 0
    6584:	0e 94 f0 26 	call	0x4de0	; 0x4de0 <fillRect>
    6588:	66 e5       	ldi	r22, 0x56	; 86
    658a:	70 e0       	ldi	r23, 0x00	; 0
    658c:	8c e8       	ldi	r24, 0x8C	; 140
    658e:	90 e0       	ldi	r25, 0x00	; 0
    6590:	0e 94 5f 24 	call	0x48be	; 0x48be <ILI9341_set_cursor>
    6594:	80 91 5b 01 	lds	r24, 0x015B	; 0x80015b <modHz+0x3>
    6598:	8f 93       	push	r24
    659a:	80 91 5a 01 	lds	r24, 0x015A	; 0x80015a <modHz+0x2>
    659e:	8f 93       	push	r24
    65a0:	80 91 59 01 	lds	r24, 0x0159	; 0x800159 <modHz+0x1>
    65a4:	8f 93       	push	r24
    65a6:	80 91 58 01 	lds	r24, 0x0158	; 0x800158 <modHz>
    65aa:	8f 93       	push	r24
    65ac:	82 ed       	ldi	r24, 0xD2	; 210
    65ae:	91 e0       	ldi	r25, 0x01	; 1
    65b0:	9f 93       	push	r25
    65b2:	8f 93       	push	r24
    65b4:	1f 92       	push	r1
    65b6:	88 e1       	ldi	r24, 0x18	; 24
    65b8:	8f 93       	push	r24
    65ba:	8e 01       	movw	r16, r28
    65bc:	0f 5f       	subi	r16, 0xFF	; 255
    65be:	1f 4f       	sbci	r17, 0xFF	; 255
    65c0:	1f 93       	push	r17
    65c2:	0f 93       	push	r16
    65c4:	0e 94 8d 3a 	call	0x751a	; 0x751a <snprintf>
    65c8:	c8 01       	movw	r24, r16
    65ca:	0e 94 9e 2c 	call	0x593c	; 0x593c <ILI9341_Print>
    65ce:	80 91 58 01 	lds	r24, 0x0158	; 0x800158 <modHz>
    65d2:	90 91 59 01 	lds	r25, 0x0159	; 0x800159 <modHz+0x1>
    65d6:	a0 91 5a 01 	lds	r26, 0x015A	; 0x80015a <modHz+0x2>
    65da:	b0 91 5b 01 	lds	r27, 0x015B	; 0x80015b <modHz+0x3>
    65de:	80 93 4b 01 	sts	0x014B, r24	; 0x80014b <lastMod.2416>
    65e2:	90 93 4c 01 	sts	0x014C, r25	; 0x80014c <lastMod.2416+0x1>
    65e6:	a0 93 4d 01 	sts	0x014D, r26	; 0x80014d <lastMod.2416+0x2>
    65ea:	b0 93 4e 01 	sts	0x014E, r27	; 0x80014e <lastMod.2416+0x3>
    65ee:	0f b6       	in	r0, 0x3f	; 63
    65f0:	f8 94       	cli
    65f2:	de bf       	out	0x3e, r29	; 62
    65f4:	0f be       	out	0x3f, r0	; 63
    65f6:	cd bf       	out	0x3d, r28	; 61
    65f8:	ff 20       	and	r15, r15
    65fa:	09 f4       	brne	.+2      	; 0x65fe <render_values+0x22c>
    65fc:	2c cf       	rjmp	.-424    	; 0x6456 <render_values+0x84>
    65fe:	82 e0       	ldi	r24, 0x02	; 2
    6600:	0e 94 ab 27 	call	0x4f56	; 0x4f56 <setTextSize>
    6604:	70 e0       	ldi	r23, 0x00	; 0
    6606:	60 e0       	ldi	r22, 0x00	; 0
    6608:	8f ef       	ldi	r24, 0xFF	; 255
    660a:	9f ef       	ldi	r25, 0xFF	; 255
    660c:	0e 94 a2 27 	call	0x4f44	; 0x4f44 <setTextColor>
    6610:	10 e0       	ldi	r17, 0x00	; 0
    6612:	00 e0       	ldi	r16, 0x00	; 0
    6614:	20 e2       	ldi	r18, 0x20	; 32
    6616:	30 e0       	ldi	r19, 0x00	; 0
    6618:	4a ea       	ldi	r20, 0xAA	; 170
    661a:	50 e0       	ldi	r21, 0x00	; 0
    661c:	6b e7       	ldi	r22, 0x7B	; 123
    661e:	70 e0       	ldi	r23, 0x00	; 0
    6620:	8c e8       	ldi	r24, 0x8C	; 140
    6622:	90 e0       	ldi	r25, 0x00	; 0
    6624:	0e 94 f0 26 	call	0x4de0	; 0x4de0 <fillRect>
    6628:	6b e7       	ldi	r22, 0x7B	; 123
    662a:	70 e0       	ldi	r23, 0x00	; 0
    662c:	8c e8       	ldi	r24, 0x8C	; 140
    662e:	90 e0       	ldi	r25, 0x00	; 0
    6630:	0e 94 5f 24 	call	0x48be	; 0x48be <ILI9341_set_cursor>
    6634:	80 91 57 01 	lds	r24, 0x0157	; 0x800157 <magnitude>
    6638:	1f 92       	push	r1
    663a:	8f 93       	push	r24
    663c:	89 ed       	ldi	r24, 0xD9	; 217
    663e:	91 e0       	ldi	r25, 0x01	; 1
    6640:	9f 93       	push	r25
    6642:	8f 93       	push	r24
    6644:	1f 92       	push	r1
    6646:	88 e1       	ldi	r24, 0x18	; 24
    6648:	8f 93       	push	r24
    664a:	8e 01       	movw	r16, r28
    664c:	0f 5f       	subi	r16, 0xFF	; 255
    664e:	1f 4f       	sbci	r17, 0xFF	; 255
    6650:	1f 93       	push	r17
    6652:	0f 93       	push	r16
    6654:	0e 94 8d 3a 	call	0x751a	; 0x751a <snprintf>
    6658:	c8 01       	movw	r24, r16
    665a:	0e 94 9e 2c 	call	0x593c	; 0x593c <ILI9341_Print>
    665e:	80 91 57 01 	lds	r24, 0x0157	; 0x800157 <magnitude>
    6662:	80 93 4a 01 	sts	0x014A, r24	; 0x80014a <lastMagnitude.2417>
    6666:	0f b6       	in	r0, 0x3f	; 63
    6668:	f8 94       	cli
    666a:	de bf       	out	0x3e, r29	; 62
    666c:	0f be       	out	0x3f, r0	; 63
    666e:	cd bf       	out	0x3d, r28	; 61
    6670:	ff 20       	and	r15, r15
    6672:	09 f4       	brne	.+2      	; 0x6676 <render_values+0x2a4>
    6674:	f6 ce       	rjmp	.-532    	; 0x6462 <render_values+0x90>
    6676:	82 e0       	ldi	r24, 0x02	; 2
    6678:	0e 94 ab 27 	call	0x4f56	; 0x4f56 <setTextSize>
    667c:	70 e0       	ldi	r23, 0x00	; 0
    667e:	60 e0       	ldi	r22, 0x00	; 0
    6680:	8f ef       	ldi	r24, 0xFF	; 255
    6682:	9f ef       	ldi	r25, 0xFF	; 255
    6684:	0e 94 a2 27 	call	0x4f44	; 0x4f44 <setTextColor>
    6688:	10 e0       	ldi	r17, 0x00	; 0
    668a:	00 e0       	ldi	r16, 0x00	; 0
    668c:	20 e2       	ldi	r18, 0x20	; 32
    668e:	30 e0       	ldi	r19, 0x00	; 0
    6690:	4a ea       	ldi	r20, 0xAA	; 170
    6692:	50 e0       	ldi	r21, 0x00	; 0
    6694:	60 ea       	ldi	r22, 0xA0	; 160
    6696:	70 e0       	ldi	r23, 0x00	; 0
    6698:	8c e8       	ldi	r24, 0x8C	; 140
    669a:	90 e0       	ldi	r25, 0x00	; 0
    669c:	0e 94 f0 26 	call	0x4de0	; 0x4de0 <fillRect>
    66a0:	60 ea       	ldi	r22, 0xA0	; 160
    66a2:	70 e0       	ldi	r23, 0x00	; 0
    66a4:	8c e8       	ldi	r24, 0x8C	; 140
    66a6:	90 e0       	ldi	r25, 0x00	; 0
    66a8:	0e 94 5f 24 	call	0x48be	; 0x48be <ILI9341_set_cursor>
    66ac:	60 91 53 01 	lds	r22, 0x0153	; 0x800153 <deadNs>
    66b0:	70 91 54 01 	lds	r23, 0x0154	; 0x800154 <deadNs+0x1>
    66b4:	80 91 55 01 	lds	r24, 0x0155	; 0x800155 <deadNs+0x2>
    66b8:	90 91 56 01 	lds	r25, 0x0156	; 0x800156 <deadNs+0x3>
    66bc:	ae 01       	movw	r20, r28
    66be:	4f 5f       	subi	r20, 0xFF	; 255
    66c0:	5f 4f       	sbci	r21, 0xFF	; 255
    66c2:	0e 94 f6 2c 	call	0x59ec	; 0x59ec <u32_to_decstr>
    66c6:	90 e0       	ldi	r25, 0x00	; 0
    66c8:	e1 e0       	ldi	r30, 0x01	; 1
    66ca:	f0 e0       	ldi	r31, 0x00	; 0
    66cc:	ec 0f       	add	r30, r28
    66ce:	fd 1f       	adc	r31, r29
    66d0:	e8 0f       	add	r30, r24
    66d2:	f9 1f       	adc	r31, r25
    66d4:	20 e2       	ldi	r18, 0x20	; 32
    66d6:	20 83       	st	Z, r18
    66d8:	fe 01       	movw	r30, r28
    66da:	e8 0f       	add	r30, r24
    66dc:	f9 1f       	adc	r31, r25
    66de:	2e e6       	ldi	r18, 0x6E	; 110
    66e0:	22 83       	std	Z+2, r18	; 0x02
    66e2:	fe 01       	movw	r30, r28
    66e4:	e8 0f       	add	r30, r24
    66e6:	f9 1f       	adc	r31, r25
    66e8:	23 e7       	ldi	r18, 0x73	; 115
    66ea:	23 83       	std	Z+3, r18	; 0x03
    66ec:	14 82       	std	Z+4, r1	; 0x04
    66ee:	ce 01       	movw	r24, r28
    66f0:	01 96       	adiw	r24, 0x01	; 1
    66f2:	0e 94 9e 2c 	call	0x593c	; 0x593c <ILI9341_Print>
    66f6:	80 91 53 01 	lds	r24, 0x0153	; 0x800153 <deadNs>
    66fa:	90 91 54 01 	lds	r25, 0x0154	; 0x800154 <deadNs+0x1>
    66fe:	a0 91 55 01 	lds	r26, 0x0155	; 0x800155 <deadNs+0x2>
    6702:	b0 91 56 01 	lds	r27, 0x0156	; 0x800156 <deadNs+0x3>
    6706:	80 93 46 01 	sts	0x0146, r24	; 0x800146 <lastDead.2418>
    670a:	90 93 47 01 	sts	0x0147, r25	; 0x800147 <lastDead.2418+0x1>
    670e:	a0 93 48 01 	sts	0x0148, r26	; 0x800148 <lastDead.2418+0x2>
    6712:	b0 93 49 01 	sts	0x0149, r27	; 0x800149 <lastDead.2418+0x3>
    6716:	ff 20       	and	r15, r15
    6718:	09 f4       	brne	.+2      	; 0x671c <render_values+0x34a>
    671a:	b9 ce       	rjmp	.-654    	; 0x648e <render_values+0xbc>
    671c:	82 e0       	ldi	r24, 0x02	; 2
    671e:	0e 94 ab 27 	call	0x4f56	; 0x4f56 <setTextSize>
    6722:	70 e0       	ldi	r23, 0x00	; 0
    6724:	60 e0       	ldi	r22, 0x00	; 0
    6726:	80 ee       	ldi	r24, 0xE0	; 224
    6728:	97 e0       	ldi	r25, 0x07	; 7
    672a:	0e 94 a2 27 	call	0x4f44	; 0x4f44 <setTextColor>
    672e:	6a ec       	ldi	r22, 0xCA	; 202
    6730:	70 e0       	ldi	r23, 0x00	; 0
    6732:	81 e4       	ldi	r24, 0x41	; 65
    6734:	90 e0       	ldi	r25, 0x00	; 0
    6736:	0e 94 5f 24 	call	0x48be	; 0x48be <ILI9341_set_cursor>
    673a:	80 91 86 02 	lds	r24, 0x0286	; 0x800286 <currentMode>
    673e:	81 30       	cpi	r24, 0x01	; 1
    6740:	79 f1       	breq	.+94     	; 0x67a0 <render_values+0x3ce>
    6742:	48 f1       	brcs	.+82     	; 0x6796 <render_values+0x3c4>
    6744:	82 30       	cpi	r24, 0x02	; 2
    6746:	79 f1       	breq	.+94     	; 0x67a6 <render_values+0x3d4>
    6748:	80 91 86 02 	lds	r24, 0x0286	; 0x800286 <currentMode>
    674c:	80 93 45 01 	sts	0x0145, r24	; 0x800145 <lastMode.2419>
    6750:	ff 20       	and	r15, r15
    6752:	09 f4       	brne	.+2      	; 0x6756 <render_values+0x384>
    6754:	a2 ce       	rjmp	.-700    	; 0x649a <render_values+0xc8>
    6756:	82 e0       	ldi	r24, 0x02	; 2
    6758:	0e 94 ab 27 	call	0x4f56	; 0x4f56 <setTextSize>
    675c:	80 91 85 02 	lds	r24, 0x0285	; 0x800285 <outputEnabled>
    6760:	81 11       	cpse	r24, r1
    6762:	24 c0       	rjmp	.+72     	; 0x67ac <render_values+0x3da>
    6764:	8f ef       	ldi	r24, 0xFF	; 255
    6766:	9f ef       	ldi	r25, 0xFF	; 255
    6768:	70 e0       	ldi	r23, 0x00	; 0
    676a:	60 e0       	ldi	r22, 0x00	; 0
    676c:	0e 94 a2 27 	call	0x4f44	; 0x4f44 <setTextColor>
    6770:	6a ec       	ldi	r22, 0xCA	; 202
    6772:	70 e0       	ldi	r23, 0x00	; 0
    6774:	80 ef       	ldi	r24, 0xF0	; 240
    6776:	90 e0       	ldi	r25, 0x00	; 0
    6778:	0e 94 5f 24 	call	0x48be	; 0x48be <ILI9341_set_cursor>
    677c:	80 91 85 02 	lds	r24, 0x0285	; 0x800285 <outputEnabled>
    6780:	81 11       	cpse	r24, r1
    6782:	17 c0       	rjmp	.+46     	; 0x67b2 <render_values+0x3e0>
    6784:	8e ec       	ldi	r24, 0xCE	; 206
    6786:	91 e0       	ldi	r25, 0x01	; 1
    6788:	0e 94 9e 2c 	call	0x593c	; 0x593c <ILI9341_Print>
    678c:	80 91 85 02 	lds	r24, 0x0285	; 0x800285 <outputEnabled>
    6790:	80 93 87 02 	sts	0x0287, r24	; 0x800287 <lastOutput>
    6794:	88 ce       	rjmp	.-752    	; 0x64a6 <render_values+0xd4>
    6796:	8f ed       	ldi	r24, 0xDF	; 223
    6798:	91 e0       	ldi	r25, 0x01	; 1
    679a:	0e 94 9e 2c 	call	0x593c	; 0x593c <ILI9341_Print>
    679e:	d4 cf       	rjmp	.-88     	; 0x6748 <render_values+0x376>
    67a0:	84 ee       	ldi	r24, 0xE4	; 228
    67a2:	91 e0       	ldi	r25, 0x01	; 1
    67a4:	fa cf       	rjmp	.-12     	; 0x679a <render_values+0x3c8>
    67a6:	89 ee       	ldi	r24, 0xE9	; 233
    67a8:	91 e0       	ldi	r25, 0x01	; 1
    67aa:	f7 cf       	rjmp	.-18     	; 0x679a <render_values+0x3c8>
    67ac:	80 e0       	ldi	r24, 0x00	; 0
    67ae:	98 ef       	ldi	r25, 0xF8	; 248
    67b0:	db cf       	rjmp	.-74     	; 0x6768 <render_values+0x396>
    67b2:	89 ec       	ldi	r24, 0xC9	; 201
    67b4:	91 e0       	ldi	r25, 0x01	; 1
    67b6:	e8 cf       	rjmp	.-48     	; 0x6788 <render_values+0x3b6>

000067b8 <digits_u32>:
    67b8:	6a 30       	cpi	r22, 0x0A	; 10
    67ba:	71 05       	cpc	r23, r1
    67bc:	81 05       	cpc	r24, r1
    67be:	91 05       	cpc	r25, r1
    67c0:	90 f0       	brcs	.+36     	; 0x67e6 <digits_u32+0x2e>
    67c2:	64 36       	cpi	r22, 0x64	; 100
    67c4:	71 05       	cpc	r23, r1
    67c6:	81 05       	cpc	r24, r1
    67c8:	91 05       	cpc	r25, r1
    67ca:	78 f0       	brcs	.+30     	; 0x67ea <digits_u32+0x32>
    67cc:	68 3e       	cpi	r22, 0xE8	; 232
    67ce:	23 e0       	ldi	r18, 0x03	; 3
    67d0:	72 07       	cpc	r23, r18
    67d2:	81 05       	cpc	r24, r1
    67d4:	91 05       	cpc	r25, r1
    67d6:	58 f0       	brcs	.+22     	; 0x67ee <digits_u32+0x36>
    67d8:	60 31       	cpi	r22, 0x10	; 16
    67da:	77 42       	sbci	r23, 0x27	; 39
    67dc:	81 05       	cpc	r24, r1
    67de:	91 05       	cpc	r25, r1
    67e0:	40 f0       	brcs	.+16     	; 0x67f2 <digits_u32+0x3a>
    67e2:	85 e0       	ldi	r24, 0x05	; 5
    67e4:	08 95       	ret
    67e6:	81 e0       	ldi	r24, 0x01	; 1
    67e8:	08 95       	ret
    67ea:	82 e0       	ldi	r24, 0x02	; 2
    67ec:	08 95       	ret
    67ee:	83 e0       	ldi	r24, 0x03	; 3
    67f0:	08 95       	ret
    67f2:	84 e0       	ldi	r24, 0x04	; 4
    67f4:	08 95       	ret

000067f6 <highlight_selected_field>:
    67f6:	cf 93       	push	r28
    67f8:	c8 2f       	mov	r28, r24
    67fa:	8f ee       	ldi	r24, 0xEF	; 239
    67fc:	91 e0       	ldi	r25, 0x01	; 1
    67fe:	0e 94 33 2e 	call	0x5c66	; 0x5c66 <uart_print>
    6802:	81 e0       	ldi	r24, 0x01	; 1
    6804:	0e 94 ab 27 	call	0x4f56	; 0x4f56 <setTextSize>
    6808:	c1 30       	cpi	r28, 0x01	; 1
    680a:	09 f0       	breq	.+2      	; 0x680e <highlight_selected_field+0x18>
    680c:	48 c0       	rjmp	.+144    	; 0x689e <highlight_selected_field+0xa8>
    680e:	60 91 5c 01 	lds	r22, 0x015C	; 0x80015c <carrierHz>
    6812:	70 91 5d 01 	lds	r23, 0x015D	; 0x80015d <carrierHz+0x1>
    6816:	80 91 5e 01 	lds	r24, 0x015E	; 0x80015e <carrierHz+0x2>
    681a:	90 91 5f 01 	lds	r25, 0x015F	; 0x80015f <carrierHz+0x3>
    681e:	0e 94 dc 33 	call	0x67b8	; 0x67b8 <digits_u32>
    6822:	90 91 83 02 	lds	r25, 0x0283	; 0x800283 <digit_pos>
    6826:	89 17       	cp	r24, r25
    6828:	10 f4       	brcc	.+4      	; 0x682e <highlight_selected_field+0x38>
    682a:	80 93 83 02 	sts	0x0283, r24	; 0x800283 <digit_pos>
    682e:	80 91 83 02 	lds	r24, 0x0283	; 0x800283 <digit_pos>
    6832:	20 e1       	ldi	r18, 0x10	; 16
    6834:	82 9f       	mul	r24, r18
    6836:	c0 01       	movw	r24, r0
    6838:	11 24       	eor	r1, r1
    683a:	84 57       	subi	r24, 0x74	; 116
    683c:	9f 4f       	sbci	r25, 0xFF	; 255
    683e:	90 93 a3 02 	sts	0x02A3, r25	; 0x8002a3 <cur_x+0x1>
    6842:	80 93 a2 02 	sts	0x02A2, r24	; 0x8002a2 <cur_x>
    6846:	8f e4       	ldi	r24, 0x4F	; 79
    6848:	90 e0       	ldi	r25, 0x00	; 0
    684a:	90 93 74 02 	sts	0x0274, r25	; 0x800274 <cur_y+0x1>
    684e:	80 93 73 02 	sts	0x0273, r24	; 0x800273 <cur_y>
    6852:	81 e0       	ldi	r24, 0x01	; 1
    6854:	80 93 a4 02 	sts	0x02A4, r24	; 0x8002a4 <flash_on>
    6858:	80 93 72 02 	sts	0x0272, r24	; 0x800272 <st>
    685c:	70 e0       	ldi	r23, 0x00	; 0
    685e:	60 e0       	ldi	r22, 0x00	; 0
    6860:	8f ef       	ldi	r24, 0xFF	; 255
    6862:	9f ef       	ldi	r25, 0xFF	; 255
    6864:	0e 94 a2 27 	call	0x4f44	; 0x4f44 <setTextColor>
    6868:	6e e5       	ldi	r22, 0x5E	; 94
    686a:	70 e0       	ldi	r23, 0x00	; 0
    686c:	8c e0       	ldi	r24, 0x0C	; 12
    686e:	90 e0       	ldi	r25, 0x00	; 0
    6870:	0e 94 5f 24 	call	0x48be	; 0x48be <ILI9341_set_cursor>
    6874:	88 e1       	ldi	r24, 0x18	; 24
    6876:	92 e0       	ldi	r25, 0x02	; 2
    6878:	0e 94 9e 2c 	call	0x593c	; 0x593c <ILI9341_Print>
    687c:	c4 30       	cpi	r28, 0x04	; 4
    687e:	89 f5       	brne	.+98     	; 0x68e2 <highlight_selected_field+0xec>
    6880:	70 e0       	ldi	r23, 0x00	; 0
    6882:	60 e0       	ldi	r22, 0x00	; 0
    6884:	85 ee       	ldi	r24, 0xE5	; 229
    6886:	9f ea       	ldi	r25, 0xAF	; 175
    6888:	0e 94 a2 27 	call	0x4f44	; 0x4f44 <setTextColor>
    688c:	68 ea       	ldi	r22, 0xA8	; 168
    688e:	70 e0       	ldi	r23, 0x00	; 0
    6890:	8c e0       	ldi	r24, 0x0C	; 12
    6892:	90 e0       	ldi	r25, 0x00	; 0
    6894:	0e 94 5f 24 	call	0x48be	; 0x48be <ILI9341_set_cursor>
    6898:	89 e2       	ldi	r24, 0x29	; 41
    689a:	92 e0       	ldi	r25, 0x02	; 2
    689c:	20 c0       	rjmp	.+64     	; 0x68de <highlight_selected_field+0xe8>
    689e:	70 e0       	ldi	r23, 0x00	; 0
    68a0:	60 e0       	ldi	r22, 0x00	; 0
    68a2:	8f ef       	ldi	r24, 0xFF	; 255
    68a4:	9f ef       	ldi	r25, 0xFF	; 255
    68a6:	0e 94 a2 27 	call	0x4f44	; 0x4f44 <setTextColor>
    68aa:	6a e3       	ldi	r22, 0x3A	; 58
    68ac:	70 e0       	ldi	r23, 0x00	; 0
    68ae:	8c e0       	ldi	r24, 0x0C	; 12
    68b0:	90 e0       	ldi	r25, 0x00	; 0
    68b2:	0e 94 5f 24 	call	0x48be	; 0x48be <ILI9341_set_cursor>
    68b6:	8a e0       	ldi	r24, 0x0A	; 10
    68b8:	92 e0       	ldi	r25, 0x02	; 2
    68ba:	0e 94 9e 2c 	call	0x593c	; 0x593c <ILI9341_Print>
    68be:	c2 30       	cpi	r28, 0x02	; 2
    68c0:	69 f6       	brne	.-102    	; 0x685c <highlight_selected_field+0x66>
    68c2:	70 e0       	ldi	r23, 0x00	; 0
    68c4:	60 e0       	ldi	r22, 0x00	; 0
    68c6:	85 ee       	ldi	r24, 0xE5	; 229
    68c8:	9f ea       	ldi	r25, 0xAF	; 175
    68ca:	0e 94 a2 27 	call	0x4f44	; 0x4f44 <setTextColor>
    68ce:	6e e5       	ldi	r22, 0x5E	; 94
    68d0:	70 e0       	ldi	r23, 0x00	; 0
    68d2:	8c e0       	ldi	r24, 0x0C	; 12
    68d4:	90 e0       	ldi	r25, 0x00	; 0
    68d6:	0e 94 5f 24 	call	0x48be	; 0x48be <ILI9341_set_cursor>
    68da:	88 e1       	ldi	r24, 0x18	; 24
    68dc:	92 e0       	ldi	r25, 0x02	; 2
    68de:	0e 94 9e 2c 	call	0x593c	; 0x593c <ILI9341_Print>
    68e2:	70 e0       	ldi	r23, 0x00	; 0
    68e4:	60 e0       	ldi	r22, 0x00	; 0
    68e6:	8f ef       	ldi	r24, 0xFF	; 255
    68e8:	9f ef       	ldi	r25, 0xFF	; 255
    68ea:	0e 94 a2 27 	call	0x4f44	; 0x4f44 <setTextColor>
    68ee:	81 e0       	ldi	r24, 0x01	; 1
    68f0:	cf 91       	pop	r28
    68f2:	0c 94 e9 31 	jmp	0x63d2	; 0x63d2 <render_values>

000068f6 <cursor_flash>:
    68f6:	90 93 a3 02 	sts	0x02A3, r25	; 0x8002a3 <cur_x+0x1>
    68fa:	80 93 a2 02 	sts	0x02A2, r24	; 0x8002a2 <cur_x>
    68fe:	70 93 74 02 	sts	0x0274, r23	; 0x800274 <cur_y+0x1>
    6902:	60 93 73 02 	sts	0x0273, r22	; 0x800273 <cur_y>
    6906:	40 93 a4 02 	sts	0x02A4, r20	; 0x8002a4 <flash_on>
    690a:	81 e0       	ldi	r24, 0x01	; 1
    690c:	80 93 72 02 	sts	0x0272, r24	; 0x800272 <st>
    6910:	08 95       	ret

00006912 <__vector_16>:
    6912:	1f 92       	push	r1
    6914:	0f 92       	push	r0
    6916:	0f b6       	in	r0, 0x3f	; 63
    6918:	0f 92       	push	r0
    691a:	11 24       	eor	r1, r1
    691c:	0b b6       	in	r0, 0x3b	; 59
    691e:	0f 92       	push	r0
    6920:	2f 93       	push	r18
    6922:	3f 93       	push	r19
    6924:	4f 93       	push	r20
    6926:	5f 93       	push	r21
    6928:	6f 93       	push	r22
    692a:	7f 93       	push	r23
    692c:	8f 93       	push	r24
    692e:	9f 93       	push	r25
    6930:	af 93       	push	r26
    6932:	bf 93       	push	r27
    6934:	ef 93       	push	r30
    6936:	ff 93       	push	r31
    6938:	80 91 75 02 	lds	r24, 0x0275	; 0x800275 <tick_count>
    693c:	90 91 76 02 	lds	r25, 0x0276	; 0x800276 <tick_count+0x1>
    6940:	01 96       	adiw	r24, 0x01	; 1
    6942:	90 93 76 02 	sts	0x0276, r25	; 0x800276 <tick_count+0x1>
    6946:	80 93 75 02 	sts	0x0275, r24	; 0x800275 <tick_count>
    694a:	80 91 75 02 	lds	r24, 0x0275	; 0x800275 <tick_count>
    694e:	90 91 76 02 	lds	r25, 0x0276	; 0x800276 <tick_count+0x1>
    6952:	80 3d       	cpi	r24, 0xD0	; 208
    6954:	97 40       	sbci	r25, 0x07	; 7
    6956:	08 f4       	brcc	.+2      	; 0x695a <__vector_16+0x48>
    6958:	4e c0       	rjmp	.+156    	; 0x69f6 <__vector_16+0xe4>
    695a:	10 92 76 02 	sts	0x0276, r1	; 0x800276 <tick_count+0x1>
    695e:	10 92 75 02 	sts	0x0275, r1	; 0x800275 <tick_count>
    6962:	80 91 a4 02 	lds	r24, 0x02A4	; 0x8002a4 <flash_on>
    6966:	88 23       	and	r24, r24
    6968:	21 f1       	breq	.+72     	; 0x69b2 <__vector_16+0xa0>
    696a:	8b b3       	in	r24, 0x1b	; 27
    696c:	90 e1       	ldi	r25, 0x10	; 16
    696e:	89 27       	eor	r24, r25
    6970:	8b bb       	out	0x1b, r24	; 27
    6972:	60 91 73 02 	lds	r22, 0x0273	; 0x800273 <cur_y>
    6976:	70 91 74 02 	lds	r23, 0x0274	; 0x800274 <cur_y+0x1>
    697a:	80 91 a2 02 	lds	r24, 0x02A2	; 0x8002a2 <cur_x>
    697e:	90 91 a3 02 	lds	r25, 0x02A3	; 0x8002a3 <cur_x+0x1>
    6982:	dc 9b       	sbis	0x1b, 4	; 27
    6984:	29 c0       	rjmp	.+82     	; 0x69d8 <__vector_16+0xc6>
    6986:	20 ee       	ldi	r18, 0xE0	; 224
    6988:	3f ef       	ldi	r19, 0xFF	; 255
    698a:	40 e1       	ldi	r20, 0x10	; 16
    698c:	50 e0       	ldi	r21, 0x00	; 0
    698e:	0e 94 35 25 	call	0x4a6a	; 0x4a6a <drawFastHLine>
    6992:	60 91 73 02 	lds	r22, 0x0273	; 0x800273 <cur_y>
    6996:	70 91 74 02 	lds	r23, 0x0274	; 0x800274 <cur_y+0x1>
    699a:	6f 5f       	subi	r22, 0xFF	; 255
    699c:	7f 4f       	sbci	r23, 0xFF	; 255
    699e:	20 ee       	ldi	r18, 0xE0	; 224
    69a0:	3f ef       	ldi	r19, 0xFF	; 255
    69a2:	40 e1       	ldi	r20, 0x10	; 16
    69a4:	50 e0       	ldi	r21, 0x00	; 0
    69a6:	80 91 a2 02 	lds	r24, 0x02A2	; 0x8002a2 <cur_x>
    69aa:	90 91 a3 02 	lds	r25, 0x02A3	; 0x8002a3 <cur_x+0x1>
    69ae:	0e 94 35 25 	call	0x4a6a	; 0x4a6a <drawFastHLine>
    69b2:	ff 91       	pop	r31
    69b4:	ef 91       	pop	r30
    69b6:	bf 91       	pop	r27
    69b8:	af 91       	pop	r26
    69ba:	9f 91       	pop	r25
    69bc:	8f 91       	pop	r24
    69be:	7f 91       	pop	r23
    69c0:	6f 91       	pop	r22
    69c2:	5f 91       	pop	r21
    69c4:	4f 91       	pop	r20
    69c6:	3f 91       	pop	r19
    69c8:	2f 91       	pop	r18
    69ca:	0f 90       	pop	r0
    69cc:	0b be       	out	0x3b, r0	; 59
    69ce:	0f 90       	pop	r0
    69d0:	0f be       	out	0x3f, r0	; 63
    69d2:	0f 90       	pop	r0
    69d4:	1f 90       	pop	r1
    69d6:	18 95       	reti
    69d8:	30 e0       	ldi	r19, 0x00	; 0
    69da:	20 e0       	ldi	r18, 0x00	; 0
    69dc:	40 e1       	ldi	r20, 0x10	; 16
    69de:	50 e0       	ldi	r21, 0x00	; 0
    69e0:	0e 94 35 25 	call	0x4a6a	; 0x4a6a <drawFastHLine>
    69e4:	60 91 73 02 	lds	r22, 0x0273	; 0x800273 <cur_y>
    69e8:	70 91 74 02 	lds	r23, 0x0274	; 0x800274 <cur_y+0x1>
    69ec:	6f 5f       	subi	r22, 0xFF	; 255
    69ee:	7f 4f       	sbci	r23, 0xFF	; 255
    69f0:	30 e0       	ldi	r19, 0x00	; 0
    69f2:	20 e0       	ldi	r18, 0x00	; 0
    69f4:	d6 cf       	rjmp	.-84     	; 0x69a2 <__vector_16+0x90>
    69f6:	80 91 72 02 	lds	r24, 0x0272	; 0x800272 <st>
    69fa:	88 23       	and	r24, r24
    69fc:	d1 f2       	breq	.-76     	; 0x69b2 <__vector_16+0xa0>
    69fe:	60 91 73 02 	lds	r22, 0x0273	; 0x800273 <cur_y>
    6a02:	70 91 74 02 	lds	r23, 0x0274	; 0x800274 <cur_y+0x1>
    6a06:	30 e0       	ldi	r19, 0x00	; 0
    6a08:	20 e0       	ldi	r18, 0x00	; 0
    6a0a:	40 e1       	ldi	r20, 0x10	; 16
    6a0c:	50 e0       	ldi	r21, 0x00	; 0
    6a0e:	80 91 a2 02 	lds	r24, 0x02A2	; 0x8002a2 <cur_x>
    6a12:	90 91 a3 02 	lds	r25, 0x02A3	; 0x8002a3 <cur_x+0x1>
    6a16:	0e 94 35 25 	call	0x4a6a	; 0x4a6a <drawFastHLine>
    6a1a:	60 91 73 02 	lds	r22, 0x0273	; 0x800273 <cur_y>
    6a1e:	70 91 74 02 	lds	r23, 0x0274	; 0x800274 <cur_y+0x1>
    6a22:	6f 5f       	subi	r22, 0xFF	; 255
    6a24:	7f 4f       	sbci	r23, 0xFF	; 255
    6a26:	30 e0       	ldi	r19, 0x00	; 0
    6a28:	20 e0       	ldi	r18, 0x00	; 0
    6a2a:	40 e1       	ldi	r20, 0x10	; 16
    6a2c:	50 e0       	ldi	r21, 0x00	; 0
    6a2e:	80 91 a2 02 	lds	r24, 0x02A2	; 0x8002a2 <cur_x>
    6a32:	90 91 a3 02 	lds	r25, 0x02A3	; 0x8002a3 <cur_x+0x1>
    6a36:	0e 94 35 25 	call	0x4a6a	; 0x4a6a <drawFastHLine>
    6a3a:	10 92 72 02 	sts	0x0272, r1	; 0x800272 <st>
    6a3e:	b9 cf       	rjmp	.-142    	; 0x69b2 <__vector_16+0xa0>

00006a40 <ui_init>:
    6a40:	ef 92       	push	r14
    6a42:	ff 92       	push	r15
    6a44:	0f 93       	push	r16
    6a46:	1f 93       	push	r17
    6a48:	83 e0       	ldi	r24, 0x03	; 3
    6a4a:	83 bf       	out	0x33, r24	; 51
    6a4c:	12 be       	out	0x32, r1	; 50
    6a4e:	87 b7       	in	r24, 0x37	; 55
    6a50:	81 60       	ori	r24, 0x01	; 1
    6a52:	87 bf       	out	0x37, r24	; 55
    6a54:	83 b7       	in	r24, 0x33	; 51
    6a56:	83 60       	ori	r24, 0x03	; 3
    6a58:	83 bf       	out	0x33, r24	; 51
    6a5a:	78 94       	sei
    6a5c:	0e 94 7a 31 	call	0x62f4	; 0x62f4 <pwm_get_carrier_hz>
    6a60:	60 93 5c 01 	sts	0x015C, r22	; 0x80015c <carrierHz>
    6a64:	70 93 5d 01 	sts	0x015D, r23	; 0x80015d <carrierHz+0x1>
    6a68:	80 93 5e 01 	sts	0x015E, r24	; 0x80015e <carrierHz+0x2>
    6a6c:	90 93 5f 01 	sts	0x015F, r25	; 0x80015f <carrierHz+0x3>
    6a70:	0e 94 82 31 	call	0x6304	; 0x6304 <pwm_get_mod_hz>
    6a74:	60 93 58 01 	sts	0x0158, r22	; 0x800158 <modHz>
    6a78:	70 93 59 01 	sts	0x0159, r23	; 0x800159 <modHz+0x1>
    6a7c:	80 93 5a 01 	sts	0x015A, r24	; 0x80015a <modHz+0x2>
    6a80:	90 93 5b 01 	sts	0x015B, r25	; 0x80015b <modHz+0x3>
    6a84:	0e 94 d9 31 	call	0x63b2	; 0x63b2 <pwm_get_magnitude>
    6a88:	80 93 57 01 	sts	0x0157, r24	; 0x800157 <magnitude>
    6a8c:	0e 94 d0 31 	call	0x63a0	; 0x63a0 <pwm_get_deadtime_ns>
    6a90:	b0 e0       	ldi	r27, 0x00	; 0
    6a92:	a0 e0       	ldi	r26, 0x00	; 0
    6a94:	80 93 53 01 	sts	0x0153, r24	; 0x800153 <deadNs>
    6a98:	90 93 54 01 	sts	0x0154, r25	; 0x800154 <deadNs+0x1>
    6a9c:	a0 93 55 01 	sts	0x0155, r26	; 0x800155 <deadNs+0x2>
    6aa0:	b0 93 56 01 	sts	0x0156, r27	; 0x800156 <deadNs+0x3>
    6aa4:	8f e0       	ldi	r24, 0x0F	; 15
    6aa6:	98 e7       	ldi	r25, 0x78	; 120
    6aa8:	0e 94 33 21 	call	0x4266	; 0x4266 <ILI9341_Fill_Screen>
    6aac:	90 e0       	ldi	r25, 0x00	; 0
    6aae:	80 e0       	ldi	r24, 0x00	; 0
    6ab0:	0e 94 8e 27 	call	0x4f1c	; 0x4f1c <fillScreen>
    6ab4:	82 e0       	ldi	r24, 0x02	; 2
    6ab6:	0e 94 21 2c 	call	0x5842	; 0x5842 <setTextFont>
    6aba:	80 ee       	ldi	r24, 0xE0	; 224
    6abc:	e8 2e       	mov	r14, r24
    6abe:	ff 24       	eor	r15, r15
    6ac0:	fa 94       	dec	r15
    6ac2:	06 e0       	ldi	r16, 0x06	; 6
    6ac4:	10 e0       	ldi	r17, 0x00	; 0
    6ac6:	28 e2       	ldi	r18, 0x28	; 40
    6ac8:	30 e0       	ldi	r19, 0x00	; 0
    6aca:	4b e3       	ldi	r20, 0x3B	; 59
    6acc:	51 e0       	ldi	r21, 0x01	; 1
    6ace:	61 e0       	ldi	r22, 0x01	; 1
    6ad0:	70 e0       	ldi	r23, 0x00	; 0
    6ad2:	81 e0       	ldi	r24, 0x01	; 1
    6ad4:	90 e0       	ldi	r25, 0x00	; 0
    6ad6:	0e 94 76 26 	call	0x4cec	; 0x4cec <drawRoundRect>
    6ada:	04 e1       	ldi	r16, 0x14	; 20
    6adc:	1d e0       	ldi	r17, 0x0D	; 13
    6ade:	26 e2       	ldi	r18, 0x26	; 38
    6ae0:	30 e0       	ldi	r19, 0x00	; 0
    6ae2:	48 e1       	ldi	r20, 0x18	; 24
    6ae4:	50 e0       	ldi	r21, 0x00	; 0
    6ae6:	62 e0       	ldi	r22, 0x02	; 2
    6ae8:	70 e0       	ldi	r23, 0x00	; 0
    6aea:	84 e0       	ldi	r24, 0x04	; 4
    6aec:	90 e0       	ldi	r25, 0x00	; 0
    6aee:	0e 94 97 2d 	call	0x5b2e	; 0x5b2e <draw_rle_bw>
    6af2:	06 e0       	ldi	r16, 0x06	; 6
    6af4:	10 e0       	ldi	r17, 0x00	; 0
    6af6:	25 e9       	ldi	r18, 0x95	; 149
    6af8:	30 e0       	ldi	r19, 0x00	; 0
    6afa:	4b e3       	ldi	r20, 0x3B	; 59
    6afc:	51 e0       	ldi	r21, 0x01	; 1
    6afe:	6d e2       	ldi	r22, 0x2D	; 45
    6b00:	70 e0       	ldi	r23, 0x00	; 0
    6b02:	81 e0       	ldi	r24, 0x01	; 1
    6b04:	90 e0       	ldi	r25, 0x00	; 0
    6b06:	0e 94 76 26 	call	0x4cec	; 0x4cec <drawRoundRect>
    6b0a:	28 e2       	ldi	r18, 0x28	; 40
    6b0c:	30 e0       	ldi	r19, 0x00	; 0
    6b0e:	4b e3       	ldi	r20, 0x3B	; 59
    6b10:	51 e0       	ldi	r21, 0x01	; 1
    6b12:	66 ec       	ldi	r22, 0xC6	; 198
    6b14:	70 e0       	ldi	r23, 0x00	; 0
    6b16:	81 e0       	ldi	r24, 0x01	; 1
    6b18:	90 e0       	ldi	r25, 0x00	; 0
    6b1a:	0e 94 76 26 	call	0x4cec	; 0x4cec <drawRoundRect>
    6b1e:	82 e0       	ldi	r24, 0x02	; 2
    6b20:	0e 94 ab 27 	call	0x4f56	; 0x4f56 <setTextSize>
    6b24:	66 e0       	ldi	r22, 0x06	; 6
    6b26:	70 e0       	ldi	r23, 0x00	; 0
    6b28:	8c e3       	ldi	r24, 0x3C	; 60
    6b2a:	90 e0       	ldi	r25, 0x00	; 0
    6b2c:	0e 94 5f 24 	call	0x48be	; 0x48be <ILI9341_set_cursor>
    6b30:	70 e0       	ldi	r23, 0x00	; 0
    6b32:	60 e0       	ldi	r22, 0x00	; 0
    6b34:	80 e0       	ldi	r24, 0x00	; 0
    6b36:	98 ef       	ldi	r25, 0xF8	; 248
    6b38:	0e 94 a2 27 	call	0x4f44	; 0x4f44 <setTextColor>
    6b3c:	84 e3       	ldi	r24, 0x34	; 52
    6b3e:	92 e0       	ldi	r25, 0x02	; 2
    6b40:	0e 94 9e 2c 	call	0x593c	; 0x593c <ILI9341_Print>
    6b44:	81 e0       	ldi	r24, 0x01	; 1
    6b46:	0e 94 ab 27 	call	0x4f56	; 0x4f56 <setTextSize>
    6b4a:	70 e0       	ldi	r23, 0x00	; 0
    6b4c:	60 e0       	ldi	r22, 0x00	; 0
    6b4e:	8f ef       	ldi	r24, 0xFF	; 255
    6b50:	9f ef       	ldi	r25, 0xFF	; 255
    6b52:	0e 94 a2 27 	call	0x4f44	; 0x4f44 <setTextColor>
    6b56:	62 ed       	ldi	r22, 0xD2	; 210
    6b58:	70 e0       	ldi	r23, 0x00	; 0
    6b5a:	8c e0       	ldi	r24, 0x0C	; 12
    6b5c:	90 e0       	ldi	r25, 0x00	; 0
    6b5e:	0e 94 5f 24 	call	0x48be	; 0x48be <ILI9341_set_cursor>
    6b62:	82 e4       	ldi	r24, 0x42	; 66
    6b64:	92 e0       	ldi	r25, 0x02	; 2
    6b66:	0e 94 9e 2c 	call	0x593c	; 0x593c <ILI9341_Print>
    6b6a:	62 ed       	ldi	r22, 0xD2	; 210
    6b6c:	70 e0       	ldi	r23, 0x00	; 0
    6b6e:	88 ec       	ldi	r24, 0xC8	; 200
    6b70:	90 e0       	ldi	r25, 0x00	; 0
    6b72:	0e 94 5f 24 	call	0x48be	; 0x48be <ILI9341_set_cursor>
    6b76:	88 e4       	ldi	r24, 0x48	; 72
    6b78:	92 e0       	ldi	r25, 0x02	; 2
    6b7a:	0e 94 9e 2c 	call	0x593c	; 0x593c <ILI9341_Print>
    6b7e:	6a e3       	ldi	r22, 0x3A	; 58
    6b80:	70 e0       	ldi	r23, 0x00	; 0
    6b82:	8c e0       	ldi	r24, 0x0C	; 12
    6b84:	90 e0       	ldi	r25, 0x00	; 0
    6b86:	0e 94 5f 24 	call	0x48be	; 0x48be <ILI9341_set_cursor>
    6b8a:	8a e0       	ldi	r24, 0x0A	; 10
    6b8c:	92 e0       	ldi	r25, 0x02	; 2
    6b8e:	0e 94 9e 2c 	call	0x593c	; 0x593c <ILI9341_Print>
    6b92:	6e e5       	ldi	r22, 0x5E	; 94
    6b94:	70 e0       	ldi	r23, 0x00	; 0
    6b96:	8c e0       	ldi	r24, 0x0C	; 12
    6b98:	90 e0       	ldi	r25, 0x00	; 0
    6b9a:	0e 94 5f 24 	call	0x48be	; 0x48be <ILI9341_set_cursor>
    6b9e:	88 e1       	ldi	r24, 0x18	; 24
    6ba0:	92 e0       	ldi	r25, 0x02	; 2
    6ba2:	0e 94 9e 2c 	call	0x593c	; 0x593c <ILI9341_Print>
    6ba6:	63 e8       	ldi	r22, 0x83	; 131
    6ba8:	70 e0       	ldi	r23, 0x00	; 0
    6baa:	8c e0       	ldi	r24, 0x0C	; 12
    6bac:	90 e0       	ldi	r25, 0x00	; 0
    6bae:	0e 94 5f 24 	call	0x48be	; 0x48be <ILI9341_set_cursor>
    6bb2:	8d e4       	ldi	r24, 0x4D	; 77
    6bb4:	92 e0       	ldi	r25, 0x02	; 2
    6bb6:	0e 94 9e 2c 	call	0x593c	; 0x593c <ILI9341_Print>
    6bba:	68 ea       	ldi	r22, 0xA8	; 168
    6bbc:	70 e0       	ldi	r23, 0x00	; 0
    6bbe:	8c e0       	ldi	r24, 0x0C	; 12
    6bc0:	90 e0       	ldi	r25, 0x00	; 0
    6bc2:	0e 94 5f 24 	call	0x48be	; 0x48be <ILI9341_set_cursor>
    6bc6:	89 e2       	ldi	r24, 0x29	; 41
    6bc8:	92 e0       	ldi	r25, 0x02	; 2
    6bca:	0e 94 9e 2c 	call	0x593c	; 0x593c <ILI9341_Print>
    6bce:	81 e0       	ldi	r24, 0x01	; 1
    6bd0:	0e 94 e9 31 	call	0x63d2	; 0x63d2 <render_values>
    6bd4:	80 e0       	ldi	r24, 0x00	; 0
    6bd6:	1f 91       	pop	r17
    6bd8:	0f 91       	pop	r16
    6bda:	ff 90       	pop	r15
    6bdc:	ef 90       	pop	r14
    6bde:	0c 94 fb 33 	jmp	0x67f6	; 0x67f6 <highlight_selected_field>

00006be2 <ui_splash>:
    6be2:	0f 93       	push	r16
    6be4:	1f 93       	push	r17
    6be6:	cf 93       	push	r28
    6be8:	df 93       	push	r29
    6bea:	90 e0       	ldi	r25, 0x00	; 0
    6bec:	80 e0       	ldi	r24, 0x00	; 0
    6bee:	0e 94 33 21 	call	0x4266	; 0x4266 <ILI9341_Fill_Screen>
    6bf2:	83 e0       	ldi	r24, 0x03	; 3
    6bf4:	0e 94 ab 27 	call	0x4f56	; 0x4f56 <setTextSize>
    6bf8:	70 e0       	ldi	r23, 0x00	; 0
    6bfa:	60 e0       	ldi	r22, 0x00	; 0
    6bfc:	8f ef       	ldi	r24, 0xFF	; 255
    6bfe:	9f ef       	ldi	r25, 0xFF	; 255
    6c00:	0e 94 a2 27 	call	0x4f44	; 0x4f44 <setTextColor>
    6c04:	60 e5       	ldi	r22, 0x50	; 80
    6c06:	70 e0       	ldi	r23, 0x00	; 0
    6c08:	80 e5       	ldi	r24, 0x50	; 80
    6c0a:	90 e0       	ldi	r25, 0x00	; 0
    6c0c:	0e 94 5f 24 	call	0x48be	; 0x48be <ILI9341_set_cursor>
    6c10:	04 e1       	ldi	r16, 0x14	; 20
    6c12:	16 e2       	ldi	r17, 0x26	; 38
    6c14:	26 eb       	ldi	r18, 0xB6	; 182
    6c16:	30 e0       	ldi	r19, 0x00	; 0
    6c18:	42 e7       	ldi	r20, 0x72	; 114
    6c1a:	50 e0       	ldi	r21, 0x00	; 0
    6c1c:	6a e0       	ldi	r22, 0x0A	; 10
    6c1e:	70 e0       	ldi	r23, 0x00	; 0
    6c20:	85 e0       	ldi	r24, 0x05	; 5
    6c22:	90 e0       	ldi	r25, 0x00	; 0
    6c24:	0e 94 97 2d 	call	0x5b2e	; 0x5b2e <draw_rle_bw>
    6c28:	20 ec       	ldi	r18, 0xC0	; 192
    6c2a:	30 e0       	ldi	r19, 0x00	; 0
    6c2c:	4a e0       	ldi	r20, 0x0A	; 10
    6c2e:	50 e0       	ldi	r21, 0x00	; 0
    6c30:	68 e7       	ldi	r22, 0x78	; 120
    6c32:	70 e0       	ldi	r23, 0x00	; 0
    6c34:	82 e6       	ldi	r24, 0x62	; 98
    6c36:	9e e0       	ldi	r25, 0x0E	; 14
    6c38:	0e 94 6d 2d 	call	0x5ada	; 0x5ada <ILI9341_draw_rle>
    6c3c:	2e e6       	ldi	r18, 0x6E	; 110
    6c3e:	30 e0       	ldi	r19, 0x00	; 0
    6c40:	47 e3       	ldi	r20, 0x37	; 55
    6c42:	50 e0       	ldi	r21, 0x00	; 0
    6c44:	66 e9       	ldi	r22, 0x96	; 150
    6c46:	70 e0       	ldi	r23, 0x00	; 0
    6c48:	86 e9       	ldi	r24, 0x96	; 150
    6c4a:	9c e2       	ldi	r25, 0x2C	; 44
    6c4c:	0e 94 6d 2d 	call	0x5ada	; 0x5ada <ILI9341_draw_rle>
    6c50:	82 e0       	ldi	r24, 0x02	; 2
    6c52:	0e 94 ab 27 	call	0x4f56	; 0x4f56 <setTextSize>
    6c56:	65 ea       	ldi	r22, 0xA5	; 165
    6c58:	70 e0       	ldi	r23, 0x00	; 0
    6c5a:	8a ea       	ldi	r24, 0xAA	; 170
    6c5c:	90 e0       	ldi	r25, 0x00	; 0
    6c5e:	0e 94 5f 24 	call	0x48be	; 0x48be <ILI9341_set_cursor>
    6c62:	70 e0       	ldi	r23, 0x00	; 0
    6c64:	60 e0       	ldi	r22, 0x00	; 0
    6c66:	8f e1       	ldi	r24, 0x1F	; 31
    6c68:	90 e0       	ldi	r25, 0x00	; 0
    6c6a:	0e 94 a2 27 	call	0x4f44	; 0x4f44 <setTextColor>
    6c6e:	8b e5       	ldi	r24, 0x5B	; 91
    6c70:	92 e0       	ldi	r25, 0x02	; 2
    6c72:	0e 94 9e 2c 	call	0x593c	; 0x593c <ILI9341_Print>
    6c76:	68 ec       	ldi	r22, 0xC8	; 200
    6c78:	70 e0       	ldi	r23, 0x00	; 0
    6c7a:	82 e3       	ldi	r24, 0x32	; 50
    6c7c:	90 e0       	ldi	r25, 0x00	; 0
    6c7e:	0e 94 5f 24 	call	0x48be	; 0x48be <ILI9341_set_cursor>
    6c82:	70 e0       	ldi	r23, 0x00	; 0
    6c84:	60 e0       	ldi	r22, 0x00	; 0
    6c86:	85 ee       	ldi	r24, 0xE5	; 229
    6c88:	9f ea       	ldi	r25, 0xAF	; 175
    6c8a:	0e 94 a2 27 	call	0x4f44	; 0x4f44 <setTextColor>
    6c8e:	80 e6       	ldi	r24, 0x60	; 96
    6c90:	92 e0       	ldi	r25, 0x02	; 2
    6c92:	0e 94 9e 2c 	call	0x593c	; 0x593c <ILI9341_Print>
    6c96:	c8 e0       	ldi	r28, 0x08	; 8
    6c98:	d0 e0       	ldi	r29, 0x00	; 0
    6c9a:	88 e6       	ldi	r24, 0x68	; 104
    6c9c:	92 e0       	ldi	r25, 0x02	; 2
    6c9e:	0e 94 9e 2c 	call	0x593c	; 0x593c <ILI9341_Print>
    6ca2:	2f ef       	ldi	r18, 0xFF	; 255
    6ca4:	87 e9       	ldi	r24, 0x97	; 151
    6ca6:	9a e3       	ldi	r25, 0x3A	; 58
    6ca8:	21 50       	subi	r18, 0x01	; 1
    6caa:	80 40       	sbci	r24, 0x00	; 0
    6cac:	90 40       	sbci	r25, 0x00	; 0
    6cae:	e1 f7       	brne	.-8      	; 0x6ca8 <ui_splash+0xc6>
    6cb0:	00 c0       	rjmp	.+0      	; 0x6cb2 <ui_splash+0xd0>
    6cb2:	00 00       	nop
    6cb4:	21 97       	sbiw	r28, 0x01	; 1
    6cb6:	89 f7       	brne	.-30     	; 0x6c9a <ui_splash+0xb8>
    6cb8:	df 91       	pop	r29
    6cba:	cf 91       	pop	r28
    6cbc:	1f 91       	pop	r17
    6cbe:	0f 91       	pop	r16
    6cc0:	08 95       	ret

00006cc2 <update_param_32>:
    6cc2:	4f 92       	push	r4
    6cc4:	5f 92       	push	r5
    6cc6:	6f 92       	push	r6
    6cc8:	7f 92       	push	r7
    6cca:	8f 92       	push	r8
    6ccc:	9f 92       	push	r9
    6cce:	af 92       	push	r10
    6cd0:	bf 92       	push	r11
    6cd2:	cf 92       	push	r12
    6cd4:	df 92       	push	r13
    6cd6:	ef 92       	push	r14
    6cd8:	ff 92       	push	r15
    6cda:	0f 93       	push	r16
    6cdc:	1f 93       	push	r17
    6cde:	4b 01       	movw	r8, r22
    6ce0:	5c 01       	movw	r10, r24
    6ce2:	29 01       	movw	r4, r18
    6ce4:	3a 01       	movw	r6, r20
    6ce6:	67 01       	movw	r12, r14
    6ce8:	78 01       	movw	r14, r16
    6cea:	0e 94 35 2f 	call	0x5e6a	; 0x5e6a <encoder_read>
    6cee:	90 91 82 02 	lds	r25, 0x0282	; 0x800282 <enc_prev.2491>
    6cf2:	28 2f       	mov	r18, r24
    6cf4:	29 1b       	sub	r18, r25
    6cf6:	80 93 82 02 	sts	0x0282, r24	; 0x800282 <enc_prev.2491>
    6cfa:	21 11       	cpse	r18, r1
    6cfc:	15 c0       	rjmp	.+42     	; 0x6d28 <update_param_32+0x66>
    6cfe:	10 92 81 02 	sts	0x0281, r1	; 0x800281 <speed_cnt.2493+0x1>
    6d02:	10 92 80 02 	sts	0x0280, r1	; 0x800280 <speed_cnt.2493>
    6d06:	c5 01       	movw	r24, r10
    6d08:	b4 01       	movw	r22, r8
    6d0a:	1f 91       	pop	r17
    6d0c:	0f 91       	pop	r16
    6d0e:	ff 90       	pop	r15
    6d10:	ef 90       	pop	r14
    6d12:	df 90       	pop	r13
    6d14:	cf 90       	pop	r12
    6d16:	bf 90       	pop	r11
    6d18:	af 90       	pop	r10
    6d1a:	9f 90       	pop	r9
    6d1c:	8f 90       	pop	r8
    6d1e:	7f 90       	pop	r7
    6d20:	6f 90       	pop	r6
    6d22:	5f 90       	pop	r5
    6d24:	4f 90       	pop	r4
    6d26:	08 95       	ret
    6d28:	80 91 80 02 	lds	r24, 0x0280	; 0x800280 <speed_cnt.2493>
    6d2c:	90 91 81 02 	lds	r25, 0x0281	; 0x800281 <speed_cnt.2493+0x1>
    6d30:	01 96       	adiw	r24, 0x01	; 1
    6d32:	90 93 81 02 	sts	0x0281, r25	; 0x800281 <speed_cnt.2493+0x1>
    6d36:	80 93 80 02 	sts	0x0280, r24	; 0x800280 <speed_cnt.2493>
    6d3a:	c3 97       	sbiw	r24, 0x33	; 51
    6d3c:	78 f1       	brcs	.+94     	; 0x6d9c <update_param_32+0xda>
    6d3e:	81 e0       	ldi	r24, 0x01	; 1
    6d40:	90 91 7f 02 	lds	r25, 0x027F	; 0x80027f <acc.2492>
    6d44:	29 0f       	add	r18, r25
    6d46:	42 2f       	mov	r20, r18
    6d48:	02 2e       	mov	r0, r18
    6d4a:	00 0c       	add	r0, r0
    6d4c:	55 0b       	sbc	r21, r21
    6d4e:	90 e0       	ldi	r25, 0x00	; 0
    6d50:	48 17       	cp	r20, r24
    6d52:	59 07       	cpc	r21, r25
    6d54:	2c f1       	brlt	.+74     	; 0x6da0 <update_param_32+0xde>
    6d56:	10 92 7f 02 	sts	0x027F, r1	; 0x80027f <acc.2492>
    6d5a:	8c 14       	cp	r8, r12
    6d5c:	9d 04       	cpc	r9, r13
    6d5e:	ae 04       	cpc	r10, r14
    6d60:	bf 04       	cpc	r11, r15
    6d62:	60 f4       	brcc	.+24     	; 0x6d7c <update_param_32+0xba>
    6d64:	80 91 6c 02 	lds	r24, 0x026C	; 0x80026c <step>
    6d68:	90 91 6d 02 	lds	r25, 0x026D	; 0x80026d <step+0x1>
    6d6c:	a0 91 6e 02 	lds	r26, 0x026E	; 0x80026e <step+0x2>
    6d70:	b0 91 6f 02 	lds	r27, 0x026F	; 0x80026f <step+0x3>
    6d74:	88 0e       	add	r8, r24
    6d76:	99 1e       	adc	r9, r25
    6d78:	aa 1e       	adc	r10, r26
    6d7a:	bb 1e       	adc	r11, r27
    6d7c:	84 14       	cp	r8, r4
    6d7e:	95 04       	cpc	r9, r5
    6d80:	a6 04       	cpc	r10, r6
    6d82:	b7 04       	cpc	r11, r7
    6d84:	10 f4       	brcc	.+4      	; 0x6d8a <update_param_32+0xc8>
    6d86:	53 01       	movw	r10, r6
    6d88:	42 01       	movw	r8, r4
    6d8a:	c8 14       	cp	r12, r8
    6d8c:	d9 04       	cpc	r13, r9
    6d8e:	ea 04       	cpc	r14, r10
    6d90:	fb 04       	cpc	r15, r11
    6d92:	08 f0       	brcs	.+2      	; 0x6d96 <update_param_32+0xd4>
    6d94:	b8 cf       	rjmp	.-144    	; 0x6d06 <update_param_32+0x44>
    6d96:	46 01       	movw	r8, r12
    6d98:	57 01       	movw	r10, r14
    6d9a:	b5 cf       	rjmp	.-150    	; 0x6d06 <update_param_32+0x44>
    6d9c:	82 e0       	ldi	r24, 0x02	; 2
    6d9e:	d0 cf       	rjmp	.-96     	; 0x6d40 <update_param_32+0x7e>
    6da0:	91 95       	neg	r25
    6da2:	81 95       	neg	r24
    6da4:	91 09       	sbc	r25, r1
    6da6:	84 17       	cp	r24, r20
    6da8:	95 07       	cpc	r25, r21
    6daa:	1c f4       	brge	.+6      	; 0x6db2 <update_param_32+0xf0>
    6dac:	20 93 7f 02 	sts	0x027F, r18	; 0x80027f <acc.2492>
    6db0:	e5 cf       	rjmp	.-54     	; 0x6d7c <update_param_32+0xba>
    6db2:	10 92 7f 02 	sts	0x027F, r1	; 0x80027f <acc.2492>
    6db6:	48 14       	cp	r4, r8
    6db8:	59 04       	cpc	r5, r9
    6dba:	6a 04       	cpc	r6, r10
    6dbc:	7b 04       	cpc	r7, r11
    6dbe:	f0 f6       	brcc	.-68     	; 0x6d7c <update_param_32+0xba>
    6dc0:	80 91 6c 02 	lds	r24, 0x026C	; 0x80026c <step>
    6dc4:	90 91 6d 02 	lds	r25, 0x026D	; 0x80026d <step+0x1>
    6dc8:	a0 91 6e 02 	lds	r26, 0x026E	; 0x80026e <step+0x2>
    6dcc:	b0 91 6f 02 	lds	r27, 0x026F	; 0x80026f <step+0x3>
    6dd0:	88 1a       	sub	r8, r24
    6dd2:	99 0a       	sbc	r9, r25
    6dd4:	aa 0a       	sbc	r10, r26
    6dd6:	bb 0a       	sbc	r11, r27
    6dd8:	d1 cf       	rjmp	.-94     	; 0x6d7c <update_param_32+0xba>

00006dda <update_param_16>:
    6dda:	ef 92       	push	r14
    6ddc:	ff 92       	push	r15
    6dde:	0f 93       	push	r16
    6de0:	1f 93       	push	r17
    6de2:	cf 93       	push	r28
    6de4:	df 93       	push	r29
    6de6:	ec 01       	movw	r28, r24
    6de8:	7b 01       	movw	r14, r22
    6dea:	8a 01       	movw	r16, r20
    6dec:	0e 94 35 2f 	call	0x5e6a	; 0x5e6a <encoder_read>
    6df0:	90 91 7e 02 	lds	r25, 0x027E	; 0x80027e <enc_prev.2504>
    6df4:	28 2f       	mov	r18, r24
    6df6:	29 1b       	sub	r18, r25
    6df8:	80 93 7e 02 	sts	0x027E, r24	; 0x80027e <enc_prev.2504>
    6dfc:	21 11       	cpse	r18, r1
    6dfe:	0c c0       	rjmp	.+24     	; 0x6e18 <update_param_16+0x3e>
    6e00:	10 92 7d 02 	sts	0x027D, r1	; 0x80027d <speed_cnt.2506+0x1>
    6e04:	10 92 7c 02 	sts	0x027C, r1	; 0x80027c <speed_cnt.2506>
    6e08:	ce 01       	movw	r24, r28
    6e0a:	df 91       	pop	r29
    6e0c:	cf 91       	pop	r28
    6e0e:	1f 91       	pop	r17
    6e10:	0f 91       	pop	r16
    6e12:	ff 90       	pop	r15
    6e14:	ef 90       	pop	r14
    6e16:	08 95       	ret
    6e18:	80 91 7c 02 	lds	r24, 0x027C	; 0x80027c <speed_cnt.2506>
    6e1c:	90 91 7d 02 	lds	r25, 0x027D	; 0x80027d <speed_cnt.2506+0x1>
    6e20:	01 96       	adiw	r24, 0x01	; 1
    6e22:	90 93 7d 02 	sts	0x027D, r25	; 0x80027d <speed_cnt.2506+0x1>
    6e26:	80 93 7c 02 	sts	0x027C, r24	; 0x80027c <speed_cnt.2506>
    6e2a:	85 31       	cpi	r24, 0x15	; 21
    6e2c:	91 05       	cpc	r25, r1
    6e2e:	10 f1       	brcs	.+68     	; 0x6e74 <update_param_16+0x9a>
    6e30:	c3 97       	sbiw	r24, 0x33	; 51
    6e32:	00 f5       	brcc	.+64     	; 0x6e74 <update_param_16+0x9a>
    6e34:	82 e0       	ldi	r24, 0x02	; 2
    6e36:	90 91 7b 02 	lds	r25, 0x027B	; 0x80027b <acc.2505>
    6e3a:	29 0f       	add	r18, r25
    6e3c:	42 2f       	mov	r20, r18
    6e3e:	02 2e       	mov	r0, r18
    6e40:	00 0c       	add	r0, r0
    6e42:	55 0b       	sbc	r21, r21
    6e44:	90 e0       	ldi	r25, 0x00	; 0
    6e46:	48 17       	cp	r20, r24
    6e48:	59 07       	cpc	r21, r25
    6e4a:	b4 f0       	brlt	.+44     	; 0x6e78 <update_param_16+0x9e>
    6e4c:	10 92 7b 02 	sts	0x027B, r1	; 0x80027b <acc.2505>
    6e50:	c0 17       	cp	r28, r16
    6e52:	d1 07       	cpc	r29, r17
    6e54:	30 f4       	brcc	.+12     	; 0x6e62 <update_param_16+0x88>
    6e56:	80 91 6c 02 	lds	r24, 0x026C	; 0x80026c <step>
    6e5a:	90 91 6d 02 	lds	r25, 0x026D	; 0x80026d <step+0x1>
    6e5e:	c8 0f       	add	r28, r24
    6e60:	d9 1f       	adc	r29, r25
    6e62:	ce 15       	cp	r28, r14
    6e64:	df 05       	cpc	r29, r15
    6e66:	08 f4       	brcc	.+2      	; 0x6e6a <update_param_16+0x90>
    6e68:	e7 01       	movw	r28, r14
    6e6a:	0c 17       	cp	r16, r28
    6e6c:	1d 07       	cpc	r17, r29
    6e6e:	60 f6       	brcc	.-104    	; 0x6e08 <update_param_16+0x2e>
    6e70:	e8 01       	movw	r28, r16
    6e72:	ca cf       	rjmp	.-108    	; 0x6e08 <update_param_16+0x2e>
    6e74:	81 e0       	ldi	r24, 0x01	; 1
    6e76:	df cf       	rjmp	.-66     	; 0x6e36 <update_param_16+0x5c>
    6e78:	91 95       	neg	r25
    6e7a:	81 95       	neg	r24
    6e7c:	91 09       	sbc	r25, r1
    6e7e:	84 17       	cp	r24, r20
    6e80:	95 07       	cpc	r25, r21
    6e82:	1c f4       	brge	.+6      	; 0x6e8a <update_param_16+0xb0>
    6e84:	20 93 7b 02 	sts	0x027B, r18	; 0x80027b <acc.2505>
    6e88:	ec cf       	rjmp	.-40     	; 0x6e62 <update_param_16+0x88>
    6e8a:	10 92 7b 02 	sts	0x027B, r1	; 0x80027b <acc.2505>
    6e8e:	ec 16       	cp	r14, r28
    6e90:	fd 06       	cpc	r15, r29
    6e92:	38 f7       	brcc	.-50     	; 0x6e62 <update_param_16+0x88>
    6e94:	80 91 6c 02 	lds	r24, 0x026C	; 0x80026c <step>
    6e98:	90 91 6d 02 	lds	r25, 0x026D	; 0x80026d <step+0x1>
    6e9c:	c8 1b       	sub	r28, r24
    6e9e:	d9 0b       	sbc	r29, r25
    6ea0:	e0 cf       	rjmp	.-64     	; 0x6e62 <update_param_16+0x88>

00006ea2 <update_param_8>:
    6ea2:	1f 93       	push	r17
    6ea4:	cf 93       	push	r28
    6ea6:	df 93       	push	r29
    6ea8:	c8 2f       	mov	r28, r24
    6eaa:	16 2f       	mov	r17, r22
    6eac:	d4 2f       	mov	r29, r20
    6eae:	0e 94 35 2f 	call	0x5e6a	; 0x5e6a <encoder_read>
    6eb2:	90 91 7a 02 	lds	r25, 0x027A	; 0x80027a <enc_prev.2516>
    6eb6:	28 2f       	mov	r18, r24
    6eb8:	29 1b       	sub	r18, r25
    6eba:	80 93 7a 02 	sts	0x027A, r24	; 0x80027a <enc_prev.2516>
    6ebe:	21 11       	cpse	r18, r1
    6ec0:	09 c0       	rjmp	.+18     	; 0x6ed4 <update_param_8+0x32>
    6ec2:	10 92 79 02 	sts	0x0279, r1	; 0x800279 <speed_cnt.2518+0x1>
    6ec6:	10 92 78 02 	sts	0x0278, r1	; 0x800278 <speed_cnt.2518>
    6eca:	8c 2f       	mov	r24, r28
    6ecc:	df 91       	pop	r29
    6ece:	cf 91       	pop	r28
    6ed0:	1f 91       	pop	r17
    6ed2:	08 95       	ret
    6ed4:	80 91 78 02 	lds	r24, 0x0278	; 0x800278 <speed_cnt.2518>
    6ed8:	90 91 79 02 	lds	r25, 0x0279	; 0x800279 <speed_cnt.2518+0x1>
    6edc:	01 96       	adiw	r24, 0x01	; 1
    6ede:	90 93 79 02 	sts	0x0279, r25	; 0x800279 <speed_cnt.2518+0x1>
    6ee2:	80 93 78 02 	sts	0x0278, r24	; 0x800278 <speed_cnt.2518>
    6ee6:	85 31       	cpi	r24, 0x15	; 21
    6ee8:	91 05       	cpc	r25, r1
    6eea:	e0 f0       	brcs	.+56     	; 0x6f24 <update_param_8+0x82>
    6eec:	c3 97       	sbiw	r24, 0x33	; 51
    6eee:	e0 f0       	brcs	.+56     	; 0x6f28 <update_param_8+0x86>
    6ef0:	81 e0       	ldi	r24, 0x01	; 1
    6ef2:	90 91 77 02 	lds	r25, 0x0277	; 0x800277 <acc.2517>
    6ef6:	29 0f       	add	r18, r25
    6ef8:	42 2f       	mov	r20, r18
    6efa:	02 2e       	mov	r0, r18
    6efc:	00 0c       	add	r0, r0
    6efe:	55 0b       	sbc	r21, r21
    6f00:	90 e0       	ldi	r25, 0x00	; 0
    6f02:	48 17       	cp	r20, r24
    6f04:	59 07       	cpc	r21, r25
    6f06:	94 f0       	brlt	.+36     	; 0x6f2c <update_param_8+0x8a>
    6f08:	10 92 77 02 	sts	0x0277, r1	; 0x800277 <acc.2517>
    6f0c:	cd 17       	cp	r28, r29
    6f0e:	18 f4       	brcc	.+6      	; 0x6f16 <update_param_8+0x74>
    6f10:	80 91 6c 02 	lds	r24, 0x026C	; 0x80026c <step>
    6f14:	c8 0f       	add	r28, r24
    6f16:	c1 17       	cp	r28, r17
    6f18:	08 f4       	brcc	.+2      	; 0x6f1c <update_param_8+0x7a>
    6f1a:	c1 2f       	mov	r28, r17
    6f1c:	dc 17       	cp	r29, r28
    6f1e:	a8 f6       	brcc	.-86     	; 0x6eca <update_param_8+0x28>
    6f20:	cd 2f       	mov	r28, r29
    6f22:	d3 cf       	rjmp	.-90     	; 0x6eca <update_param_8+0x28>
    6f24:	86 e0       	ldi	r24, 0x06	; 6
    6f26:	e5 cf       	rjmp	.-54     	; 0x6ef2 <update_param_8+0x50>
    6f28:	82 e0       	ldi	r24, 0x02	; 2
    6f2a:	e3 cf       	rjmp	.-58     	; 0x6ef2 <update_param_8+0x50>
    6f2c:	91 95       	neg	r25
    6f2e:	81 95       	neg	r24
    6f30:	91 09       	sbc	r25, r1
    6f32:	84 17       	cp	r24, r20
    6f34:	95 07       	cpc	r25, r21
    6f36:	1c f4       	brge	.+6      	; 0x6f3e <update_param_8+0x9c>
    6f38:	20 93 77 02 	sts	0x0277, r18	; 0x800277 <acc.2517>
    6f3c:	ec cf       	rjmp	.-40     	; 0x6f16 <update_param_8+0x74>
    6f3e:	10 92 77 02 	sts	0x0277, r1	; 0x800277 <acc.2517>
    6f42:	1c 17       	cp	r17, r28
    6f44:	40 f7       	brcc	.-48     	; 0x6f16 <update_param_8+0x74>
    6f46:	80 91 6c 02 	lds	r24, 0x026C	; 0x80026c <step>
    6f4a:	c8 1b       	sub	r28, r24
    6f4c:	e4 cf       	rjmp	.-56     	; 0x6f16 <update_param_8+0x74>

00006f4e <ui_update>:
    6f4e:	ef 92       	push	r14
    6f50:	ff 92       	push	r15
    6f52:	0f 93       	push	r16
    6f54:	1f 93       	push	r17
    6f56:	cf 93       	push	r28
    6f58:	df 93       	push	r29
    6f5a:	00 d0       	rcall	.+0      	; 0x6f5c <ui_update+0xe>
    6f5c:	00 d0       	rcall	.+0      	; 0x6f5e <ui_update+0x10>
    6f5e:	cd b7       	in	r28, 0x3d	; 61
    6f60:	de b7       	in	r29, 0x3e	; 62
    6f62:	0e 94 28 2f 	call	0x5e50	; 0x5e50 <debounce_get_events>
    6f66:	18 2f       	mov	r17, r24
    6f68:	0e 94 25 2f 	call	0x5e4a	; 0x5e4a <debounce_get_state>
    6f6c:	80 91 85 02 	lds	r24, 0x0285	; 0x800285 <outputEnabled>
    6f70:	80 93 a1 02 	sts	0x02A1, r24	; 0x8002a1 <ui_locked>
    6f74:	be 01       	movw	r22, r28
    6f76:	6f 5f       	subi	r22, 0xFF	; 255
    6f78:	7f 4f       	sbci	r23, 0xFF	; 255
    6f7a:	ce 01       	movw	r24, r28
    6f7c:	03 96       	adiw	r24, 0x03	; 3
    6f7e:	0e 94 bd 2f 	call	0x5f7a	; 0x5f7a <XPT2046_TouchGetCoordinates>
    6f82:	48 2f       	mov	r20, r24
    6f84:	50 e0       	ldi	r21, 0x00	; 0
    6f86:	69 81       	ldd	r22, Y+1	; 0x01
    6f88:	7a 81       	ldd	r23, Y+2	; 0x02
    6f8a:	8b 81       	ldd	r24, Y+3	; 0x03
    6f8c:	9c 81       	ldd	r25, Y+4	; 0x04
    6f8e:	0e 94 6a 30 	call	0x60d4	; 0x60d4 <touch_process_zones>
    6f92:	87 fd       	sbrc	r24, 7
    6f94:	07 c0       	rjmp	.+14     	; 0x6fa4 <ui_update+0x56>
    6f96:	11 11       	cpse	r17, r1
    6f98:	05 c0       	rjmp	.+10     	; 0x6fa4 <ui_update+0x56>
    6f9a:	11 e0       	ldi	r17, 0x01	; 1
    6f9c:	01 c0       	rjmp	.+2      	; 0x6fa0 <ui_update+0x52>
    6f9e:	11 0f       	add	r17, r17
    6fa0:	8a 95       	dec	r24
    6fa2:	ea f7       	brpl	.-6      	; 0x6f9e <ui_update+0x50>
    6fa4:	80 91 70 02 	lds	r24, 0x0270	; 0x800270 <field_locked>
    6fa8:	81 11       	cpse	r24, r1
    6faa:	10 74       	andi	r17, 0x40	; 64
    6fac:	80 91 85 02 	lds	r24, 0x0285	; 0x800285 <outputEnabled>
    6fb0:	81 11       	cpse	r24, r1
    6fb2:	14 76       	andi	r17, 0x64	; 100
    6fb4:	10 ff       	sbrs	r17, 0
    6fb6:	0b c0       	rjmp	.+22     	; 0x6fce <ui_update+0x80>
    6fb8:	81 e0       	ldi	r24, 0x01	; 1
    6fba:	80 93 70 02 	sts	0x0270, r24	; 0x800270 <field_locked>
    6fbe:	80 93 84 02 	sts	0x0284, r24	; 0x800284 <selectedField>
    6fc2:	80 93 83 02 	sts	0x0283, r24	; 0x800283 <digit_pos>
    6fc6:	0e 94 fb 33 	call	0x67f6	; 0x67f6 <highlight_selected_field>
    6fca:	0e 94 1a 2f 	call	0x5e34	; 0x5e34 <leds_field_carrier_on>
    6fce:	11 ff       	sbrs	r17, 1
    6fd0:	0c c0       	rjmp	.+24     	; 0x6fea <ui_update+0x9c>
    6fd2:	81 e0       	ldi	r24, 0x01	; 1
    6fd4:	80 93 70 02 	sts	0x0270, r24	; 0x800270 <field_locked>
    6fd8:	82 e0       	ldi	r24, 0x02	; 2
    6fda:	80 93 84 02 	sts	0x0284, r24	; 0x800284 <selectedField>
    6fde:	10 92 83 02 	sts	0x0283, r1	; 0x800283 <digit_pos>
    6fe2:	0e 94 fb 33 	call	0x67f6	; 0x67f6 <highlight_selected_field>
    6fe6:	0e 94 1e 2f 	call	0x5e3c	; 0x5e3c <leds_field_mod_on>
    6fea:	12 ff       	sbrs	r17, 2
    6fec:	0c c0       	rjmp	.+24     	; 0x7006 <ui_update+0xb8>
    6fee:	81 e0       	ldi	r24, 0x01	; 1
    6ff0:	80 93 70 02 	sts	0x0270, r24	; 0x800270 <field_locked>
    6ff4:	83 e0       	ldi	r24, 0x03	; 3
    6ff6:	80 93 84 02 	sts	0x0284, r24	; 0x800284 <selectedField>
    6ffa:	10 92 83 02 	sts	0x0283, r1	; 0x800283 <digit_pos>
    6ffe:	0e 94 fb 33 	call	0x67f6	; 0x67f6 <highlight_selected_field>
    7002:	0e 94 1e 2f 	call	0x5e3c	; 0x5e3c <leds_field_mod_on>
    7006:	13 ff       	sbrs	r17, 3
    7008:	0c c0       	rjmp	.+24     	; 0x7022 <ui_update+0xd4>
    700a:	81 e0       	ldi	r24, 0x01	; 1
    700c:	80 93 70 02 	sts	0x0270, r24	; 0x800270 <field_locked>
    7010:	84 e0       	ldi	r24, 0x04	; 4
    7012:	80 93 84 02 	sts	0x0284, r24	; 0x800284 <selectedField>
    7016:	10 92 83 02 	sts	0x0283, r1	; 0x800283 <digit_pos>
    701a:	0e 94 fb 33 	call	0x67f6	; 0x67f6 <highlight_selected_field>
    701e:	0e 94 1f 2f 	call	0x5e3e	; 0x5e3e <leds_field_dead_on>
    7022:	14 ff       	sbrs	r17, 4
    7024:	0e c0       	rjmp	.+28     	; 0x7042 <ui_update+0xf4>
    7026:	80 91 86 02 	lds	r24, 0x0286	; 0x800286 <currentMode>
    702a:	82 30       	cpi	r24, 0x02	; 2
    702c:	09 f0       	breq	.+2      	; 0x7030 <ui_update+0xe2>
    702e:	f4 c0       	rjmp	.+488    	; 0x7218 <ui_update+0x2ca>
    7030:	10 92 86 02 	sts	0x0286, r1	; 0x800286 <currentMode>
    7034:	80 91 86 02 	lds	r24, 0x0286	; 0x800286 <currentMode>
    7038:	0e 94 ec 30 	call	0x61d8	; 0x61d8 <pwm_set_mode>
    703c:	80 e0       	ldi	r24, 0x00	; 0
    703e:	0e 94 e9 31 	call	0x63d2	; 0x63d2 <render_values>
    7042:	15 ff       	sbrs	r17, 5
    7044:	0f c0       	rjmp	.+30     	; 0x7064 <ui_update+0x116>
    7046:	80 91 85 02 	lds	r24, 0x0285	; 0x800285 <outputEnabled>
    704a:	91 e0       	ldi	r25, 0x01	; 1
    704c:	89 27       	eor	r24, r25
    704e:	80 93 85 02 	sts	0x0285, r24	; 0x800285 <outputEnabled>
    7052:	0e 94 20 2f 	call	0x5e40	; 0x5e40 <leds_output_set>
    7056:	80 91 85 02 	lds	r24, 0x0285	; 0x800285 <outputEnabled>
    705a:	0e 94 e7 30 	call	0x61ce	; 0x61ce <pwm_enable>
    705e:	80 e0       	ldi	r24, 0x00	; 0
    7060:	0e 94 e9 31 	call	0x63d2	; 0x63d2 <render_values>
    7064:	16 ff       	sbrs	r17, 6
    7066:	ae c0       	rjmp	.+348    	; 0x71c4 <ui_update+0x276>
    7068:	80 91 5c 01 	lds	r24, 0x015C	; 0x80015c <carrierHz>
    706c:	90 91 5d 01 	lds	r25, 0x015D	; 0x80015d <carrierHz+0x1>
    7070:	a0 91 5e 01 	lds	r26, 0x015E	; 0x80015e <carrierHz+0x2>
    7074:	b0 91 5f 01 	lds	r27, 0x015F	; 0x80015f <carrierHz+0x3>
    7078:	86 39       	cpi	r24, 0x96	; 150
    707a:	91 05       	cpc	r25, r1
    707c:	a1 05       	cpc	r26, r1
    707e:	b1 05       	cpc	r27, r1
    7080:	60 f4       	brcc	.+24     	; 0x709a <ui_update+0x14c>
    7082:	86 e9       	ldi	r24, 0x96	; 150
    7084:	90 e0       	ldi	r25, 0x00	; 0
    7086:	a0 e0       	ldi	r26, 0x00	; 0
    7088:	b0 e0       	ldi	r27, 0x00	; 0
    708a:	80 93 5c 01 	sts	0x015C, r24	; 0x80015c <carrierHz>
    708e:	90 93 5d 01 	sts	0x015D, r25	; 0x80015d <carrierHz+0x1>
    7092:	a0 93 5e 01 	sts	0x015E, r26	; 0x80015e <carrierHz+0x2>
    7096:	b0 93 5f 01 	sts	0x015F, r27	; 0x80015f <carrierHz+0x3>
    709a:	80 91 5c 01 	lds	r24, 0x015C	; 0x80015c <carrierHz>
    709e:	90 91 5d 01 	lds	r25, 0x015D	; 0x80015d <carrierHz+0x1>
    70a2:	a0 91 5e 01 	lds	r26, 0x015E	; 0x80015e <carrierHz+0x2>
    70a6:	b0 91 5f 01 	lds	r27, 0x015F	; 0x80015f <carrierHz+0x3>
    70aa:	81 35       	cpi	r24, 0x51	; 81
    70ac:	93 4c       	sbci	r25, 0xC3	; 195
    70ae:	a1 05       	cpc	r26, r1
    70b0:	b1 05       	cpc	r27, r1
    70b2:	60 f0       	brcs	.+24     	; 0x70cc <ui_update+0x17e>
    70b4:	80 e5       	ldi	r24, 0x50	; 80
    70b6:	93 ec       	ldi	r25, 0xC3	; 195
    70b8:	a0 e0       	ldi	r26, 0x00	; 0
    70ba:	b0 e0       	ldi	r27, 0x00	; 0
    70bc:	80 93 5c 01 	sts	0x015C, r24	; 0x80015c <carrierHz>
    70c0:	90 93 5d 01 	sts	0x015D, r25	; 0x80015d <carrierHz+0x1>
    70c4:	a0 93 5e 01 	sts	0x015E, r26	; 0x80015e <carrierHz+0x2>
    70c8:	b0 93 5f 01 	sts	0x015F, r27	; 0x80015f <carrierHz+0x3>
    70cc:	80 91 58 01 	lds	r24, 0x0158	; 0x800158 <modHz>
    70d0:	90 91 59 01 	lds	r25, 0x0159	; 0x800159 <modHz+0x1>
    70d4:	a0 91 5a 01 	lds	r26, 0x015A	; 0x80015a <modHz+0x2>
    70d8:	b0 91 5b 01 	lds	r27, 0x015B	; 0x80015b <modHz+0x3>
    70dc:	89 2b       	or	r24, r25
    70de:	8a 2b       	or	r24, r26
    70e0:	8b 2b       	or	r24, r27
    70e2:	61 f4       	brne	.+24     	; 0x70fc <ui_update+0x1ae>
    70e4:	81 e0       	ldi	r24, 0x01	; 1
    70e6:	90 e0       	ldi	r25, 0x00	; 0
    70e8:	a0 e0       	ldi	r26, 0x00	; 0
    70ea:	b0 e0       	ldi	r27, 0x00	; 0
    70ec:	80 93 58 01 	sts	0x0158, r24	; 0x800158 <modHz>
    70f0:	90 93 59 01 	sts	0x0159, r25	; 0x800159 <modHz+0x1>
    70f4:	a0 93 5a 01 	sts	0x015A, r26	; 0x80015a <modHz+0x2>
    70f8:	b0 93 5b 01 	sts	0x015B, r27	; 0x80015b <modHz+0x3>
    70fc:	80 91 58 01 	lds	r24, 0x0158	; 0x800158 <modHz>
    7100:	90 91 59 01 	lds	r25, 0x0159	; 0x800159 <modHz+0x1>
    7104:	a0 91 5a 01 	lds	r26, 0x015A	; 0x80015a <modHz+0x2>
    7108:	b0 91 5b 01 	lds	r27, 0x015B	; 0x80015b <modHz+0x3>
    710c:	85 3f       	cpi	r24, 0xF5	; 245
    710e:	91 40       	sbci	r25, 0x01	; 1
    7110:	a1 05       	cpc	r26, r1
    7112:	b1 05       	cpc	r27, r1
    7114:	60 f0       	brcs	.+24     	; 0x712e <ui_update+0x1e0>
    7116:	84 ef       	ldi	r24, 0xF4	; 244
    7118:	91 e0       	ldi	r25, 0x01	; 1
    711a:	a0 e0       	ldi	r26, 0x00	; 0
    711c:	b0 e0       	ldi	r27, 0x00	; 0
    711e:	80 93 58 01 	sts	0x0158, r24	; 0x800158 <modHz>
    7122:	90 93 59 01 	sts	0x0159, r25	; 0x800159 <modHz+0x1>
    7126:	a0 93 5a 01 	sts	0x015A, r26	; 0x80015a <modHz+0x2>
    712a:	b0 93 5b 01 	sts	0x015B, r27	; 0x80015b <modHz+0x3>
    712e:	80 91 57 01 	lds	r24, 0x0157	; 0x800157 <magnitude>
    7132:	85 36       	cpi	r24, 0x65	; 101
    7134:	18 f0       	brcs	.+6      	; 0x713c <ui_update+0x1ee>
    7136:	84 e6       	ldi	r24, 0x64	; 100
    7138:	80 93 57 01 	sts	0x0157, r24	; 0x800157 <magnitude>
    713c:	80 91 53 01 	lds	r24, 0x0153	; 0x800153 <deadNs>
    7140:	90 91 54 01 	lds	r25, 0x0154	; 0x800154 <deadNs+0x1>
    7144:	a0 91 55 01 	lds	r26, 0x0155	; 0x800155 <deadNs+0x2>
    7148:	b0 91 56 01 	lds	r27, 0x0156	; 0x800156 <deadNs+0x3>
    714c:	81 3d       	cpi	r24, 0xD1	; 209
    714e:	97 40       	sbci	r25, 0x07	; 7
    7150:	a1 05       	cpc	r26, r1
    7152:	b1 05       	cpc	r27, r1
    7154:	60 f0       	brcs	.+24     	; 0x716e <ui_update+0x220>
    7156:	80 ed       	ldi	r24, 0xD0	; 208
    7158:	97 e0       	ldi	r25, 0x07	; 7
    715a:	a0 e0       	ldi	r26, 0x00	; 0
    715c:	b0 e0       	ldi	r27, 0x00	; 0
    715e:	80 93 53 01 	sts	0x0153, r24	; 0x800153 <deadNs>
    7162:	90 93 54 01 	sts	0x0154, r25	; 0x800154 <deadNs+0x1>
    7166:	a0 93 55 01 	sts	0x0155, r26	; 0x800155 <deadNs+0x2>
    716a:	b0 93 56 01 	sts	0x0156, r27	; 0x800156 <deadNs+0x3>
    716e:	60 91 5c 01 	lds	r22, 0x015C	; 0x80015c <carrierHz>
    7172:	70 91 5d 01 	lds	r23, 0x015D	; 0x80015d <carrierHz+0x1>
    7176:	80 91 5e 01 	lds	r24, 0x015E	; 0x80015e <carrierHz+0x2>
    717a:	90 91 5f 01 	lds	r25, 0x015F	; 0x80015f <carrierHz+0x3>
    717e:	0e 94 51 31 	call	0x62a2	; 0x62a2 <pwm_set_carrier_hz>
    7182:	80 91 58 01 	lds	r24, 0x0158	; 0x800158 <modHz>
    7186:	90 91 59 01 	lds	r25, 0x0159	; 0x800159 <modHz+0x1>
    718a:	0e 94 5a 31 	call	0x62b4	; 0x62b4 <pwm_set_mod_hz>
    718e:	80 91 57 01 	lds	r24, 0x0157	; 0x800157 <magnitude>
    7192:	0e 94 a8 31 	call	0x6350	; 0x6350 <pwm_set_magnitude>
    7196:	80 91 53 01 	lds	r24, 0x0153	; 0x800153 <deadNs>
    719a:	90 91 54 01 	lds	r25, 0x0154	; 0x800154 <deadNs+0x1>
    719e:	0e 94 9b 31 	call	0x6336	; 0x6336 <pwm_set_deadtime_ns>
    71a2:	80 91 86 02 	lds	r24, 0x0286	; 0x800286 <currentMode>
    71a6:	0e 94 ec 30 	call	0x61d8	; 0x61d8 <pwm_set_mode>
    71aa:	80 91 85 02 	lds	r24, 0x0285	; 0x800285 <outputEnabled>
    71ae:	0e 94 e7 30 	call	0x61ce	; 0x61ce <pwm_enable>
    71b2:	10 92 70 02 	sts	0x0270, r1	; 0x800270 <field_locked>
    71b6:	10 92 84 02 	sts	0x0284, r1	; 0x800284 <selectedField>
    71ba:	10 92 a4 02 	sts	0x02A4, r1	; 0x8002a4 <flash_on>
    71be:	81 e0       	ldi	r24, 0x01	; 1
    71c0:	80 93 72 02 	sts	0x0272, r24	; 0x800272 <st>
    71c4:	17 ff       	sbrs	r17, 7
    71c6:	0e c0       	rjmp	.+28     	; 0x71e4 <ui_update+0x296>
    71c8:	80 91 84 02 	lds	r24, 0x0284	; 0x800284 <selectedField>
    71cc:	81 30       	cpi	r24, 0x01	; 1
    71ce:	41 f5       	brne	.+80     	; 0x7220 <ui_update+0x2d2>
    71d0:	80 91 83 02 	lds	r24, 0x0283	; 0x800283 <digit_pos>
    71d4:	90 e0       	ldi	r25, 0x00	; 0
    71d6:	01 96       	adiw	r24, 0x01	; 1
    71d8:	65 e0       	ldi	r22, 0x05	; 5
    71da:	70 e0       	ldi	r23, 0x00	; 0
    71dc:	0e 94 15 3a 	call	0x742a	; 0x742a <__divmodhi4>
    71e0:	80 93 83 02 	sts	0x0283, r24	; 0x800283 <digit_pos>
    71e4:	0e 94 2e 2f 	call	0x5e5c	; 0x5e5c <encoder_get_delta>
    71e8:	88 23       	and	r24, r24
    71ea:	59 f0       	breq	.+22     	; 0x7202 <ui_update+0x2b4>
    71ec:	e0 91 84 02 	lds	r30, 0x0284	; 0x800284 <selectedField>
    71f0:	10 91 83 02 	lds	r17, 0x0283	; 0x800283 <digit_pos>
    71f4:	21 e0       	ldi	r18, 0x01	; 1
    71f6:	30 e0       	ldi	r19, 0x00	; 0
    71f8:	40 e0       	ldi	r20, 0x00	; 0
    71fa:	50 e0       	ldi	r21, 0x00	; 0
    71fc:	f0 e0       	ldi	r31, 0x00	; 0
    71fe:	e1 11       	cpse	r30, r1
    7200:	22 c0       	rjmp	.+68     	; 0x7246 <ui_update+0x2f8>
    7202:	0f 90       	pop	r0
    7204:	0f 90       	pop	r0
    7206:	0f 90       	pop	r0
    7208:	0f 90       	pop	r0
    720a:	df 91       	pop	r29
    720c:	cf 91       	pop	r28
    720e:	1f 91       	pop	r17
    7210:	0f 91       	pop	r16
    7212:	ff 90       	pop	r15
    7214:	ef 90       	pop	r14
    7216:	08 95       	ret
    7218:	8f 5f       	subi	r24, 0xFF	; 255
    721a:	80 93 86 02 	sts	0x0286, r24	; 0x800286 <currentMode>
    721e:	0a cf       	rjmp	.-492    	; 0x7034 <ui_update+0xe6>
    7220:	82 30       	cpi	r24, 0x02	; 2
    7222:	39 f4       	brne	.+14     	; 0x7232 <ui_update+0x2e4>
    7224:	80 91 83 02 	lds	r24, 0x0283	; 0x800283 <digit_pos>
    7228:	90 e0       	ldi	r25, 0x00	; 0
    722a:	01 96       	adiw	r24, 0x01	; 1
    722c:	83 70       	andi	r24, 0x03	; 3
    722e:	99 27       	eor	r25, r25
    7230:	d7 cf       	rjmp	.-82     	; 0x71e0 <ui_update+0x292>
    7232:	84 30       	cpi	r24, 0x04	; 4
    7234:	b9 f6       	brne	.-82     	; 0x71e4 <ui_update+0x296>
    7236:	cc cf       	rjmp	.-104    	; 0x71d0 <ui_update+0x282>
    7238:	aa e0       	ldi	r26, 0x0A	; 10
    723a:	b0 e0       	ldi	r27, 0x00	; 0
    723c:	0e 94 82 3a 	call	0x7504	; 0x7504 <__muluhisi3>
    7240:	9b 01       	movw	r18, r22
    7242:	ac 01       	movw	r20, r24
    7244:	ff 5f       	subi	r31, 0xFF	; 255
    7246:	1f 13       	cpse	r17, r31
    7248:	f7 cf       	rjmp	.-18     	; 0x7238 <ui_update+0x2ea>
    724a:	20 93 6c 02 	sts	0x026C, r18	; 0x80026c <step>
    724e:	30 93 6d 02 	sts	0x026D, r19	; 0x80026d <step+0x1>
    7252:	40 93 6e 02 	sts	0x026E, r20	; 0x80026e <step+0x2>
    7256:	50 93 6f 02 	sts	0x026F, r21	; 0x80026f <step+0x3>
    725a:	e1 30       	cpi	r30, 0x01	; 1
    725c:	01 f5       	brne	.+64     	; 0x729e <ui_update+0x350>
    725e:	60 91 5c 01 	lds	r22, 0x015C	; 0x80015c <carrierHz>
    7262:	70 91 5d 01 	lds	r23, 0x015D	; 0x80015d <carrierHz+0x1>
    7266:	80 91 5e 01 	lds	r24, 0x015E	; 0x80015e <carrierHz+0x2>
    726a:	90 91 5f 01 	lds	r25, 0x015F	; 0x80015f <carrierHz+0x3>
    726e:	10 e2       	ldi	r17, 0x20	; 32
    7270:	e1 2e       	mov	r14, r17
    7272:	1e e4       	ldi	r17, 0x4E	; 78
    7274:	f1 2e       	mov	r15, r17
    7276:	00 e0       	ldi	r16, 0x00	; 0
    7278:	10 e0       	ldi	r17, 0x00	; 0
    727a:	26 e9       	ldi	r18, 0x96	; 150
    727c:	30 e0       	ldi	r19, 0x00	; 0
    727e:	40 e0       	ldi	r20, 0x00	; 0
    7280:	50 e0       	ldi	r21, 0x00	; 0
    7282:	0e 94 61 36 	call	0x6cc2	; 0x6cc2 <update_param_32>
    7286:	60 93 5c 01 	sts	0x015C, r22	; 0x80015c <carrierHz>
    728a:	70 93 5d 01 	sts	0x015D, r23	; 0x80015d <carrierHz+0x1>
    728e:	80 93 5e 01 	sts	0x015E, r24	; 0x80015e <carrierHz+0x2>
    7292:	90 93 5f 01 	sts	0x015F, r25	; 0x80015f <carrierHz+0x3>
    7296:	80 e0       	ldi	r24, 0x00	; 0
    7298:	0e 94 e9 31 	call	0x63d2	; 0x63d2 <render_values>
    729c:	b2 cf       	rjmp	.-156    	; 0x7202 <ui_update+0x2b4>
    729e:	e2 30       	cpi	r30, 0x02	; 2
    72a0:	e9 f4       	brne	.+58     	; 0x72dc <ui_update+0x38e>
    72a2:	60 91 58 01 	lds	r22, 0x0158	; 0x800158 <modHz>
    72a6:	70 91 59 01 	lds	r23, 0x0159	; 0x800159 <modHz+0x1>
    72aa:	80 91 5a 01 	lds	r24, 0x015A	; 0x80015a <modHz+0x2>
    72ae:	90 91 5b 01 	lds	r25, 0x015B	; 0x80015b <modHz+0x3>
    72b2:	14 ef       	ldi	r17, 0xF4	; 244
    72b4:	e1 2e       	mov	r14, r17
    72b6:	ff 24       	eor	r15, r15
    72b8:	f3 94       	inc	r15
    72ba:	00 e0       	ldi	r16, 0x00	; 0
    72bc:	10 e0       	ldi	r17, 0x00	; 0
    72be:	21 e0       	ldi	r18, 0x01	; 1
    72c0:	30 e0       	ldi	r19, 0x00	; 0
    72c2:	40 e0       	ldi	r20, 0x00	; 0
    72c4:	50 e0       	ldi	r21, 0x00	; 0
    72c6:	0e 94 61 36 	call	0x6cc2	; 0x6cc2 <update_param_32>
    72ca:	60 93 58 01 	sts	0x0158, r22	; 0x800158 <modHz>
    72ce:	70 93 59 01 	sts	0x0159, r23	; 0x800159 <modHz+0x1>
    72d2:	80 93 5a 01 	sts	0x015A, r24	; 0x80015a <modHz+0x2>
    72d6:	90 93 5b 01 	sts	0x015B, r25	; 0x80015b <modHz+0x3>
    72da:	dd cf       	rjmp	.-70     	; 0x7296 <ui_update+0x348>
    72dc:	e3 30       	cpi	r30, 0x03	; 3
    72de:	c1 f4       	brne	.+48     	; 0x7310 <ui_update+0x3c2>
    72e0:	80 91 57 01 	lds	r24, 0x0157	; 0x800157 <magnitude>
    72e4:	80 93 44 01 	sts	0x0144, r24	; 0x800144 <lastMagnitude.2477>
    72e8:	44 e6       	ldi	r20, 0x64	; 100
    72ea:	60 e0       	ldi	r22, 0x00	; 0
    72ec:	0e 94 51 37 	call	0x6ea2	; 0x6ea2 <update_param_8>
    72f0:	80 93 57 01 	sts	0x0157, r24	; 0x800157 <magnitude>
    72f4:	90 91 44 01 	lds	r25, 0x0144	; 0x800144 <lastMagnitude.2477>
    72f8:	89 17       	cp	r24, r25
    72fa:	69 f2       	breq	.-102    	; 0x7296 <ui_update+0x348>
    72fc:	85 36       	cpi	r24, 0x65	; 101
    72fe:	18 f0       	brcs	.+6      	; 0x7306 <ui_update+0x3b8>
    7300:	84 e6       	ldi	r24, 0x64	; 100
    7302:	80 93 57 01 	sts	0x0157, r24	; 0x800157 <magnitude>
    7306:	80 91 57 01 	lds	r24, 0x0157	; 0x800157 <magnitude>
    730a:	0e 94 a8 31 	call	0x6350	; 0x6350 <pwm_set_magnitude>
    730e:	c3 cf       	rjmp	.-122    	; 0x7296 <ui_update+0x348>
    7310:	e4 30       	cpi	r30, 0x04	; 4
    7312:	09 f6       	brne	.-126    	; 0x7296 <ui_update+0x348>
    7314:	40 ed       	ldi	r20, 0xD0	; 208
    7316:	57 e0       	ldi	r21, 0x07	; 7
    7318:	70 e0       	ldi	r23, 0x00	; 0
    731a:	60 e0       	ldi	r22, 0x00	; 0
    731c:	80 91 53 01 	lds	r24, 0x0153	; 0x800153 <deadNs>
    7320:	90 91 54 01 	lds	r25, 0x0154	; 0x800154 <deadNs+0x1>
    7324:	0e 94 ed 36 	call	0x6dda	; 0x6dda <update_param_16>
    7328:	b0 e0       	ldi	r27, 0x00	; 0
    732a:	a0 e0       	ldi	r26, 0x00	; 0
    732c:	80 93 53 01 	sts	0x0153, r24	; 0x800153 <deadNs>
    7330:	90 93 54 01 	sts	0x0154, r25	; 0x800154 <deadNs+0x1>
    7334:	a0 93 55 01 	sts	0x0155, r26	; 0x800155 <deadNs+0x2>
    7338:	b0 93 56 01 	sts	0x0156, r27	; 0x800156 <deadNs+0x3>
    733c:	ac cf       	rjmp	.-168    	; 0x7296 <ui_update+0x348>

0000733e <main>:
    733e:	87 b3       	in	r24, 0x17	; 23
    7340:	87 60       	ori	r24, 0x07	; 7
    7342:	87 bb       	out	0x17, r24	; 23
    7344:	c0 9a       	sbi	0x18, 0	; 24
    7346:	0e 94 37 1f 	call	0x3e6e	; 0x3e6e <spi_init>
    734a:	60 e0       	ldi	r22, 0x00	; 0
    734c:	7b e4       	ldi	r23, 0x4B	; 75
    734e:	80 e0       	ldi	r24, 0x00	; 0
    7350:	90 e0       	ldi	r25, 0x00	; 0
    7352:	0e 94 15 2e 	call	0x5c2a	; 0x5c2a <uart_init>
    7356:	80 e6       	ldi	r24, 0x60	; 96
    7358:	91 e0       	ldi	r25, 0x01	; 1
    735a:	0e 94 33 2e 	call	0x5c66	; 0x5c66 <uart_print>
    735e:	87 e7       	ldi	r24, 0x77	; 119
    7360:	91 e0       	ldi	r25, 0x01	; 1
    7362:	0e 94 33 2e 	call	0x5c66	; 0x5c66 <uart_print>
    7366:	0e 94 8f 1f 	call	0x3f1e	; 0x3f1e <ILI9341_Init>
    736a:	83 e0       	ldi	r24, 0x03	; 3
    736c:	0e 94 9c 20 	call	0x4138	; 0x4138 <ILI9341_Set_Rotation>
    7370:	81 e0       	ldi	r24, 0x01	; 1
    7372:	0e 94 21 2f 	call	0x5e42	; 0x5e42 <debounce_init>
    7376:	0e 94 15 2f 	call	0x5e2a	; 0x5e2a <leds_init>
    737a:	82 e0       	ldi	r24, 0x02	; 2
    737c:	0e 94 21 2c 	call	0x5842	; 0x5842 <setTextFont>
    7380:	70 e0       	ldi	r23, 0x00	; 0
    7382:	60 e0       	ldi	r22, 0x00	; 0
    7384:	8f ef       	ldi	r24, 0xFF	; 255
    7386:	9f ef       	ldi	r25, 0xFF	; 255
    7388:	0e 94 a2 27 	call	0x4f44	; 0x4f44 <setTextColor>
    738c:	60 e2       	ldi	r22, 0x20	; 32
    738e:	7e e4       	ldi	r23, 0x4E	; 78
    7390:	80 e0       	ldi	r24, 0x00	; 0
    7392:	90 e0       	ldi	r25, 0x00	; 0
    7394:	0e 94 51 31 	call	0x62a2	; 0x62a2 <pwm_set_carrier_hz>
    7398:	82 e3       	ldi	r24, 0x32	; 50
    739a:	90 e0       	ldi	r25, 0x00	; 0
    739c:	0e 94 5a 31 	call	0x62b4	; 0x62b4 <pwm_set_mod_hz>
    73a0:	84 e1       	ldi	r24, 0x14	; 20
    73a2:	90 e0       	ldi	r25, 0x00	; 0
    73a4:	0e 94 9b 31 	call	0x6336	; 0x6336 <pwm_set_deadtime_ns>
    73a8:	82 e3       	ldi	r24, 0x32	; 50
    73aa:	90 e0       	ldi	r25, 0x00	; 0
    73ac:	0e 94 a8 31 	call	0x6350	; 0x6350 <pwm_set_magnitude>
    73b0:	80 e0       	ldi	r24, 0x00	; 0
    73b2:	0e 94 e7 30 	call	0x61ce	; 0x61ce <pwm_enable>
    73b6:	0e 94 79 2f 	call	0x5ef2	; 0x5ef2 <xpt2046_init>
    73ba:	0e 94 f1 35 	call	0x6be2	; 0x6be2 <ui_splash>
    73be:	0e 94 20 35 	call	0x6a40	; 0x6a40 <ui_init>
    73c2:	80 e9       	ldi	r24, 0x90	; 144
    73c4:	91 e0       	ldi	r25, 0x01	; 1
    73c6:	0e 94 33 2e 	call	0x5c66	; 0x5c66 <uart_print>
    73ca:	0e 94 a7 37 	call	0x6f4e	; 0x6f4e <ui_update>
    73ce:	2f ef       	ldi	r18, 0xFF	; 255
    73d0:	86 e7       	ldi	r24, 0x76	; 118
    73d2:	91 e0       	ldi	r25, 0x01	; 1
    73d4:	21 50       	subi	r18, 0x01	; 1
    73d6:	80 40       	sbci	r24, 0x00	; 0
    73d8:	90 40       	sbci	r25, 0x00	; 0
    73da:	e1 f7       	brne	.-8      	; 0x73d4 <main+0x96>
    73dc:	00 c0       	rjmp	.+0      	; 0x73de <main+0xa0>
    73de:	00 00       	nop
    73e0:	f4 cf       	rjmp	.-24     	; 0x73ca <main+0x8c>

000073e2 <__mulsi3>:
    73e2:	db 01       	movw	r26, r22
    73e4:	8f 93       	push	r24
    73e6:	9f 93       	push	r25
    73e8:	0e 94 82 3a 	call	0x7504	; 0x7504 <__muluhisi3>
    73ec:	bf 91       	pop	r27
    73ee:	af 91       	pop	r26
    73f0:	a2 9f       	mul	r26, r18
    73f2:	80 0d       	add	r24, r0
    73f4:	91 1d       	adc	r25, r1
    73f6:	a3 9f       	mul	r26, r19
    73f8:	90 0d       	add	r25, r0
    73fa:	b2 9f       	mul	r27, r18
    73fc:	90 0d       	add	r25, r0
    73fe:	11 24       	eor	r1, r1
    7400:	08 95       	ret

00007402 <__udivmodhi4>:
    7402:	aa 1b       	sub	r26, r26
    7404:	bb 1b       	sub	r27, r27
    7406:	51 e1       	ldi	r21, 0x11	; 17
    7408:	07 c0       	rjmp	.+14     	; 0x7418 <__udivmodhi4_ep>

0000740a <__udivmodhi4_loop>:
    740a:	aa 1f       	adc	r26, r26
    740c:	bb 1f       	adc	r27, r27
    740e:	a6 17       	cp	r26, r22
    7410:	b7 07       	cpc	r27, r23
    7412:	10 f0       	brcs	.+4      	; 0x7418 <__udivmodhi4_ep>
    7414:	a6 1b       	sub	r26, r22
    7416:	b7 0b       	sbc	r27, r23

00007418 <__udivmodhi4_ep>:
    7418:	88 1f       	adc	r24, r24
    741a:	99 1f       	adc	r25, r25
    741c:	5a 95       	dec	r21
    741e:	a9 f7       	brne	.-22     	; 0x740a <__udivmodhi4_loop>
    7420:	80 95       	com	r24
    7422:	90 95       	com	r25
    7424:	bc 01       	movw	r22, r24
    7426:	cd 01       	movw	r24, r26
    7428:	08 95       	ret

0000742a <__divmodhi4>:
    742a:	97 fb       	bst	r25, 7
    742c:	07 2e       	mov	r0, r23
    742e:	16 f4       	brtc	.+4      	; 0x7434 <__divmodhi4+0xa>
    7430:	00 94       	com	r0
    7432:	07 d0       	rcall	.+14     	; 0x7442 <__divmodhi4_neg1>
    7434:	77 fd       	sbrc	r23, 7
    7436:	09 d0       	rcall	.+18     	; 0x744a <__divmodhi4_neg2>
    7438:	0e 94 01 3a 	call	0x7402	; 0x7402 <__udivmodhi4>
    743c:	07 fc       	sbrc	r0, 7
    743e:	05 d0       	rcall	.+10     	; 0x744a <__divmodhi4_neg2>
    7440:	3e f4       	brtc	.+14     	; 0x7450 <__divmodhi4_exit>

00007442 <__divmodhi4_neg1>:
    7442:	90 95       	com	r25
    7444:	81 95       	neg	r24
    7446:	9f 4f       	sbci	r25, 0xFF	; 255
    7448:	08 95       	ret

0000744a <__divmodhi4_neg2>:
    744a:	70 95       	com	r23
    744c:	61 95       	neg	r22
    744e:	7f 4f       	sbci	r23, 0xFF	; 255

00007450 <__divmodhi4_exit>:
    7450:	08 95       	ret

00007452 <__udivmodsi4>:
    7452:	a1 e2       	ldi	r26, 0x21	; 33
    7454:	1a 2e       	mov	r1, r26
    7456:	aa 1b       	sub	r26, r26
    7458:	bb 1b       	sub	r27, r27
    745a:	fd 01       	movw	r30, r26
    745c:	0d c0       	rjmp	.+26     	; 0x7478 <__udivmodsi4_ep>

0000745e <__udivmodsi4_loop>:
    745e:	aa 1f       	adc	r26, r26
    7460:	bb 1f       	adc	r27, r27
    7462:	ee 1f       	adc	r30, r30
    7464:	ff 1f       	adc	r31, r31
    7466:	a2 17       	cp	r26, r18
    7468:	b3 07       	cpc	r27, r19
    746a:	e4 07       	cpc	r30, r20
    746c:	f5 07       	cpc	r31, r21
    746e:	20 f0       	brcs	.+8      	; 0x7478 <__udivmodsi4_ep>
    7470:	a2 1b       	sub	r26, r18
    7472:	b3 0b       	sbc	r27, r19
    7474:	e4 0b       	sbc	r30, r20
    7476:	f5 0b       	sbc	r31, r21

00007478 <__udivmodsi4_ep>:
    7478:	66 1f       	adc	r22, r22
    747a:	77 1f       	adc	r23, r23
    747c:	88 1f       	adc	r24, r24
    747e:	99 1f       	adc	r25, r25
    7480:	1a 94       	dec	r1
    7482:	69 f7       	brne	.-38     	; 0x745e <__udivmodsi4_loop>
    7484:	60 95       	com	r22
    7486:	70 95       	com	r23
    7488:	80 95       	com	r24
    748a:	90 95       	com	r25
    748c:	9b 01       	movw	r18, r22
    748e:	ac 01       	movw	r20, r24
    7490:	bd 01       	movw	r22, r26
    7492:	cf 01       	movw	r24, r30
    7494:	08 95       	ret

00007496 <__divmodsi4>:
    7496:	05 2e       	mov	r0, r21
    7498:	97 fb       	bst	r25, 7
    749a:	1e f4       	brtc	.+6      	; 0x74a2 <__divmodsi4+0xc>
    749c:	00 94       	com	r0
    749e:	0e 94 62 3a 	call	0x74c4	; 0x74c4 <__negsi2>
    74a2:	57 fd       	sbrc	r21, 7
    74a4:	07 d0       	rcall	.+14     	; 0x74b4 <__divmodsi4_neg2>
    74a6:	0e 94 29 3a 	call	0x7452	; 0x7452 <__udivmodsi4>
    74aa:	07 fc       	sbrc	r0, 7
    74ac:	03 d0       	rcall	.+6      	; 0x74b4 <__divmodsi4_neg2>
    74ae:	4e f4       	brtc	.+18     	; 0x74c2 <__divmodsi4_exit>
    74b0:	0c 94 62 3a 	jmp	0x74c4	; 0x74c4 <__negsi2>

000074b4 <__divmodsi4_neg2>:
    74b4:	50 95       	com	r21
    74b6:	40 95       	com	r20
    74b8:	30 95       	com	r19
    74ba:	21 95       	neg	r18
    74bc:	3f 4f       	sbci	r19, 0xFF	; 255
    74be:	4f 4f       	sbci	r20, 0xFF	; 255
    74c0:	5f 4f       	sbci	r21, 0xFF	; 255

000074c2 <__divmodsi4_exit>:
    74c2:	08 95       	ret

000074c4 <__negsi2>:
    74c4:	90 95       	com	r25
    74c6:	80 95       	com	r24
    74c8:	70 95       	com	r23
    74ca:	61 95       	neg	r22
    74cc:	7f 4f       	sbci	r23, 0xFF	; 255
    74ce:	8f 4f       	sbci	r24, 0xFF	; 255
    74d0:	9f 4f       	sbci	r25, 0xFF	; 255
    74d2:	08 95       	ret

000074d4 <__tablejump2__>:
    74d4:	ee 0f       	add	r30, r30
    74d6:	ff 1f       	adc	r31, r31
    74d8:	00 24       	eor	r0, r0
    74da:	00 1c       	adc	r0, r0
    74dc:	0b be       	out	0x3b, r0	; 59
    74de:	07 90       	elpm	r0, Z+
    74e0:	f6 91       	elpm	r31, Z
    74e2:	e0 2d       	mov	r30, r0
    74e4:	09 94       	ijmp

000074e6 <__umulhisi3>:
    74e6:	a2 9f       	mul	r26, r18
    74e8:	b0 01       	movw	r22, r0
    74ea:	b3 9f       	mul	r27, r19
    74ec:	c0 01       	movw	r24, r0
    74ee:	a3 9f       	mul	r26, r19
    74f0:	70 0d       	add	r23, r0
    74f2:	81 1d       	adc	r24, r1
    74f4:	11 24       	eor	r1, r1
    74f6:	91 1d       	adc	r25, r1
    74f8:	b2 9f       	mul	r27, r18
    74fa:	70 0d       	add	r23, r0
    74fc:	81 1d       	adc	r24, r1
    74fe:	11 24       	eor	r1, r1
    7500:	91 1d       	adc	r25, r1
    7502:	08 95       	ret

00007504 <__muluhisi3>:
    7504:	0e 94 73 3a 	call	0x74e6	; 0x74e6 <__umulhisi3>
    7508:	a5 9f       	mul	r26, r21
    750a:	90 0d       	add	r25, r0
    750c:	b4 9f       	mul	r27, r20
    750e:	90 0d       	add	r25, r0
    7510:	a4 9f       	mul	r26, r20
    7512:	80 0d       	add	r24, r0
    7514:	91 1d       	adc	r25, r1
    7516:	11 24       	eor	r1, r1
    7518:	08 95       	ret

0000751a <snprintf>:
    751a:	0f 93       	push	r16
    751c:	1f 93       	push	r17
    751e:	cf 93       	push	r28
    7520:	df 93       	push	r29
    7522:	cd b7       	in	r28, 0x3d	; 61
    7524:	de b7       	in	r29, 0x3e	; 62
    7526:	2e 97       	sbiw	r28, 0x0e	; 14
    7528:	0f b6       	in	r0, 0x3f	; 63
    752a:	f8 94       	cli
    752c:	de bf       	out	0x3e, r29	; 62
    752e:	0f be       	out	0x3f, r0	; 63
    7530:	cd bf       	out	0x3d, r28	; 61
    7532:	0d 89       	ldd	r16, Y+21	; 0x15
    7534:	1e 89       	ldd	r17, Y+22	; 0x16
    7536:	8f 89       	ldd	r24, Y+23	; 0x17
    7538:	98 8d       	ldd	r25, Y+24	; 0x18
    753a:	26 e0       	ldi	r18, 0x06	; 6
    753c:	2c 83       	std	Y+4, r18	; 0x04
    753e:	1a 83       	std	Y+2, r17	; 0x02
    7540:	09 83       	std	Y+1, r16	; 0x01
    7542:	97 ff       	sbrs	r25, 7
    7544:	02 c0       	rjmp	.+4      	; 0x754a <snprintf+0x30>
    7546:	80 e0       	ldi	r24, 0x00	; 0
    7548:	90 e8       	ldi	r25, 0x80	; 128
    754a:	01 97       	sbiw	r24, 0x01	; 1
    754c:	9e 83       	std	Y+6, r25	; 0x06
    754e:	8d 83       	std	Y+5, r24	; 0x05
    7550:	ae 01       	movw	r20, r28
    7552:	45 5e       	subi	r20, 0xE5	; 229
    7554:	5f 4f       	sbci	r21, 0xFF	; 255
    7556:	69 8d       	ldd	r22, Y+25	; 0x19
    7558:	7a 8d       	ldd	r23, Y+26	; 0x1a
    755a:	ce 01       	movw	r24, r28
    755c:	01 96       	adiw	r24, 0x01	; 1
    755e:	0e 94 ca 3a 	call	0x7594	; 0x7594 <vfprintf>
    7562:	4d 81       	ldd	r20, Y+5	; 0x05
    7564:	5e 81       	ldd	r21, Y+6	; 0x06
    7566:	57 fd       	sbrc	r21, 7
    7568:	0a c0       	rjmp	.+20     	; 0x757e <snprintf+0x64>
    756a:	2f 81       	ldd	r18, Y+7	; 0x07
    756c:	38 85       	ldd	r19, Y+8	; 0x08
    756e:	42 17       	cp	r20, r18
    7570:	53 07       	cpc	r21, r19
    7572:	0c f4       	brge	.+2      	; 0x7576 <snprintf+0x5c>
    7574:	9a 01       	movw	r18, r20
    7576:	02 0f       	add	r16, r18
    7578:	13 1f       	adc	r17, r19
    757a:	f8 01       	movw	r30, r16
    757c:	10 82       	st	Z, r1
    757e:	2e 96       	adiw	r28, 0x0e	; 14
    7580:	0f b6       	in	r0, 0x3f	; 63
    7582:	f8 94       	cli
    7584:	de bf       	out	0x3e, r29	; 62
    7586:	0f be       	out	0x3f, r0	; 63
    7588:	cd bf       	out	0x3d, r28	; 61
    758a:	df 91       	pop	r29
    758c:	cf 91       	pop	r28
    758e:	1f 91       	pop	r17
    7590:	0f 91       	pop	r16
    7592:	08 95       	ret

00007594 <vfprintf>:
    7594:	2f 92       	push	r2
    7596:	3f 92       	push	r3
    7598:	4f 92       	push	r4
    759a:	5f 92       	push	r5
    759c:	6f 92       	push	r6
    759e:	7f 92       	push	r7
    75a0:	8f 92       	push	r8
    75a2:	9f 92       	push	r9
    75a4:	af 92       	push	r10
    75a6:	bf 92       	push	r11
    75a8:	cf 92       	push	r12
    75aa:	df 92       	push	r13
    75ac:	ef 92       	push	r14
    75ae:	ff 92       	push	r15
    75b0:	0f 93       	push	r16
    75b2:	1f 93       	push	r17
    75b4:	cf 93       	push	r28
    75b6:	df 93       	push	r29
    75b8:	cd b7       	in	r28, 0x3d	; 61
    75ba:	de b7       	in	r29, 0x3e	; 62
    75bc:	2b 97       	sbiw	r28, 0x0b	; 11
    75be:	0f b6       	in	r0, 0x3f	; 63
    75c0:	f8 94       	cli
    75c2:	de bf       	out	0x3e, r29	; 62
    75c4:	0f be       	out	0x3f, r0	; 63
    75c6:	cd bf       	out	0x3d, r28	; 61
    75c8:	7c 01       	movw	r14, r24
    75ca:	3b 01       	movw	r6, r22
    75cc:	8a 01       	movw	r16, r20
    75ce:	fc 01       	movw	r30, r24
    75d0:	17 82       	std	Z+7, r1	; 0x07
    75d2:	16 82       	std	Z+6, r1	; 0x06
    75d4:	83 81       	ldd	r24, Z+3	; 0x03
    75d6:	81 ff       	sbrs	r24, 1
    75d8:	dd c1       	rjmp	.+954    	; 0x7994 <vfprintf+0x400>
    75da:	ce 01       	movw	r24, r28
    75dc:	01 96       	adiw	r24, 0x01	; 1
    75de:	5c 01       	movw	r10, r24
    75e0:	f7 01       	movw	r30, r14
    75e2:	93 81       	ldd	r25, Z+3	; 0x03
    75e4:	f3 01       	movw	r30, r6
    75e6:	93 fd       	sbrc	r25, 3
    75e8:	85 91       	lpm	r24, Z+
    75ea:	93 ff       	sbrs	r25, 3
    75ec:	81 91       	ld	r24, Z+
    75ee:	3f 01       	movw	r6, r30
    75f0:	88 23       	and	r24, r24
    75f2:	09 f4       	brne	.+2      	; 0x75f6 <vfprintf+0x62>
    75f4:	53 c1       	rjmp	.+678    	; 0x789c <vfprintf+0x308>
    75f6:	85 32       	cpi	r24, 0x25	; 37
    75f8:	39 f4       	brne	.+14     	; 0x7608 <vfprintf+0x74>
    75fa:	93 fd       	sbrc	r25, 3
    75fc:	85 91       	lpm	r24, Z+
    75fe:	93 ff       	sbrs	r25, 3
    7600:	81 91       	ld	r24, Z+
    7602:	3f 01       	movw	r6, r30
    7604:	85 32       	cpi	r24, 0x25	; 37
    7606:	29 f4       	brne	.+10     	; 0x7612 <vfprintf+0x7e>
    7608:	b7 01       	movw	r22, r14
    760a:	90 e0       	ldi	r25, 0x00	; 0
    760c:	0e 94 e3 3c 	call	0x79c6	; 0x79c6 <fputc>
    7610:	e7 cf       	rjmp	.-50     	; 0x75e0 <vfprintf+0x4c>
    7612:	91 2c       	mov	r9, r1
    7614:	21 2c       	mov	r2, r1
    7616:	31 2c       	mov	r3, r1
    7618:	ff e1       	ldi	r31, 0x1F	; 31
    761a:	f3 15       	cp	r31, r3
    761c:	38 f0       	brcs	.+14     	; 0x762c <vfprintf+0x98>
    761e:	8b 32       	cpi	r24, 0x2B	; 43
    7620:	11 f1       	breq	.+68     	; 0x7666 <vfprintf+0xd2>
    7622:	90 f4       	brcc	.+36     	; 0x7648 <vfprintf+0xb4>
    7624:	80 32       	cpi	r24, 0x20	; 32
    7626:	09 f1       	breq	.+66     	; 0x766a <vfprintf+0xd6>
    7628:	83 32       	cpi	r24, 0x23	; 35
    762a:	29 f1       	breq	.+74     	; 0x7676 <vfprintf+0xe2>
    762c:	37 fc       	sbrc	r3, 7
    762e:	3c c0       	rjmp	.+120    	; 0x76a8 <vfprintf+0x114>
    7630:	20 ed       	ldi	r18, 0xD0	; 208
    7632:	28 0f       	add	r18, r24
    7634:	2a 30       	cpi	r18, 0x0A	; 10
    7636:	50 f5       	brcc	.+84     	; 0x768c <vfprintf+0xf8>
    7638:	36 fe       	sbrs	r3, 6
    763a:	20 c0       	rjmp	.+64     	; 0x767c <vfprintf+0xe8>
    763c:	8a e0       	ldi	r24, 0x0A	; 10
    763e:	98 9e       	mul	r9, r24
    7640:	20 0d       	add	r18, r0
    7642:	11 24       	eor	r1, r1
    7644:	92 2e       	mov	r9, r18
    7646:	06 c0       	rjmp	.+12     	; 0x7654 <vfprintf+0xc0>
    7648:	8d 32       	cpi	r24, 0x2D	; 45
    764a:	91 f0       	breq	.+36     	; 0x7670 <vfprintf+0xdc>
    764c:	80 33       	cpi	r24, 0x30	; 48
    764e:	71 f7       	brne	.-36     	; 0x762c <vfprintf+0x98>
    7650:	68 94       	set
    7652:	30 f8       	bld	r3, 0
    7654:	f3 01       	movw	r30, r6
    7656:	93 fd       	sbrc	r25, 3
    7658:	85 91       	lpm	r24, Z+
    765a:	93 ff       	sbrs	r25, 3
    765c:	81 91       	ld	r24, Z+
    765e:	3f 01       	movw	r6, r30
    7660:	81 11       	cpse	r24, r1
    7662:	da cf       	rjmp	.-76     	; 0x7618 <vfprintf+0x84>
    7664:	21 c0       	rjmp	.+66     	; 0x76a8 <vfprintf+0x114>
    7666:	68 94       	set
    7668:	31 f8       	bld	r3, 1
    766a:	68 94       	set
    766c:	32 f8       	bld	r3, 2
    766e:	f2 cf       	rjmp	.-28     	; 0x7654 <vfprintf+0xc0>
    7670:	68 94       	set
    7672:	33 f8       	bld	r3, 3
    7674:	ef cf       	rjmp	.-34     	; 0x7654 <vfprintf+0xc0>
    7676:	68 94       	set
    7678:	34 f8       	bld	r3, 4
    767a:	ec cf       	rjmp	.-40     	; 0x7654 <vfprintf+0xc0>
    767c:	ea e0       	ldi	r30, 0x0A	; 10
    767e:	2e 9e       	mul	r2, r30
    7680:	20 0d       	add	r18, r0
    7682:	11 24       	eor	r1, r1
    7684:	22 2e       	mov	r2, r18
    7686:	68 94       	set
    7688:	35 f8       	bld	r3, 5
    768a:	e4 cf       	rjmp	.-56     	; 0x7654 <vfprintf+0xc0>
    768c:	8e 32       	cpi	r24, 0x2E	; 46
    768e:	29 f4       	brne	.+10     	; 0x769a <vfprintf+0x106>
    7690:	36 fc       	sbrc	r3, 6
    7692:	04 c1       	rjmp	.+520    	; 0x789c <vfprintf+0x308>
    7694:	68 94       	set
    7696:	36 f8       	bld	r3, 6
    7698:	dd cf       	rjmp	.-70     	; 0x7654 <vfprintf+0xc0>
    769a:	8c 36       	cpi	r24, 0x6C	; 108
    769c:	19 f4       	brne	.+6      	; 0x76a4 <vfprintf+0x110>
    769e:	68 94       	set
    76a0:	37 f8       	bld	r3, 7
    76a2:	d8 cf       	rjmp	.-80     	; 0x7654 <vfprintf+0xc0>
    76a4:	88 36       	cpi	r24, 0x68	; 104
    76a6:	b1 f2       	breq	.-84     	; 0x7654 <vfprintf+0xc0>
    76a8:	98 2f       	mov	r25, r24
    76aa:	9f 7d       	andi	r25, 0xDF	; 223
    76ac:	95 54       	subi	r25, 0x45	; 69
    76ae:	93 30       	cpi	r25, 0x03	; 3
    76b0:	e0 f0       	brcs	.+56     	; 0x76ea <vfprintf+0x156>
    76b2:	83 36       	cpi	r24, 0x63	; 99
    76b4:	a1 f1       	breq	.+104    	; 0x771e <vfprintf+0x18a>
    76b6:	83 37       	cpi	r24, 0x73	; 115
    76b8:	c1 f1       	breq	.+112    	; 0x772a <vfprintf+0x196>
    76ba:	83 35       	cpi	r24, 0x53	; 83
    76bc:	09 f0       	breq	.+2      	; 0x76c0 <vfprintf+0x12c>
    76be:	63 c0       	rjmp	.+198    	; 0x7786 <vfprintf+0x1f2>
    76c0:	28 01       	movw	r4, r16
    76c2:	f2 e0       	ldi	r31, 0x02	; 2
    76c4:	4f 0e       	add	r4, r31
    76c6:	51 1c       	adc	r5, r1
    76c8:	f8 01       	movw	r30, r16
    76ca:	c0 80       	ld	r12, Z
    76cc:	d1 80       	ldd	r13, Z+1	; 0x01
    76ce:	69 2d       	mov	r22, r9
    76d0:	70 e0       	ldi	r23, 0x00	; 0
    76d2:	36 fc       	sbrc	r3, 6
    76d4:	02 c0       	rjmp	.+4      	; 0x76da <vfprintf+0x146>
    76d6:	6f ef       	ldi	r22, 0xFF	; 255
    76d8:	7f ef       	ldi	r23, 0xFF	; 255
    76da:	c6 01       	movw	r24, r12
    76dc:	0e 94 cd 3c 	call	0x799a	; 0x799a <strnlen_P>
    76e0:	4c 01       	movw	r8, r24
    76e2:	68 94       	set
    76e4:	37 f8       	bld	r3, 7
    76e6:	82 01       	movw	r16, r4
    76e8:	0a c0       	rjmp	.+20     	; 0x76fe <vfprintf+0x16a>
    76ea:	0c 5f       	subi	r16, 0xFC	; 252
    76ec:	1f 4f       	sbci	r17, 0xFF	; 255
    76ee:	ff e3       	ldi	r31, 0x3F	; 63
    76f0:	f9 83       	std	Y+1, r31	; 0x01
    76f2:	88 24       	eor	r8, r8
    76f4:	83 94       	inc	r8
    76f6:	91 2c       	mov	r9, r1
    76f8:	65 01       	movw	r12, r10
    76fa:	e8 94       	clt
    76fc:	37 f8       	bld	r3, 7
    76fe:	33 fe       	sbrs	r3, 3
    7700:	2d c0       	rjmp	.+90     	; 0x775c <vfprintf+0x1c8>
    7702:	52 2c       	mov	r5, r2
    7704:	81 14       	cp	r8, r1
    7706:	91 04       	cpc	r9, r1
    7708:	71 f5       	brne	.+92     	; 0x7766 <vfprintf+0x1d2>
    770a:	55 20       	and	r5, r5
    770c:	09 f4       	brne	.+2      	; 0x7710 <vfprintf+0x17c>
    770e:	68 cf       	rjmp	.-304    	; 0x75e0 <vfprintf+0x4c>
    7710:	b7 01       	movw	r22, r14
    7712:	80 e2       	ldi	r24, 0x20	; 32
    7714:	90 e0       	ldi	r25, 0x00	; 0
    7716:	0e 94 e3 3c 	call	0x79c6	; 0x79c6 <fputc>
    771a:	5a 94       	dec	r5
    771c:	f6 cf       	rjmp	.-20     	; 0x770a <vfprintf+0x176>
    771e:	f8 01       	movw	r30, r16
    7720:	80 81       	ld	r24, Z
    7722:	89 83       	std	Y+1, r24	; 0x01
    7724:	0e 5f       	subi	r16, 0xFE	; 254
    7726:	1f 4f       	sbci	r17, 0xFF	; 255
    7728:	e4 cf       	rjmp	.-56     	; 0x76f2 <vfprintf+0x15e>
    772a:	28 01       	movw	r4, r16
    772c:	f2 e0       	ldi	r31, 0x02	; 2
    772e:	4f 0e       	add	r4, r31
    7730:	51 1c       	adc	r5, r1
    7732:	f8 01       	movw	r30, r16
    7734:	c0 80       	ld	r12, Z
    7736:	d1 80       	ldd	r13, Z+1	; 0x01
    7738:	69 2d       	mov	r22, r9
    773a:	70 e0       	ldi	r23, 0x00	; 0
    773c:	36 fc       	sbrc	r3, 6
    773e:	02 c0       	rjmp	.+4      	; 0x7744 <vfprintf+0x1b0>
    7740:	6f ef       	ldi	r22, 0xFF	; 255
    7742:	7f ef       	ldi	r23, 0xFF	; 255
    7744:	c6 01       	movw	r24, r12
    7746:	0e 94 d8 3c 	call	0x79b0	; 0x79b0 <strnlen>
    774a:	4c 01       	movw	r8, r24
    774c:	82 01       	movw	r16, r4
    774e:	d5 cf       	rjmp	.-86     	; 0x76fa <vfprintf+0x166>
    7750:	b7 01       	movw	r22, r14
    7752:	80 e2       	ldi	r24, 0x20	; 32
    7754:	90 e0       	ldi	r25, 0x00	; 0
    7756:	0e 94 e3 3c 	call	0x79c6	; 0x79c6 <fputc>
    775a:	2a 94       	dec	r2
    775c:	28 14       	cp	r2, r8
    775e:	19 04       	cpc	r1, r9
    7760:	09 f0       	breq	.+2      	; 0x7764 <vfprintf+0x1d0>
    7762:	b0 f7       	brcc	.-20     	; 0x7750 <vfprintf+0x1bc>
    7764:	ce cf       	rjmp	.-100    	; 0x7702 <vfprintf+0x16e>
    7766:	f6 01       	movw	r30, r12
    7768:	37 fc       	sbrc	r3, 7
    776a:	85 91       	lpm	r24, Z+
    776c:	37 fe       	sbrs	r3, 7
    776e:	81 91       	ld	r24, Z+
    7770:	6f 01       	movw	r12, r30
    7772:	b7 01       	movw	r22, r14
    7774:	90 e0       	ldi	r25, 0x00	; 0
    7776:	0e 94 e3 3c 	call	0x79c6	; 0x79c6 <fputc>
    777a:	51 10       	cpse	r5, r1
    777c:	5a 94       	dec	r5
    777e:	f1 e0       	ldi	r31, 0x01	; 1
    7780:	8f 1a       	sub	r8, r31
    7782:	91 08       	sbc	r9, r1
    7784:	bf cf       	rjmp	.-130    	; 0x7704 <vfprintf+0x170>
    7786:	84 36       	cpi	r24, 0x64	; 100
    7788:	19 f0       	breq	.+6      	; 0x7790 <vfprintf+0x1fc>
    778a:	89 36       	cpi	r24, 0x69	; 105
    778c:	09 f0       	breq	.+2      	; 0x7790 <vfprintf+0x1fc>
    778e:	77 c0       	rjmp	.+238    	; 0x787e <vfprintf+0x2ea>
    7790:	f8 01       	movw	r30, r16
    7792:	37 fe       	sbrs	r3, 7
    7794:	6b c0       	rjmp	.+214    	; 0x786c <vfprintf+0x2d8>
    7796:	60 81       	ld	r22, Z
    7798:	71 81       	ldd	r23, Z+1	; 0x01
    779a:	82 81       	ldd	r24, Z+2	; 0x02
    779c:	93 81       	ldd	r25, Z+3	; 0x03
    779e:	0c 5f       	subi	r16, 0xFC	; 252
    77a0:	1f 4f       	sbci	r17, 0xFF	; 255
    77a2:	f3 2d       	mov	r31, r3
    77a4:	ff 76       	andi	r31, 0x6F	; 111
    77a6:	3f 2e       	mov	r3, r31
    77a8:	97 ff       	sbrs	r25, 7
    77aa:	09 c0       	rjmp	.+18     	; 0x77be <vfprintf+0x22a>
    77ac:	90 95       	com	r25
    77ae:	80 95       	com	r24
    77b0:	70 95       	com	r23
    77b2:	61 95       	neg	r22
    77b4:	7f 4f       	sbci	r23, 0xFF	; 255
    77b6:	8f 4f       	sbci	r24, 0xFF	; 255
    77b8:	9f 4f       	sbci	r25, 0xFF	; 255
    77ba:	68 94       	set
    77bc:	37 f8       	bld	r3, 7
    77be:	2a e0       	ldi	r18, 0x0A	; 10
    77c0:	30 e0       	ldi	r19, 0x00	; 0
    77c2:	a5 01       	movw	r20, r10
    77c4:	0e 94 13 3d 	call	0x7a26	; 0x7a26 <__ultoa_invert>
    77c8:	c8 2e       	mov	r12, r24
    77ca:	ca 18       	sub	r12, r10
    77cc:	8c 2c       	mov	r8, r12
    77ce:	43 2c       	mov	r4, r3
    77d0:	36 fe       	sbrs	r3, 6
    77d2:	0c c0       	rjmp	.+24     	; 0x77ec <vfprintf+0x258>
    77d4:	e8 94       	clt
    77d6:	40 f8       	bld	r4, 0
    77d8:	c9 14       	cp	r12, r9
    77da:	40 f4       	brcc	.+16     	; 0x77ec <vfprintf+0x258>
    77dc:	34 fe       	sbrs	r3, 4
    77de:	05 c0       	rjmp	.+10     	; 0x77ea <vfprintf+0x256>
    77e0:	32 fc       	sbrc	r3, 2
    77e2:	03 c0       	rjmp	.+6      	; 0x77ea <vfprintf+0x256>
    77e4:	f3 2d       	mov	r31, r3
    77e6:	fe 7e       	andi	r31, 0xEE	; 238
    77e8:	4f 2e       	mov	r4, r31
    77ea:	89 2c       	mov	r8, r9
    77ec:	44 fe       	sbrs	r4, 4
    77ee:	aa c0       	rjmp	.+340    	; 0x7944 <vfprintf+0x3b0>
    77f0:	fe 01       	movw	r30, r28
    77f2:	ec 0d       	add	r30, r12
    77f4:	f1 1d       	adc	r31, r1
    77f6:	80 81       	ld	r24, Z
    77f8:	80 33       	cpi	r24, 0x30	; 48
    77fa:	09 f0       	breq	.+2      	; 0x77fe <vfprintf+0x26a>
    77fc:	9c c0       	rjmp	.+312    	; 0x7936 <vfprintf+0x3a2>
    77fe:	24 2d       	mov	r18, r4
    7800:	29 7e       	andi	r18, 0xE9	; 233
    7802:	42 2e       	mov	r4, r18
    7804:	84 2d       	mov	r24, r4
    7806:	88 70       	andi	r24, 0x08	; 8
    7808:	58 2e       	mov	r5, r24
    780a:	43 fc       	sbrc	r4, 3
    780c:	aa c0       	rjmp	.+340    	; 0x7962 <vfprintf+0x3ce>
    780e:	40 fe       	sbrs	r4, 0
    7810:	a4 c0       	rjmp	.+328    	; 0x795a <vfprintf+0x3c6>
    7812:	9c 2c       	mov	r9, r12
    7814:	82 14       	cp	r8, r2
    7816:	18 f4       	brcc	.+6      	; 0x781e <vfprintf+0x28a>
    7818:	2c 0c       	add	r2, r12
    781a:	92 2c       	mov	r9, r2
    781c:	98 18       	sub	r9, r8
    781e:	44 fe       	sbrs	r4, 4
    7820:	a6 c0       	rjmp	.+332    	; 0x796e <vfprintf+0x3da>
    7822:	b7 01       	movw	r22, r14
    7824:	80 e3       	ldi	r24, 0x30	; 48
    7826:	90 e0       	ldi	r25, 0x00	; 0
    7828:	0e 94 e3 3c 	call	0x79c6	; 0x79c6 <fputc>
    782c:	42 fe       	sbrs	r4, 2
    782e:	09 c0       	rjmp	.+18     	; 0x7842 <vfprintf+0x2ae>
    7830:	88 e7       	ldi	r24, 0x78	; 120
    7832:	90 e0       	ldi	r25, 0x00	; 0
    7834:	41 fe       	sbrs	r4, 1
    7836:	02 c0       	rjmp	.+4      	; 0x783c <vfprintf+0x2a8>
    7838:	88 e5       	ldi	r24, 0x58	; 88
    783a:	90 e0       	ldi	r25, 0x00	; 0
    783c:	b7 01       	movw	r22, r14
    783e:	0e 94 e3 3c 	call	0x79c6	; 0x79c6 <fputc>
    7842:	c9 14       	cp	r12, r9
    7844:	08 f4       	brcc	.+2      	; 0x7848 <vfprintf+0x2b4>
    7846:	9f c0       	rjmp	.+318    	; 0x7986 <vfprintf+0x3f2>
    7848:	ca 94       	dec	r12
    784a:	d1 2c       	mov	r13, r1
    784c:	9f ef       	ldi	r25, 0xFF	; 255
    784e:	c9 1a       	sub	r12, r25
    7850:	d9 0a       	sbc	r13, r25
    7852:	ca 0c       	add	r12, r10
    7854:	db 1c       	adc	r13, r11
    7856:	f6 01       	movw	r30, r12
    7858:	82 91       	ld	r24, -Z
    785a:	6f 01       	movw	r12, r30
    785c:	b7 01       	movw	r22, r14
    785e:	90 e0       	ldi	r25, 0x00	; 0
    7860:	0e 94 e3 3c 	call	0x79c6	; 0x79c6 <fputc>
    7864:	ac 14       	cp	r10, r12
    7866:	bd 04       	cpc	r11, r13
    7868:	b1 f7       	brne	.-20     	; 0x7856 <vfprintf+0x2c2>
    786a:	4f cf       	rjmp	.-354    	; 0x770a <vfprintf+0x176>
    786c:	60 81       	ld	r22, Z
    786e:	71 81       	ldd	r23, Z+1	; 0x01
    7870:	07 2e       	mov	r0, r23
    7872:	00 0c       	add	r0, r0
    7874:	88 0b       	sbc	r24, r24
    7876:	99 0b       	sbc	r25, r25
    7878:	0e 5f       	subi	r16, 0xFE	; 254
    787a:	1f 4f       	sbci	r17, 0xFF	; 255
    787c:	92 cf       	rjmp	.-220    	; 0x77a2 <vfprintf+0x20e>
    787e:	d3 2c       	mov	r13, r3
    7880:	e8 94       	clt
    7882:	d4 f8       	bld	r13, 4
    7884:	2a e0       	ldi	r18, 0x0A	; 10
    7886:	30 e0       	ldi	r19, 0x00	; 0
    7888:	85 37       	cpi	r24, 0x75	; 117
    788a:	e1 f1       	breq	.+120    	; 0x7904 <vfprintf+0x370>
    788c:	23 2d       	mov	r18, r3
    788e:	29 7f       	andi	r18, 0xF9	; 249
    7890:	d2 2e       	mov	r13, r18
    7892:	8f 36       	cpi	r24, 0x6F	; 111
    7894:	a9 f1       	breq	.+106    	; 0x7900 <vfprintf+0x36c>
    7896:	f0 f4       	brcc	.+60     	; 0x78d4 <vfprintf+0x340>
    7898:	88 35       	cpi	r24, 0x58	; 88
    789a:	51 f1       	breq	.+84     	; 0x78f0 <vfprintf+0x35c>
    789c:	f7 01       	movw	r30, r14
    789e:	86 81       	ldd	r24, Z+6	; 0x06
    78a0:	97 81       	ldd	r25, Z+7	; 0x07
    78a2:	2b 96       	adiw	r28, 0x0b	; 11
    78a4:	0f b6       	in	r0, 0x3f	; 63
    78a6:	f8 94       	cli
    78a8:	de bf       	out	0x3e, r29	; 62
    78aa:	0f be       	out	0x3f, r0	; 63
    78ac:	cd bf       	out	0x3d, r28	; 61
    78ae:	df 91       	pop	r29
    78b0:	cf 91       	pop	r28
    78b2:	1f 91       	pop	r17
    78b4:	0f 91       	pop	r16
    78b6:	ff 90       	pop	r15
    78b8:	ef 90       	pop	r14
    78ba:	df 90       	pop	r13
    78bc:	cf 90       	pop	r12
    78be:	bf 90       	pop	r11
    78c0:	af 90       	pop	r10
    78c2:	9f 90       	pop	r9
    78c4:	8f 90       	pop	r8
    78c6:	7f 90       	pop	r7
    78c8:	6f 90       	pop	r6
    78ca:	5f 90       	pop	r5
    78cc:	4f 90       	pop	r4
    78ce:	3f 90       	pop	r3
    78d0:	2f 90       	pop	r2
    78d2:	08 95       	ret
    78d4:	80 37       	cpi	r24, 0x70	; 112
    78d6:	49 f0       	breq	.+18     	; 0x78ea <vfprintf+0x356>
    78d8:	88 37       	cpi	r24, 0x78	; 120
    78da:	01 f7       	brne	.-64     	; 0x789c <vfprintf+0x308>
    78dc:	d4 fe       	sbrs	r13, 4
    78de:	02 c0       	rjmp	.+4      	; 0x78e4 <vfprintf+0x350>
    78e0:	68 94       	set
    78e2:	d2 f8       	bld	r13, 2
    78e4:	20 e1       	ldi	r18, 0x10	; 16
    78e6:	30 e0       	ldi	r19, 0x00	; 0
    78e8:	0d c0       	rjmp	.+26     	; 0x7904 <vfprintf+0x370>
    78ea:	68 94       	set
    78ec:	d4 f8       	bld	r13, 4
    78ee:	f6 cf       	rjmp	.-20     	; 0x78dc <vfprintf+0x348>
    78f0:	34 fe       	sbrs	r3, 4
    78f2:	03 c0       	rjmp	.+6      	; 0x78fa <vfprintf+0x366>
    78f4:	82 2f       	mov	r24, r18
    78f6:	86 60       	ori	r24, 0x06	; 6
    78f8:	d8 2e       	mov	r13, r24
    78fa:	20 e1       	ldi	r18, 0x10	; 16
    78fc:	32 e0       	ldi	r19, 0x02	; 2
    78fe:	02 c0       	rjmp	.+4      	; 0x7904 <vfprintf+0x370>
    7900:	28 e0       	ldi	r18, 0x08	; 8
    7902:	30 e0       	ldi	r19, 0x00	; 0
    7904:	f8 01       	movw	r30, r16
    7906:	d7 fe       	sbrs	r13, 7
    7908:	0f c0       	rjmp	.+30     	; 0x7928 <vfprintf+0x394>
    790a:	60 81       	ld	r22, Z
    790c:	71 81       	ldd	r23, Z+1	; 0x01
    790e:	82 81       	ldd	r24, Z+2	; 0x02
    7910:	93 81       	ldd	r25, Z+3	; 0x03
    7912:	0c 5f       	subi	r16, 0xFC	; 252
    7914:	1f 4f       	sbci	r17, 0xFF	; 255
    7916:	a5 01       	movw	r20, r10
    7918:	0e 94 13 3d 	call	0x7a26	; 0x7a26 <__ultoa_invert>
    791c:	c8 2e       	mov	r12, r24
    791e:	ca 18       	sub	r12, r10
    7920:	3d 2c       	mov	r3, r13
    7922:	e8 94       	clt
    7924:	37 f8       	bld	r3, 7
    7926:	52 cf       	rjmp	.-348    	; 0x77cc <vfprintf+0x238>
    7928:	60 81       	ld	r22, Z
    792a:	71 81       	ldd	r23, Z+1	; 0x01
    792c:	90 e0       	ldi	r25, 0x00	; 0
    792e:	80 e0       	ldi	r24, 0x00	; 0
    7930:	0e 5f       	subi	r16, 0xFE	; 254
    7932:	1f 4f       	sbci	r17, 0xFF	; 255
    7934:	f0 cf       	rjmp	.-32     	; 0x7916 <vfprintf+0x382>
    7936:	42 fc       	sbrc	r4, 2
    7938:	02 c0       	rjmp	.+4      	; 0x793e <vfprintf+0x3aa>
    793a:	83 94       	inc	r8
    793c:	63 cf       	rjmp	.-314    	; 0x7804 <vfprintf+0x270>
    793e:	83 94       	inc	r8
    7940:	83 94       	inc	r8
    7942:	60 cf       	rjmp	.-320    	; 0x7804 <vfprintf+0x270>
    7944:	84 2d       	mov	r24, r4
    7946:	86 78       	andi	r24, 0x86	; 134
    7948:	09 f4       	brne	.+2      	; 0x794c <vfprintf+0x3b8>
    794a:	5c cf       	rjmp	.-328    	; 0x7804 <vfprintf+0x270>
    794c:	f6 cf       	rjmp	.-20     	; 0x793a <vfprintf+0x3a6>
    794e:	b7 01       	movw	r22, r14
    7950:	80 e2       	ldi	r24, 0x20	; 32
    7952:	90 e0       	ldi	r25, 0x00	; 0
    7954:	0e 94 e3 3c 	call	0x79c6	; 0x79c6 <fputc>
    7958:	83 94       	inc	r8
    795a:	82 14       	cp	r8, r2
    795c:	c0 f3       	brcs	.-16     	; 0x794e <vfprintf+0x3ba>
    795e:	51 2c       	mov	r5, r1
    7960:	5e cf       	rjmp	.-324    	; 0x781e <vfprintf+0x28a>
    7962:	52 2c       	mov	r5, r2
    7964:	58 18       	sub	r5, r8
    7966:	82 14       	cp	r8, r2
    7968:	08 f4       	brcc	.+2      	; 0x796c <vfprintf+0x3d8>
    796a:	59 cf       	rjmp	.-334    	; 0x781e <vfprintf+0x28a>
    796c:	f8 cf       	rjmp	.-16     	; 0x795e <vfprintf+0x3ca>
    796e:	84 2d       	mov	r24, r4
    7970:	86 78       	andi	r24, 0x86	; 134
    7972:	09 f4       	brne	.+2      	; 0x7976 <vfprintf+0x3e2>
    7974:	66 cf       	rjmp	.-308    	; 0x7842 <vfprintf+0x2ae>
    7976:	8b e2       	ldi	r24, 0x2B	; 43
    7978:	41 fe       	sbrs	r4, 1
    797a:	80 e2       	ldi	r24, 0x20	; 32
    797c:	47 fc       	sbrc	r4, 7
    797e:	8d e2       	ldi	r24, 0x2D	; 45
    7980:	b7 01       	movw	r22, r14
    7982:	90 e0       	ldi	r25, 0x00	; 0
    7984:	5c cf       	rjmp	.-328    	; 0x783e <vfprintf+0x2aa>
    7986:	b7 01       	movw	r22, r14
    7988:	80 e3       	ldi	r24, 0x30	; 48
    798a:	90 e0       	ldi	r25, 0x00	; 0
    798c:	0e 94 e3 3c 	call	0x79c6	; 0x79c6 <fputc>
    7990:	9a 94       	dec	r9
    7992:	57 cf       	rjmp	.-338    	; 0x7842 <vfprintf+0x2ae>
    7994:	8f ef       	ldi	r24, 0xFF	; 255
    7996:	9f ef       	ldi	r25, 0xFF	; 255
    7998:	84 cf       	rjmp	.-248    	; 0x78a2 <vfprintf+0x30e>

0000799a <strnlen_P>:
    799a:	fc 01       	movw	r30, r24
    799c:	05 90       	lpm	r0, Z+
    799e:	61 50       	subi	r22, 0x01	; 1
    79a0:	70 40       	sbci	r23, 0x00	; 0
    79a2:	01 10       	cpse	r0, r1
    79a4:	d8 f7       	brcc	.-10     	; 0x799c <strnlen_P+0x2>
    79a6:	80 95       	com	r24
    79a8:	90 95       	com	r25
    79aa:	8e 0f       	add	r24, r30
    79ac:	9f 1f       	adc	r25, r31
    79ae:	08 95       	ret

000079b0 <strnlen>:
    79b0:	fc 01       	movw	r30, r24
    79b2:	61 50       	subi	r22, 0x01	; 1
    79b4:	70 40       	sbci	r23, 0x00	; 0
    79b6:	01 90       	ld	r0, Z+
    79b8:	01 10       	cpse	r0, r1
    79ba:	d8 f7       	brcc	.-10     	; 0x79b2 <strnlen+0x2>
    79bc:	80 95       	com	r24
    79be:	90 95       	com	r25
    79c0:	8e 0f       	add	r24, r30
    79c2:	9f 1f       	adc	r25, r31
    79c4:	08 95       	ret

000079c6 <fputc>:
    79c6:	0f 93       	push	r16
    79c8:	1f 93       	push	r17
    79ca:	cf 93       	push	r28
    79cc:	df 93       	push	r29
    79ce:	18 2f       	mov	r17, r24
    79d0:	09 2f       	mov	r16, r25
    79d2:	eb 01       	movw	r28, r22
    79d4:	8b 81       	ldd	r24, Y+3	; 0x03
    79d6:	81 fd       	sbrc	r24, 1
    79d8:	09 c0       	rjmp	.+18     	; 0x79ec <fputc+0x26>
    79da:	1f ef       	ldi	r17, 0xFF	; 255
    79dc:	0f ef       	ldi	r16, 0xFF	; 255
    79de:	81 2f       	mov	r24, r17
    79e0:	90 2f       	mov	r25, r16
    79e2:	df 91       	pop	r29
    79e4:	cf 91       	pop	r28
    79e6:	1f 91       	pop	r17
    79e8:	0f 91       	pop	r16
    79ea:	08 95       	ret
    79ec:	82 ff       	sbrs	r24, 2
    79ee:	14 c0       	rjmp	.+40     	; 0x7a18 <fputc+0x52>
    79f0:	2e 81       	ldd	r18, Y+6	; 0x06
    79f2:	3f 81       	ldd	r19, Y+7	; 0x07
    79f4:	8c 81       	ldd	r24, Y+4	; 0x04
    79f6:	9d 81       	ldd	r25, Y+5	; 0x05
    79f8:	28 17       	cp	r18, r24
    79fa:	39 07       	cpc	r19, r25
    79fc:	3c f4       	brge	.+14     	; 0x7a0c <fputc+0x46>
    79fe:	e8 81       	ld	r30, Y
    7a00:	f9 81       	ldd	r31, Y+1	; 0x01
    7a02:	cf 01       	movw	r24, r30
    7a04:	01 96       	adiw	r24, 0x01	; 1
    7a06:	99 83       	std	Y+1, r25	; 0x01
    7a08:	88 83       	st	Y, r24
    7a0a:	10 83       	st	Z, r17
    7a0c:	8e 81       	ldd	r24, Y+6	; 0x06
    7a0e:	9f 81       	ldd	r25, Y+7	; 0x07
    7a10:	01 96       	adiw	r24, 0x01	; 1
    7a12:	9f 83       	std	Y+7, r25	; 0x07
    7a14:	8e 83       	std	Y+6, r24	; 0x06
    7a16:	e3 cf       	rjmp	.-58     	; 0x79de <fputc+0x18>
    7a18:	e8 85       	ldd	r30, Y+8	; 0x08
    7a1a:	f9 85       	ldd	r31, Y+9	; 0x09
    7a1c:	81 2f       	mov	r24, r17
    7a1e:	09 95       	icall
    7a20:	89 2b       	or	r24, r25
    7a22:	a1 f3       	breq	.-24     	; 0x7a0c <fputc+0x46>
    7a24:	da cf       	rjmp	.-76     	; 0x79da <fputc+0x14>

00007a26 <__ultoa_invert>:
    7a26:	fa 01       	movw	r30, r20
    7a28:	aa 27       	eor	r26, r26
    7a2a:	28 30       	cpi	r18, 0x08	; 8
    7a2c:	51 f1       	breq	.+84     	; 0x7a82 <__ultoa_invert+0x5c>
    7a2e:	20 31       	cpi	r18, 0x10	; 16
    7a30:	81 f1       	breq	.+96     	; 0x7a92 <__ultoa_invert+0x6c>
    7a32:	e8 94       	clt
    7a34:	6f 93       	push	r22
    7a36:	6e 7f       	andi	r22, 0xFE	; 254
    7a38:	6e 5f       	subi	r22, 0xFE	; 254
    7a3a:	7f 4f       	sbci	r23, 0xFF	; 255
    7a3c:	8f 4f       	sbci	r24, 0xFF	; 255
    7a3e:	9f 4f       	sbci	r25, 0xFF	; 255
    7a40:	af 4f       	sbci	r26, 0xFF	; 255
    7a42:	b1 e0       	ldi	r27, 0x01	; 1
    7a44:	3e d0       	rcall	.+124    	; 0x7ac2 <__ultoa_invert+0x9c>
    7a46:	b4 e0       	ldi	r27, 0x04	; 4
    7a48:	3c d0       	rcall	.+120    	; 0x7ac2 <__ultoa_invert+0x9c>
    7a4a:	67 0f       	add	r22, r23
    7a4c:	78 1f       	adc	r23, r24
    7a4e:	89 1f       	adc	r24, r25
    7a50:	9a 1f       	adc	r25, r26
    7a52:	a1 1d       	adc	r26, r1
    7a54:	68 0f       	add	r22, r24
    7a56:	79 1f       	adc	r23, r25
    7a58:	8a 1f       	adc	r24, r26
    7a5a:	91 1d       	adc	r25, r1
    7a5c:	a1 1d       	adc	r26, r1
    7a5e:	6a 0f       	add	r22, r26
    7a60:	71 1d       	adc	r23, r1
    7a62:	81 1d       	adc	r24, r1
    7a64:	91 1d       	adc	r25, r1
    7a66:	a1 1d       	adc	r26, r1
    7a68:	20 d0       	rcall	.+64     	; 0x7aaa <__ultoa_invert+0x84>
    7a6a:	09 f4       	brne	.+2      	; 0x7a6e <__ultoa_invert+0x48>
    7a6c:	68 94       	set
    7a6e:	3f 91       	pop	r19
    7a70:	2a e0       	ldi	r18, 0x0A	; 10
    7a72:	26 9f       	mul	r18, r22
    7a74:	11 24       	eor	r1, r1
    7a76:	30 19       	sub	r19, r0
    7a78:	30 5d       	subi	r19, 0xD0	; 208
    7a7a:	31 93       	st	Z+, r19
    7a7c:	de f6       	brtc	.-74     	; 0x7a34 <__ultoa_invert+0xe>
    7a7e:	cf 01       	movw	r24, r30
    7a80:	08 95       	ret
    7a82:	46 2f       	mov	r20, r22
    7a84:	47 70       	andi	r20, 0x07	; 7
    7a86:	40 5d       	subi	r20, 0xD0	; 208
    7a88:	41 93       	st	Z+, r20
    7a8a:	b3 e0       	ldi	r27, 0x03	; 3
    7a8c:	0f d0       	rcall	.+30     	; 0x7aac <__ultoa_invert+0x86>
    7a8e:	c9 f7       	brne	.-14     	; 0x7a82 <__ultoa_invert+0x5c>
    7a90:	f6 cf       	rjmp	.-20     	; 0x7a7e <__ultoa_invert+0x58>
    7a92:	46 2f       	mov	r20, r22
    7a94:	4f 70       	andi	r20, 0x0F	; 15
    7a96:	40 5d       	subi	r20, 0xD0	; 208
    7a98:	4a 33       	cpi	r20, 0x3A	; 58
    7a9a:	18 f0       	brcs	.+6      	; 0x7aa2 <__ultoa_invert+0x7c>
    7a9c:	49 5d       	subi	r20, 0xD9	; 217
    7a9e:	31 fd       	sbrc	r19, 1
    7aa0:	40 52       	subi	r20, 0x20	; 32
    7aa2:	41 93       	st	Z+, r20
    7aa4:	02 d0       	rcall	.+4      	; 0x7aaa <__ultoa_invert+0x84>
    7aa6:	a9 f7       	brne	.-22     	; 0x7a92 <__ultoa_invert+0x6c>
    7aa8:	ea cf       	rjmp	.-44     	; 0x7a7e <__ultoa_invert+0x58>
    7aaa:	b4 e0       	ldi	r27, 0x04	; 4
    7aac:	a6 95       	lsr	r26
    7aae:	97 95       	ror	r25
    7ab0:	87 95       	ror	r24
    7ab2:	77 95       	ror	r23
    7ab4:	67 95       	ror	r22
    7ab6:	ba 95       	dec	r27
    7ab8:	c9 f7       	brne	.-14     	; 0x7aac <__ultoa_invert+0x86>
    7aba:	00 97       	sbiw	r24, 0x00	; 0
    7abc:	61 05       	cpc	r22, r1
    7abe:	71 05       	cpc	r23, r1
    7ac0:	08 95       	ret
    7ac2:	9b 01       	movw	r18, r22
    7ac4:	ac 01       	movw	r20, r24
    7ac6:	0a 2e       	mov	r0, r26
    7ac8:	06 94       	lsr	r0
    7aca:	57 95       	ror	r21
    7acc:	47 95       	ror	r20
    7ace:	37 95       	ror	r19
    7ad0:	27 95       	ror	r18
    7ad2:	ba 95       	dec	r27
    7ad4:	c9 f7       	brne	.-14     	; 0x7ac8 <__ultoa_invert+0xa2>
    7ad6:	62 0f       	add	r22, r18
    7ad8:	73 1f       	adc	r23, r19
    7ada:	84 1f       	adc	r24, r20
    7adc:	95 1f       	adc	r25, r21
    7ade:	a0 1d       	adc	r26, r0
    7ae0:	08 95       	ret

00007ae2 <_exit>:
    7ae2:	f8 94       	cli

00007ae4 <__stop_program>:
    7ae4:	ff cf       	rjmp	.-2      	; 0x7ae4 <__stop_program>
