WIDTH=16;
DEPTH=16384;
ADDRESS_RADIX=UNS;
DATA_RADIX=HEX;
CONTENT BEGIN
  0 : 940C;
  1 : 1F03;
  2 : 940C;
  3 : 1F22;
  4 : 940C;
  5 : 1F22;
  6 : 940C;
  7 : 1F22;
  8 : 940C;
  9 : 1F22;
  10 : 940C;
  11 : 1F22;
  12 : 940C;
  13 : 1F22;
  14 : 940C;
  15 : 1F22;
  16 : 940C;
  17 : 1F22;
  18 : 940C;
  19 : 1F22;
  20 : 940C;
  21 : 1F22;
  22 : 940C;
  23 : 1F22;
  24 : 940C;
  25 : 1F22;
  26 : 940C;
  27 : 1F22;
  28 : 940C;
  29 : 1F22;
  30 : 940C;
  31 : 1F22;
  32 : 940C;
  33 : 32DF;
  34 : 940C;
  35 : 1F22;
  36 : 940C;
  37 : 1F22;
  38 : 940C;
  39 : 1F22;
  40 : 940C;
  41 : 1F22;
  42 : 940C;
  43 : 1F22;
  44 : 940C;
  45 : 1F22;
  46 : 940C;
  47 : 1F22;
  48 : 940C;
  49 : 1F22;
  50 : 940C;
  51 : 1F22;
  52 : 940C;
  53 : 1F22;
  54 : 940C;
  55 : 1F22;
  56 : 940C;
  57 : 1F22;
  58 : 940C;
  59 : 1F22;
  60 : 940C;
  61 : 1F22;
  62 : 940C;
  63 : 1F22;
  64 : 940C;
  65 : 1F22;
  66 : 940C;
  67 : 1F22;
  68 : 940C;
  69 : 1F22;
  70 : 0000;
  71 : 0000;
  72 : 0000;
  73 : 0000;
  74 : 0800;
  75 : 00B9;
  76 : 07B9;
  77 : 0010;
  78 : 0000;
  79 : 0000;
  80 : 0000;
  81 : 0000;
  82 : 0000;
  83 : 0000;
  84 : 0000;
  85 : 0000;
  86 : 0000;
  87 : 0000;
  88 : 0000;
  89 : 0000;
  90 : 0000;
  91 : 0000;
  92 : A900;
  93 : 9907;
  94 : 8907;
  95 : 7907;
  96 : 6907;
  97 : 5907;
  98 : 4907;
  99 : 3907;
  100 : 2907;
  101 : 1907;
  102 : 0907;
  103 : F907;
  104 : E906;
  105 : D906;
  106 : C906;
  107 : B906;
  108 : A906;
  109 : 9906;
  110 : 8906;
  111 : 7906;
  112 : 6906;
  113 : 5906;
  114 : 4906;
  115 : 3906;
  116 : 2906;
  117 : 1906;
  118 : 0906;
  119 : F906;
  120 : E905;
  121 : D905;
  122 : C905;
  123 : B905;
  124 : A905;
  125 : 9905;
  126 : 8905;
  127 : 7905;
  128 : 6905;
  129 : 5905;
  130 : 4905;
  131 : 3905;
  132 : 2905;
  133 : 1905;
  134 : 0905;
  135 : F905;
  136 : E904;
  137 : C904;
  138 : B904;
  139 : A904;
  140 : 9904;
  141 : 8904;
  142 : 7904;
  143 : 6904;
  144 : 5904;
  145 : 4904;
  146 : 3904;
  147 : 1904;
  148 : 0904;
  149 : F904;
  150 : E903;
  151 : D903;
  152 : C903;
  153 : B903;
  154 : 9903;
  155 : 7903;
  156 : 6903;
  157 : 5903;
  158 : 4903;
  159 : 3903;
  160 : 2903;
  161 : 1903;
  162 : 0903;
  163 : F903;
  164 : E902;
  165 : D902;
  166 : C902;
  167 : B902;
  168 : A902;
  169 : 9902;
  170 : 8902;
  171 : 7902;
  172 : 6902;
  173 : 5902;
  174 : 4902;
  175 : 3902;
  176 : 2902;
  177 : 1902;
  178 : 0902;
  179 : F902;
  180 : E901;
  181 : D901;
  182 : C901;
  183 : B901;
  184 : A901;
  185 : 9901;
  186 : 8901;
  187 : 7901;
  188 : 0001;
  189 : 3000;
  190 : 4848;
  191 : 0030;
  192 : 0000;
  193 : 0000;
  194 : 0000;
  195 : 0000;
  196 : 0000;
  197 : 0000;
  198 : 4C32;
  199 : 0000;
  200 : 0000;
  201 : 0000;
  202 : 0000;
  203 : 0000;
  204 : 0000;
  205 : 2040;
  206 : 2020;
  207 : 2020;
  208 : 1020;
  209 : 2020;
  210 : 2020;
  211 : 2020;
  212 : 0040;
  213 : 4000;
  214 : 4040;
  215 : 4040;
  216 : 4040;
  217 : 4040;
  218 : 4040;
  219 : 4040;
  220 : 0000;
  221 : 2010;
  222 : 2020;
  223 : 2020;
  224 : 4020;
  225 : 2020;
  226 : 2020;
  227 : 2020;
  228 : 0010;
  229 : 0000;
  230 : 0000;
  231 : FC00;
  232 : 0804;
  233 : 4030;
  234 : FC80;
  235 : 0000;
  236 : 0000;
  237 : 0000;
  238 : 0000;
  239 : 8400;
  240 : 8484;
  241 : 8484;
  242 : 344C;
  243 : 0804;
  244 : 0070;
  245 : 0000;
  246 : 0000;
  247 : 8800;
  248 : 5088;
  249 : 5020;
  250 : 8888;
  251 : 0000;
  252 : 0000;
  253 : 0000;
  254 : 0000;
  255 : 8200;
  256 : 8282;
  257 : 9292;
  258 : 44AA;
  259 : 0000;
  260 : 0000;
  261 : 0000;
  262 : 0000;
  263 : 8200;
  264 : 8282;
  265 : 4482;
  266 : 1028;
  267 : 0000;
  268 : 0000;
  269 : 0000;
  270 : 0000;
  271 : 8400;
  272 : 8484;
  273 : 8484;
  274 : 344C;
  275 : 0000;
  276 : 0000;
  277 : 0000;
  278 : 4000;
  279 : E040;
  280 : 4040;
  281 : 4040;
  282 : 3040;
  283 : 0000;
  284 : 0000;
  285 : 0000;
  286 : 0000;
  287 : 7000;
  288 : 8088;
  289 : 0870;
  290 : 7088;
  291 : 0000;
  292 : 0000;
  293 : 0000;
  294 : 0000;
  295 : B000;
  296 : 80C8;
  297 : 8080;
  298 : 8080;
  299 : 0000;
  300 : 0000;
  301 : 0000;
  302 : 0000;
  303 : 3400;
  304 : 844C;
  305 : 8484;
  306 : 344C;
  307 : 0404;
  308 : 0006;
  309 : 0000;
  310 : 0000;
  311 : B000;
  312 : 84C8;
  313 : 8484;
  314 : B0C8;
  315 : 8080;
  316 : 0080;
  317 : 0000;
  318 : 0000;
  319 : 3800;
  320 : 8244;
  321 : 8282;
  322 : 3844;
  323 : 0000;
  324 : 0000;
  325 : 0000;
  326 : 0000;
  327 : B000;
  328 : 84C8;
  329 : 8484;
  330 : 8484;
  331 : 0000;
  332 : 0000;
  333 : 0000;
  334 : 0000;
  335 : AC00;
  336 : 92D2;
  337 : 9292;
  338 : 9292;
  339 : 0000;
  340 : 0000;
  341 : 0000;
  342 : 40C0;
  343 : 4040;
  344 : 4040;
  345 : 4040;
  346 : 4040;
  347 : 0000;
  348 : 0000;
  349 : 0000;
  350 : 8080;
  351 : 8880;
  352 : A090;
  353 : A0C0;
  354 : 8890;
  355 : 0000;
  356 : 0000;
  357 : 0000;
  358 : 1000;
  359 : 3000;
  360 : 1010;
  361 : 1010;
  362 : 1010;
  363 : 9010;
  364 : 0060;
  365 : 0000;
  366 : 4000;
  367 : 4000;
  368 : 4040;
  369 : 4040;
  370 : 4040;
  371 : 0000;
  372 : 0000;
  373 : 0000;
  374 : 8080;
  375 : B080;
  376 : 84C8;
  377 : 8484;
  378 : 8484;
  379 : 0000;
  380 : 0000;
  381 : 0000;
  382 : 0000;
  383 : 3000;
  384 : 844C;
  385 : 8484;
  386 : 344C;
  387 : 0804;
  388 : 0070;
  389 : 0000;
  390 : 4830;
  391 : 4040;
  392 : E040;
  393 : 4040;
  394 : 4040;
  395 : 0000;
  396 : 0000;
  397 : 0000;
  398 : 0000;
  399 : 3800;
  400 : 8444;
  401 : 80F8;
  402 : 3844;
  403 : 0000;
  404 : 0000;
  405 : 0000;
  406 : 0400;
  407 : 3404;
  408 : 844C;
  409 : 8484;
  410 : 344C;
  411 : 0000;
  412 : 0000;
  413 : 0000;
  414 : 0000;
  415 : 3800;
  416 : 8044;
  417 : 8080;
  418 : 3844;
  419 : 0000;
  420 : 0000;
  421 : 0000;
  422 : 8000;
  423 : B080;
  424 : 84C8;
  425 : 8484;
  426 : B0C8;
  427 : 0000;
  428 : 0000;
  429 : 0000;
  430 : 0000;
  431 : 7000;
  432 : 0408;
  433 : 8C74;
  434 : 748C;
  435 : 0000;
  436 : 0000;
  437 : 0000;
  438 : 4040;
  439 : 2040;
  440 : 0000;
  441 : 0000;
  442 : 0000;
  443 : 0000;
  444 : 0000;
  445 : 0000;
  446 : 0000;
  447 : 0000;
  448 : 0000;
  449 : 0000;
  450 : 0000;
  451 : FF00;
  452 : 0000;
  453 : 0000;
  454 : 0000;
  455 : 0000;
  456 : 0000;
  457 : 0000;
  458 : 0000;
  459 : 0000;
  460 : 0000;
  461 : 2810;
  462 : 0044;
  463 : 0000;
  464 : 0000;
  465 : 0000;
  466 : 0000;
  467 : 0000;
  468 : 0000;
  469 : 0000;
  470 : 0000;
  471 : 0000;
  472 : 0000;
  473 : 0000;
  474 : 0000;
  475 : 0000;
  476 : 0000;
  477 : E000;
  478 : 2020;
  479 : 2020;
  480 : 2020;
  481 : 2020;
  482 : 2020;
  483 : 00E0;
  484 : 0000;
  485 : 0400;
  486 : 0804;
  487 : 1008;
  488 : 2010;
  489 : 4020;
  490 : 8040;
  491 : 0080;
  492 : 0000;
  493 : E000;
  494 : 8080;
  495 : 8080;
  496 : 8080;
  497 : 8080;
  498 : 8080;
  499 : 00E0;
  500 : 0000;
  501 : 0000;
  502 : 02FE;
  503 : 0804;
  504 : 1010;
  505 : 4020;
  506 : FE80;
  507 : 0000;
  508 : 0000;
  509 : 0000;
  510 : 8282;
  511 : 4482;
  512 : 1028;
  513 : 1010;
  514 : 1010;
  515 : 0000;
  516 : 0000;
  517 : 0000;
  518 : 8282;
  519 : 2844;
  520 : 1010;
  521 : 4428;
  522 : 8282;
  523 : 0000;
  524 : 0000;
  525 : 0000;
  526 : 0000;
  527 : 8000;
  528 : 8080;
  529 : 8080;
  530 : 8880;
  531 : 8880;
  532 : 4980;
  533 : 5500;
  534 : 5500;
  535 : 2200;
  536 : 2200;
  537 : 0000;
  538 : 0000;
  539 : 0000;
  540 : 0000;
  541 : 0000;
  542 : 8282;
  543 : 8282;
  544 : 4444;
  545 : 2828;
  546 : 1010;
  547 : 0000;
  548 : 0000;
  549 : 0000;
  550 : 8282;
  551 : 8282;
  552 : 8282;
  553 : 8282;
  554 : 3844;
  555 : 0000;
  556 : 0000;
  557 : 0000;
  558 : 10FE;
  559 : 1010;
  560 : 1010;
  561 : 1010;
  562 : 1010;
  563 : 0000;
  564 : 0000;
  565 : 0000;
  566 : 4438;
  567 : 8082;
  568 : 1C60;
  569 : 8202;
  570 : 3844;
  571 : 0000;
  572 : 0000;
  573 : 0000;
  574 : 84F8;
  575 : 8282;
  576 : F884;
  577 : 8890;
  578 : 8284;
  579 : 0000;
  580 : 0000;
  581 : 0000;
  582 : 4438;
  583 : 8282;
  584 : 8282;
  585 : 8282;
  586 : 3844;
  587 : 0608;
  588 : 0000;
  589 : 0000;
  590 : 84F8;
  591 : 8282;
  592 : 8482;
  593 : 80F8;
  594 : 8080;
  595 : 0000;
  596 : 0000;
  597 : 0000;
  598 : 4438;
  599 : 8282;
  600 : 8282;
  601 : 8282;
  602 : 3844;
  603 : 0000;
  604 : 0000;
  605 : 0000;
  606 : C2C2;
  607 : A2A2;
  608 : 9292;
  609 : 8A8A;
  610 : 8686;
  611 : 0000;
  612 : 0000;
  613 : 0000;
  614 : 0000;
  615 : C100;
  616 : C180;
  617 : A280;
  618 : A280;
  619 : 9480;
  620 : 9480;
  621 : 8880;
  622 : 8880;
  623 : 8080;
  624 : 8080;
  625 : 0080;
  626 : 0000;
  627 : 0000;
  628 : 0000;
  629 : 0000;
  630 : 8080;
  631 : 8080;
  632 : 8080;
  633 : 8080;
  634 : FC80;
  635 : 0000;
  636 : 0000;
  637 : 0000;
  638 : 8884;
  639 : A090;
  640 : A0C0;
  641 : 8890;
  642 : 8284;
  643 : 0000;
  644 : 0000;
  645 : 0000;
  646 : 0202;
  647 : 0202;
  648 : 0202;
  649 : 8202;
  650 : 3844;
  651 : 0000;
  652 : 0000;
  653 : 0000;
  654 : 40E0;
  655 : 4040;
  656 : 4040;
  657 : 4040;
  658 : E040;
  659 : 0000;
  660 : 0000;
  661 : 0000;
  662 : 8484;
  663 : 8484;
  664 : 84FC;
  665 : 8484;
  666 : 8484;
  667 : 0000;
  668 : 0000;
  669 : 0000;
  670 : 423C;
  671 : 8080;
  672 : 9C80;
  673 : 8282;
  674 : 3C42;
  675 : 0000;
  676 : 0000;
  677 : 0000;
  678 : 80FE;
  679 : 8080;
  680 : 80F8;
  681 : 8080;
  682 : 8080;
  683 : 0000;
  684 : 0000;
  685 : 0000;
  686 : 80FE;
  687 : 8080;
  688 : 80FC;
  689 : 8080;
  690 : FE80;
  691 : 0000;
  692 : 0000;
  693 : 0000;
  694 : 84F8;
  695 : 8282;
  696 : 8282;
  697 : 8282;
  698 : F884;
  699 : 0000;
  700 : 0000;
  701 : 0000;
  702 : 423C;
  703 : 8080;
  704 : 8080;
  705 : 8080;
  706 : 3C42;
  707 : 0000;
  708 : 0000;
  709 : 0000;
  710 : 84F8;
  711 : 8482;
  712 : 84F8;
  713 : 8282;
  714 : F884;
  715 : 0000;
  716 : 0000;
  717 : 0000;
  718 : 1010;
  719 : 2828;
  720 : 4444;
  721 : 827C;
  722 : 8282;
  723 : 0000;
  724 : 0000;
  725 : 0000;
  726 : 423C;
  727 : A599;
  728 : A5A5;
  729 : 9EA5;
  730 : 3E40;
  731 : 0000;
  732 : 0000;
  733 : 0000;
  734 : 4438;
  735 : 0282;
  736 : 0804;
  737 : 1010;
  738 : 1000;
  739 : 0000;
  740 : 0000;
  741 : 0000;
  742 : 8000;
  743 : 2040;
  744 : 0810;
  745 : 2010;
  746 : 8040;
  747 : 0000;
  748 : 0000;
  749 : 0000;
  750 : 0000;
  751 : 0000;
  752 : 00F8;
  753 : 00F8;
  754 : 0000;
  755 : 0000;
  756 : 0000;
  757 : 0000;
  758 : 0800;
  759 : 2010;
  760 : 8040;
  761 : 2040;
  762 : 0810;
  763 : 0000;
  764 : 0000;
  765 : 0000;
  766 : 0000;
  767 : C000;
  768 : 00C0;
  769 : C0C0;
  770 : 8040;
  771 : 0000;
  772 : 0000;
  773 : 0000;
  774 : 0000;
  775 : C000;
  776 : 00C0;
  777 : C0C0;
  778 : 0000;
  779 : 0000;
  780 : 0000;
  781 : 0000;
  782 : 4438;
  783 : 8282;
  784 : 3A46;
  785 : 0202;
  786 : 7804;
  787 : 0000;
  788 : 0000;
  789 : 0000;
  790 : 4438;
  791 : 4482;
  792 : 4438;
  793 : 8282;
  794 : 3844;
  795 : 0000;
  796 : 0000;
  797 : 0000;
  798 : 027E;
  799 : 0402;
  800 : 0804;
  801 : 1008;
  802 : 1010;
  803 : 0000;
  804 : 0000;
  805 : 0000;
  806 : 403C;
  807 : 8080;
  808 : C4B8;
  809 : 8282;
  810 : 3844;
  811 : 0000;
  812 : 0000;
  813 : 0000;
  814 : 80FC;
  815 : 8080;
  816 : 04F8;
  817 : 0202;
  818 : 7884;
  819 : 0000;
  820 : 0000;
  821 : 0000;
  822 : 0C04;
  823 : 2414;
  824 : 8444;
  825 : 04FE;
  826 : 0404;
  827 : 0000;
  828 : 0000;
  829 : 0000;
  830 : 8478;
  831 : 0402;
  832 : 0438;
  833 : 0202;
  834 : 7884;
  835 : 0000;
  836 : 0000;
  837 : 0000;
  838 : 4438;
  839 : 0282;
  840 : 1804;
  841 : 4020;
  842 : FE80;
  843 : 0000;
  844 : 0000;
  845 : 0000;
  846 : 3010;
  847 : 1050;
  848 : 1010;
  849 : 1010;
  850 : 7C10;
  851 : 0000;
  852 : 0000;
  853 : 0000;
  854 : 4438;
  855 : 8244;
  856 : 8282;
  857 : 4482;
  858 : 3844;
  859 : 0000;
  860 : 0000;
  861 : 0400;
  862 : 0804;
  863 : 1008;
  864 : 2010;
  865 : 4020;
  866 : 8040;
  867 : 0080;
  868 : 0000;
  869 : 0000;
  870 : 0000;
  871 : 0000;
  872 : 0000;
  873 : 0000;
  874 : C0C0;
  875 : 0000;
  876 : 0000;
  877 : 0000;
  878 : 0000;
  879 : 0000;
  880 : F800;
  881 : 0000;
  882 : 0000;
  883 : 0000;
  884 : 0000;
  885 : 0000;
  886 : 0000;
  887 : 0000;
  888 : 0000;
  889 : 0000;
  890 : C0C0;
  891 : 8040;
  892 : 0000;
  893 : 0000;
  894 : 0000;
  895 : 2000;
  896 : F820;
  897 : 2020;
  898 : 0000;
  899 : 0000;
  900 : 0000;
  901 : 0000;
  902 : 1000;
  903 : 5492;
  904 : 5438;
  905 : 1092;
  906 : 0000;
  907 : 0000;
  908 : 0000;
  909 : 20C0;
  910 : 0810;
  911 : 0408;
  912 : 0404;
  913 : 0404;
  914 : 0808;
  915 : 2010;
  916 : 00C0;
  917 : 100C;
  918 : 4020;
  919 : 8040;
  920 : 8080;
  921 : 8080;
  922 : 4040;
  923 : 1020;
  924 : 000C;
  925 : 4000;
  926 : 4040;
  927 : 0080;
  928 : 0000;
  929 : 0000;
  930 : 0000;
  931 : 0000;
  932 : 0000;
  933 : 0000;
  934 : 5020;
  935 : 8888;
  936 : 2050;
  937 : 8C52;
  938 : 738C;
  939 : 0000;
  940 : 0000;
  941 : 0000;
  942 : 9161;
  943 : 6492;
  944 : 1008;
  945 : 4926;
  946 : 8689;
  947 : 0000;
  948 : 0000;
  949 : 0000;
  950 : 423C;
  951 : 4040;
  952 : 4070;
  953 : 4070;
  954 : FE40;
  955 : 0000;
  956 : 0000;
  957 : 0000;
  958 : 2424;
  959 : FF24;
  960 : 2424;
  961 : 24FF;
  962 : 2424;
  963 : 0000;
  964 : 0000;
  965 : A000;
  966 : A0A0;
  967 : 0000;
  968 : 0000;
  969 : 0000;
  970 : 0000;
  971 : 0000;
  972 : 0000;
  973 : 0000;
  974 : 4040;
  975 : 4040;
  976 : 4040;
  977 : 4040;
  978 : 4000;
  979 : 0000;
  980 : 0000;
  981 : 0000;
  982 : 0000;
  983 : 0000;
  984 : 0000;
  985 : 0000;
  986 : 0000;
  987 : 0000;
  988 : 0600;
  989 : 0403;
  990 : 0809;
  991 : 0909;
  992 : 0703;
  993 : 0807;
  994 : 0306;
  995 : 0506;
  996 : 0807;
  997 : 0808;
  998 : 0808;
  999 : 0808;
  1000 : 0808;
  1001 : 0308;
  1002 : 0603;
  1003 : 0606;
  1004 : 0908;
  1005 : 0808;
  1006 : 0808;
  1007 : 0808;
  1008 : 0808;
  1009 : 0804;
  1010 : 0708;
  1011 : 080A;
  1012 : 0808;
  1013 : 0808;
  1014 : 0808;
  1015 : 0808;
  1016 : 080A;
  1017 : 0808;
  1018 : 0704;
  1019 : 0704;
  1020 : 0409;
  1021 : 0707;
  1022 : 0707;
  1023 : 0607;
  1024 : 0707;
  1025 : 0504;
  1026 : 0406;
  1027 : 0708;
  1028 : 0708;
  1029 : 0608;
  1030 : 0506;
  1031 : 0807;
  1032 : 0608;
  1033 : 0707;
  1034 : 0305;
  1035 : 0805;
  1036 : 0006;
  1037 : 0000;
  1038 : 0000;
  1039 : 5B3E;
  1040 : 5B4F;
  1041 : 3E3E;
  1042 : 4F6B;
  1043 : 3E6B;
  1044 : 3E1C;
  1045 : 3E7C;
  1046 : 181C;
  1047 : 7E3C;
  1048 : 183C;
  1049 : 571C;
  1050 : 577D;
  1051 : 1C1C;
  1052 : 7F5E;
  1053 : 1C5E;
  1054 : 1800;
  1055 : 183C;
  1056 : FF00;
  1057 : C3E7;
  1058 : FFE7;
  1059 : 1800;
  1060 : 1824;
  1061 : FF00;
  1062 : DBE7;
  1063 : FFE7;
  1064 : 4830;
  1065 : 063A;
  1066 : 260E;
  1067 : 7929;
  1068 : 2629;
  1069 : 7F40;
  1070 : 0505;
  1071 : 4007;
  1072 : 057F;
  1073 : 3F25;
  1074 : 3C5A;
  1075 : 3CE7;
  1076 : 7F5A;
  1077 : 1C3E;
  1078 : 081C;
  1079 : 1C08;
  1080 : 3E1C;
  1081 : 147F;
  1082 : 7F22;
  1083 : 1422;
  1084 : 5F5F;
  1085 : 5F00;
  1086 : 065F;
  1087 : 7F09;
  1088 : 7F01;
  1089 : 6600;
  1090 : 9589;
  1091 : 606A;
  1092 : 6060;
  1093 : 6060;
  1094 : A294;
  1095 : A2FF;
  1096 : 0894;
  1097 : 7E04;
  1098 : 0804;
  1099 : 2010;
  1100 : 207E;
  1101 : 0810;
  1102 : 2A08;
  1103 : 081C;
  1104 : 1C08;
  1105 : 082A;
  1106 : 1E08;
  1107 : 1010;
  1108 : 1010;
  1109 : 1E0C;
  1110 : 1E0C;
  1111 : 300C;
  1112 : 3E38;
  1113 : 3038;
  1114 : 0E06;
  1115 : 0E3E;
  1116 : 0006;
  1117 : 0000;
  1118 : 0000;
  1119 : 0000;
  1120 : 005F;
  1121 : 0000;
  1122 : 0007;
  1123 : 0007;
  1124 : 7F14;
  1125 : 7F14;
  1126 : 2414;
  1127 : 7F2A;
  1128 : 122A;
  1129 : 1323;
  1130 : 6408;
  1131 : 3662;
  1132 : 5649;
  1133 : 5020;
  1134 : 0800;
  1135 : 0307;
  1136 : 0000;
  1137 : 221C;
  1138 : 0041;
  1139 : 4100;
  1140 : 1C22;
  1141 : 2A00;
  1142 : 7F1C;
  1143 : 2A1C;
  1144 : 0808;
  1145 : 083E;
  1146 : 0008;
  1147 : 7080;
  1148 : 0030;
  1149 : 0808;
  1150 : 0808;
  1151 : 0008;
  1152 : 6000;
  1153 : 0060;
  1154 : 1020;
  1155 : 0408;
  1156 : 3E02;
  1157 : 4951;
  1158 : 3E45;
  1159 : 4200;
  1160 : 407F;
  1161 : 7200;
  1162 : 4949;
  1163 : 4649;
  1164 : 4121;
  1165 : 4D49;
  1166 : 1833;
  1167 : 1214;
  1168 : 107F;
  1169 : 4527;
  1170 : 4545;
  1171 : 3C39;
  1172 : 494A;
  1173 : 3149;
  1174 : 2141;
  1175 : 0911;
  1176 : 3607;
  1177 : 4949;
  1178 : 3649;
  1179 : 4946;
  1180 : 2949;
  1181 : 001E;
  1182 : 1400;
  1183 : 0000;
  1184 : 4000;
  1185 : 0034;
  1186 : 0000;
  1187 : 1408;
  1188 : 4122;
  1189 : 1414;
  1190 : 1414;
  1191 : 0014;
  1192 : 2241;
  1193 : 0814;
  1194 : 0102;
  1195 : 0959;
  1196 : 3E06;
  1197 : 5D41;
  1198 : 4E59;
  1199 : 127C;
  1200 : 1211;
  1201 : 7F7C;
  1202 : 4949;
  1203 : 3649;
  1204 : 413E;
  1205 : 4141;
  1206 : 7F22;
  1207 : 4141;
  1208 : 3E41;
  1209 : 497F;
  1210 : 4949;
  1211 : 7F41;
  1212 : 0909;
  1213 : 0109;
  1214 : 413E;
  1215 : 5141;
  1216 : 7F73;
  1217 : 0808;
  1218 : 7F08;
  1219 : 4100;
  1220 : 417F;
  1221 : 2000;
  1222 : 4140;
  1223 : 013F;
  1224 : 087F;
  1225 : 2214;
  1226 : 7F41;
  1227 : 4040;
  1228 : 4040;
  1229 : 027F;
  1230 : 021C;
  1231 : 7F7F;
  1232 : 0804;
  1233 : 7F10;
  1234 : 413E;
  1235 : 4141;
  1236 : 7F3E;
  1237 : 0909;
  1238 : 0609;
  1239 : 413E;
  1240 : 2151;
  1241 : 7F5E;
  1242 : 1909;
  1243 : 4629;
  1244 : 4926;
  1245 : 4949;
  1246 : 0332;
  1247 : 7F01;
  1248 : 0301;
  1249 : 403F;
  1250 : 4040;
  1251 : 1F3F;
  1252 : 4020;
  1253 : 1F20;
  1254 : 403F;
  1255 : 4038;
  1256 : 633F;
  1257 : 0814;
  1258 : 6314;
  1259 : 0403;
  1260 : 0478;
  1261 : 6103;
  1262 : 4959;
  1263 : 434D;
  1264 : 7F00;
  1265 : 4141;
  1266 : 0241;
  1267 : 0804;
  1268 : 2010;
  1269 : 4100;
  1270 : 4141;
  1271 : 047F;
  1272 : 0102;
  1273 : 0402;
  1274 : 4040;
  1275 : 4040;
  1276 : 0040;
  1277 : 0703;
  1278 : 0008;
  1279 : 5420;
  1280 : 7854;
  1281 : 7F40;
  1282 : 4428;
  1283 : 3844;
  1284 : 4438;
  1285 : 4444;
  1286 : 3828;
  1287 : 4444;
  1288 : 7F28;
  1289 : 5438;
  1290 : 5454;
  1291 : 0018;
  1292 : 7E08;
  1293 : 0209;
  1294 : A418;
  1295 : 9CA4;
  1296 : 7F78;
  1297 : 0408;
  1298 : 7804;
  1299 : 4400;
  1300 : 407D;
  1301 : 2000;
  1302 : 4040;
  1303 : 003D;
  1304 : 107F;
  1305 : 4428;
  1306 : 0000;
  1307 : 7F41;
  1308 : 0040;
  1309 : 047C;
  1310 : 0478;
  1311 : 7C78;
  1312 : 0408;
  1313 : 7804;
  1314 : 4438;
  1315 : 4444;
  1316 : FC38;
  1317 : 2418;
  1318 : 1824;
  1319 : 2418;
  1320 : 1824;
  1321 : 7CFC;
  1322 : 0408;
  1323 : 0804;
  1324 : 5448;
  1325 : 5454;
  1326 : 0424;
  1327 : 3F04;
  1328 : 2444;
  1329 : 403C;
  1330 : 2040;
  1331 : 1C7C;
  1332 : 4020;
  1333 : 1C20;
  1334 : 403C;
  1335 : 4030;
  1336 : 443C;
  1337 : 1028;
  1338 : 4428;
  1339 : 904C;
  1340 : 9090;
  1341 : 447C;
  1342 : 5464;
  1343 : 444C;
  1344 : 0800;
  1345 : 4136;
  1346 : 0000;
  1347 : 7700;
  1348 : 0000;
  1349 : 4100;
  1350 : 0836;
  1351 : 0200;
  1352 : 0201;
  1353 : 0204;
  1354 : 263C;
  1355 : 2623;
  1356 : 1E3C;
  1357 : A1A1;
  1358 : 1261;
  1359 : 403A;
  1360 : 2040;
  1361 : 387A;
  1362 : 5454;
  1363 : 5955;
  1364 : 5521;
  1365 : 7955;
  1366 : 2141;
  1367 : 5454;
  1368 : 4178;
  1369 : 5521;
  1370 : 7854;
  1371 : 2040;
  1372 : 5554;
  1373 : 4079;
  1374 : 1E0C;
  1375 : 7252;
  1376 : 3912;
  1377 : 5555;
  1378 : 5955;
  1379 : 5439;
  1380 : 5454;
  1381 : 3959;
  1382 : 5455;
  1383 : 5854;
  1384 : 0000;
  1385 : 7C45;
  1386 : 0041;
  1387 : 4502;
  1388 : 427D;
  1389 : 0100;
  1390 : 7C45;
  1391 : F040;
  1392 : 2429;
  1393 : F029;
  1394 : 28F0;
  1395 : 2825;
  1396 : 7CF0;
  1397 : 5554;
  1398 : 0045;
  1399 : 5420;
  1400 : 7C54;
  1401 : 7C54;
  1402 : 090A;
  1403 : 497F;
  1404 : 4932;
  1405 : 4949;
  1406 : 3232;
  1407 : 4848;
  1408 : 3248;
  1409 : 4A32;
  1410 : 4848;
  1411 : 3A30;
  1412 : 4141;
  1413 : 7A21;
  1414 : 423A;
  1415 : 2040;
  1416 : 0078;
  1417 : A09D;
  1418 : 7DA0;
  1419 : 4439;
  1420 : 4444;
  1421 : 3D39;
  1422 : 4040;
  1423 : 3D40;
  1424 : 243C;
  1425 : 24FF;
  1426 : 4824;
  1427 : 497E;
  1428 : 6643;
  1429 : 2F2B;
  1430 : 2FFC;
  1431 : FF2B;
  1432 : 2909;
  1433 : 20F6;
  1434 : 88C0;
  1435 : 097E;
  1436 : 2003;
  1437 : 5454;
  1438 : 4179;
  1439 : 0000;
  1440 : 7D44;
  1441 : 3041;
  1442 : 4848;
  1443 : 324A;
  1444 : 4038;
  1445 : 2240;
  1446 : 007A;
  1447 : 0A7A;
  1448 : 720A;
  1449 : 0D7D;
  1450 : 3119;
  1451 : 267D;
  1452 : 2929;
  1453 : 282F;
  1454 : 2926;
  1455 : 2929;
  1456 : 3026;
  1457 : 4D48;
  1458 : 2040;
  1459 : 0838;
  1460 : 0808;
  1461 : 0808;
  1462 : 0808;
  1463 : 3808;
  1464 : 102F;
  1465 : ACC8;
  1466 : 2FBA;
  1467 : 2810;
  1468 : FA34;
  1469 : 0000;
  1470 : 007B;
  1471 : 0800;
  1472 : 2A14;
  1473 : 2214;
  1474 : 1422;
  1475 : 142A;
  1476 : AA08;
  1477 : 5500;
  1478 : AA00;
  1479 : 55AA;
  1480 : 55AA;
  1481 : 00AA;
  1482 : 0000;
  1483 : 00FF;
  1484 : 1010;
  1485 : FF10;
  1486 : 1400;
  1487 : 1414;
  1488 : 00FF;
  1489 : 1010;
  1490 : 00FF;
  1491 : 10FF;
  1492 : F010;
  1493 : F010;
  1494 : 1414;
  1495 : FC14;
  1496 : 1400;
  1497 : F714;
  1498 : FF00;
  1499 : 0000;
  1500 : 00FF;
  1501 : 14FF;
  1502 : F414;
  1503 : FC04;
  1504 : 1414;
  1505 : 1017;
  1506 : 101F;
  1507 : 1F10;
  1508 : 1F10;
  1509 : 1414;
  1510 : 1F14;
  1511 : 1000;
  1512 : 1010;
  1513 : 00F0;
  1514 : 0000;
  1515 : 1F00;
  1516 : 1010;
  1517 : 1010;
  1518 : 101F;
  1519 : 1010;
  1520 : F010;
  1521 : 0010;
  1522 : 0000;
  1523 : 10FF;
  1524 : 1010;
  1525 : 1010;
  1526 : 1010;
  1527 : 1010;
  1528 : 10FF;
  1529 : 0000;
  1530 : FF00;
  1531 : 0014;
  1532 : FF00;
  1533 : FF00;
  1534 : 0000;
  1535 : 101F;
  1536 : 0017;
  1537 : FC00;
  1538 : F404;
  1539 : 1414;
  1540 : 1017;
  1541 : 1417;
  1542 : F414;
  1543 : F404;
  1544 : 0000;
  1545 : 00FF;
  1546 : 14F7;
  1547 : 1414;
  1548 : 1414;
  1549 : 1414;
  1550 : 00F7;
  1551 : 14F7;
  1552 : 1414;
  1553 : 1417;
  1554 : 1010;
  1555 : 101F;
  1556 : 141F;
  1557 : 1414;
  1558 : 14F4;
  1559 : 1010;
  1560 : 10F0;
  1561 : 00F0;
  1562 : 1F00;
  1563 : 1F10;
  1564 : 0000;
  1565 : 1F00;
  1566 : 0014;
  1567 : 0000;
  1568 : 14FC;
  1569 : 0000;
  1570 : 10F0;
  1571 : 10F0;
  1572 : FF10;
  1573 : FF10;
  1574 : 1414;
  1575 : FF14;
  1576 : 1014;
  1577 : 1010;
  1578 : 001F;
  1579 : 0000;
  1580 : F000;
  1581 : FF10;
  1582 : FFFF;
  1583 : FFFF;
  1584 : F0F0;
  1585 : F0F0;
  1586 : FFF0;
  1587 : FFFF;
  1588 : 0000;
  1589 : 0000;
  1590 : FF00;
  1591 : 0FFF;
  1592 : 0F0F;
  1593 : 0F0F;
  1594 : 4438;
  1595 : 3844;
  1596 : 7C44;
  1597 : 2A2A;
  1598 : 143E;
  1599 : 027E;
  1600 : 0602;
  1601 : 0206;
  1602 : 027E;
  1603 : 027E;
  1604 : 5563;
  1605 : 4149;
  1606 : 3863;
  1607 : 4444;
  1608 : 043C;
  1609 : 7E40;
  1610 : 1E20;
  1611 : 0620;
  1612 : 7E02;
  1613 : 0202;
  1614 : A599;
  1615 : A5E7;
  1616 : 1C99;
  1617 : 492A;
  1618 : 1C2A;
  1619 : 724C;
  1620 : 7201;
  1621 : 304C;
  1622 : 4D4A;
  1623 : 304D;
  1624 : 4830;
  1625 : 4878;
  1626 : BC30;
  1627 : 5A62;
  1628 : 3D46;
  1629 : 493E;
  1630 : 4949;
  1631 : 7E00;
  1632 : 0101;
  1633 : 7E01;
  1634 : 2A2A;
  1635 : 2A2A;
  1636 : 442A;
  1637 : 5F44;
  1638 : 4444;
  1639 : 5140;
  1640 : 444A;
  1641 : 4040;
  1642 : 4A44;
  1643 : 4051;
  1644 : 0000;
  1645 : 01FF;
  1646 : E003;
  1647 : FF80;
  1648 : 0000;
  1649 : 0808;
  1650 : 6B6B;
  1651 : 3608;
  1652 : 3612;
  1653 : 3624;
  1654 : 0F06;
  1655 : 0F09;
  1656 : 0006;
  1657 : 1800;
  1658 : 0018;
  1659 : 0000;
  1660 : 1010;
  1661 : 3000;
  1662 : FF40;
  1663 : 0101;
  1664 : 1F00;
  1665 : 0101;
  1666 : 001E;
  1667 : 1D19;
  1668 : 1217;
  1669 : 3C00;
  1670 : 3C3C;
  1671 : 003C;
  1672 : 0000;
  1673 : 0000;
  1674 : 0018;
  1675 : 0018;
  1676 : 0010;
  1677 : 0102;
  1678 : 0006;
  1679 : 000E;
  1680 : 0105;
  1681 : 0005;
  1682 : 000D;
  1683 : 0103;
  1684 : 0001;
  1685 : 0103;
  1686 : 0004;
  1687 : 000C;
  1688 : 0102;
  1689 : 0004;
  1690 : 0103;
  1691 : 0003;
  1692 : 000B;
  1693 : 0102;
  1694 : 0006;
  1695 : 0102;
  1696 : 0003;
  1697 : 000B;
  1698 : 0102;
  1699 : 0006;
  1700 : 0102;
  1701 : 0003;
  1702 : 000B;
  1703 : 0102;
  1704 : 0006;
  1705 : 0102;
  1706 : 0003;
  1707 : 000B;
  1708 : 0102;
  1709 : 0006;
  1710 : 0102;
  1711 : 0003;
  1712 : 000B;
  1713 : 0103;
  1714 : 0004;
  1715 : 0103;
  1716 : 0003;
  1717 : 000B;
  1718 : 0109;
  1719 : 0004;
  1720 : 000A;
  1721 : 0103;
  1722 : 0001;
  1723 : 0105;
  1724 : 0005;
  1725 : 000A;
  1726 : 0102;
  1727 : 0004;
  1728 : 0102;
  1729 : 0006;
  1730 : 000A;
  1731 : 0102;
  1732 : 0003;
  1733 : 0103;
  1734 : 0006;
  1735 : 0009;
  1736 : 0102;
  1737 : 0004;
  1738 : 0102;
  1739 : 0007;
  1740 : 0009;
  1741 : 0102;
  1742 : 0004;
  1743 : 0102;
  1744 : 0007;
  1745 : 0009;
  1746 : 0102;
  1747 : 0004;
  1748 : 0102;
  1749 : 0007;
  1750 : 0009;
  1751 : 0102;
  1752 : 0004;
  1753 : 0102;
  1754 : 0007;
  1755 : 0008;
  1756 : 0102;
  1757 : 0005;
  1758 : 0102;
  1759 : 0007;
  1760 : 0008;
  1761 : 0102;
  1762 : 0005;
  1763 : 0102;
  1764 : 0007;
  1765 : 0008;
  1766 : 0103;
  1767 : 0003;
  1768 : 0102;
  1769 : 0008;
  1770 : 0009;
  1771 : 0102;
  1772 : 0004;
  1773 : 0102;
  1774 : 0007;
  1775 : 0009;
  1776 : 0102;
  1777 : 0004;
  1778 : 0102;
  1779 : 0007;
  1780 : 0008;
  1781 : 0103;
  1782 : 0004;
  1783 : 0102;
  1784 : 0007;
  1785 : 0007;
  1786 : 0104;
  1787 : 0004;
  1788 : 0102;
  1789 : 0007;
  1790 : 0005;
  1791 : 0103;
  1792 : 0007;
  1793 : 0102;
  1794 : 0007;
  1795 : 0005;
  1796 : 0102;
  1797 : 0008;
  1798 : 0102;
  1799 : 0007;
  1800 : 0004;
  1801 : 0102;
  1802 : 000A;
  1803 : 0101;
  1804 : 0007;
  1805 : 0004;
  1806 : 0102;
  1807 : 0004;
  1808 : 0102;
  1809 : 000C;
  1810 : 0004;
  1811 : 0103;
  1812 : 0003;
  1813 : 0102;
  1814 : 000C;
  1815 : 0005;
  1816 : 0107;
  1817 : 000C;
  1818 : 0006;
  1819 : 0106;
  1820 : 0006;
  1821 : 0103;
  1822 : 0003;
  1823 : 000A;
  1824 : 0102;
  1825 : 0007;
  1826 : 0102;
  1827 : 0003;
  1828 : 000B;
  1829 : 0104;
  1830 : 0002;
  1831 : 0104;
  1832 : 0003;
  1833 : 000C;
  1834 : 0108;
  1835 : 0004;
  1836 : 000E;
  1837 : 0103;
  1838 : 0007;
  1839 : 0018;
  1840 : 0000;
  1841 : 00C0;
  1842 : C000;
  1843 : 0000;
  1844 : 00C0;
  1845 : C000;
  1846 : 0000;
  1847 : 0008;
  1848 : 0100;
  1849 : 0144;
  1850 : 2A01;
  1851 : 010B;
  1852 : 0A06;
  1853 : 0098;
  1854 : 0100;
  1855 : 0041;
  1856 : 8801;
  1857 : 010A;
  1858 : 148F;
  1859 : 2D01;
  1860 : 0114;
  1861 : 13ED;
  1862 : E908;
  1863 : 010A;
  1864 : 0AC9;
  1865 : C601;
  1866 : 0109;
  1867 : 0103;
  1868 : 0A01;
  1869 : 010B;
  1870 : 0A68;
  1871 : 4101;
  1872 : 0300;
  1873 : 0000;
  1874 : 4101;
  1875 : 0100;
  1876 : 0AC9;
  1877 : 0701;
  1878 : 010A;
  1879 : 0020;
  1880 : 0003;
  1881 : 0700;
  1882 : 0000;
  1883 : 6B01;
  1884 : 020B;
  1885 : 1DD3;
  1886 : B201;
  1887 : 011D;
  1888 : 142D;
  1889 : 0039;
  1890 : 0100;
  1891 : 0103;
  1892 : E901;
  1893 : 010A;
  1894 : 0A06;
  1895 : 2001;
  1896 : 2900;
  1897 : 0000;
  1898 : 8501;
  1899 : 0101;
  1900 : 0B2A;
  1901 : 0601;
  1902 : 2E0A;
  1903 : 0000;
  1904 : F001;
  1905 : 0114;
  1906 : 1DD3;
  1907 : F30B;
  1908 : 011D;
  1909 : 1DD3;
  1910 : 9201;
  1911 : 031D;
  1912 : 1DB3;
  1913 : F001;
  1914 : 0214;
  1915 : 0000;
  1916 : E301;
  1917 : 0100;
  1918 : 1551;
  1919 : B301;
  1920 : 011D;
  1921 : 1DB2;
  1922 : 6B01;
  1923 : 030B;
  1924 : 0000;
  1925 : 0006;
  1926 : 0100;
  1927 : 09E6;
  1928 : B301;
  1929 : 031D;
  1930 : 1DF3;
  1931 : B201;
  1932 : 011D;
  1933 : 0A67;
  1934 : 000E;
  1935 : 0100;
  1936 : 0A06;
  1937 : 2A01;
  1938 : 010B;
  1939 : 01A5;
  1940 : 0026;
  1941 : 0100;
  1942 : 0AE9;
  1943 : B302;
  1944 : 011D;
  1945 : 1DB2;
  1946 : 2E01;
  1947 : 0F14;
  1948 : 0000;
  1949 : 0301;
  1950 : 0101;
  1951 : 0B0A;
  1952 : 6701;
  1953 : 010A;
  1954 : 0040;
  1955 : 0014;
  1956 : 0100;
  1957 : 0040;
  1958 : AF01;
  1959 : 0114;
  1960 : 1DB2;
  1961 : B301;
  1962 : 011D;
  1963 : 1DB2;
  1964 : 6B01;
  1965 : 050B;
  1966 : 0000;
  1967 : 0301;
  1968 : 0101;
  1969 : 0B0A;
  1970 : 6701;
  1971 : 010A;
  1972 : 0040;
  1973 : 0023;
  1974 : 0100;
  1975 : 0103;
  1976 : 9201;
  1977 : 111D;
  1978 : 1DF3;
  1979 : B201;
  1980 : 011D;
  1981 : 0A27;
  1982 : 0001;
  1983 : 0100;
  1984 : 1511;
  1985 : D301;
  1986 : 021D;
  1987 : 1DF3;
  1988 : B201;
  1989 : 031D;
  1990 : 0000;
  1991 : 0006;
  1992 : 0100;
  1993 : 146E;
  1994 : F305;
  1995 : 011D;
  1996 : 1D92;
  1997 : 8101;
  1998 : 0C00;
  1999 : 0000;
  2000 : 6E01;
  2001 : 0114;
  2002 : 1DB2;
  2003 : D301;
  2004 : 011D;
  2005 : 1DB2;
  2006 : A501;
  2007 : 2401;
  2008 : 0000;
  2009 : C201;
  2010 : 0100;
  2011 : 1DB2;
  2012 : F303;
  2013 : 011D;
  2014 : 1DB2;
  2015 : 6101;
  2016 : 0D00;
  2017 : 0000;
  2018 : 4701;
  2019 : 010A;
  2020 : 1DB2;
  2021 : D301;
  2022 : 011D;
  2023 : 1D92;
  2024 : B201;
  2025 : 011D;
  2026 : 00C2;
  2027 : 0013;
  2028 : 0100;
  2029 : 0A67;
  2030 : B201;
  2031 : 031D;
  2032 : 1DF3;
  2033 : 7201;
  2034 : 0415;
  2035 : 0000;
  2036 : 4701;
  2037 : 010A;
  2038 : 1DB2;
  2039 : D301;
  2040 : 011D;
  2041 : 1D92;
  2042 : B201;
  2043 : 011D;
  2044 : 00C2;
  2045 : 0022;
  2046 : 0100;
  2047 : 0020;
  2048 : 7201;
  2049 : 0115;
  2050 : 1DD3;
  2051 : F311;
  2052 : 011D;
  2053 : 142D;
  2054 : 8801;
  2055 : 010A;
  2056 : 1D92;
  2057 : F303;
  2058 : 011D;
  2059 : 1DD3;
  2060 : 6101;
  2061 : 0200;
  2062 : 0000;
  2063 : 0006;
  2064 : 0100;
  2065 : 1531;
  2066 : F305;
  2067 : 011D;
  2068 : 1DB2;
  2069 : EC01;
  2070 : 0B13;
  2071 : 0000;
  2072 : 8501;
  2073 : 0101;
  2074 : 1DB2;
  2075 : F303;
  2076 : 011D;
  2077 : 140D;
  2078 : 0024;
  2079 : 0100;
  2080 : 09E6;
  2081 : 9201;
  2082 : 031D;
  2083 : 1DF3;
  2084 : B301;
  2085 : 011D;
  2086 : 0061;
  2087 : 000C;
  2088 : 0100;
  2089 : 00A2;
  2090 : B201;
  2091 : 031D;
  2092 : 1DF3;
  2093 : D301;
  2094 : 011D;
  2095 : 13AC;
  2096 : 0013;
  2097 : 0100;
  2098 : 13EC;
  2099 : F304;
  2100 : 011D;
  2101 : 14F0;
  2102 : 0003;
  2103 : 0100;
  2104 : 00A2;
  2105 : B201;
  2106 : 031D;
  2107 : 1DF3;
  2108 : D301;
  2109 : 011D;
  2110 : 13AC;
  2111 : 0023;
  2112 : 0100;
  2113 : 00C2;
  2114 : CC01;
  2115 : 0213;
  2116 : 14CF;
  2117 : 7101;
  2118 : 0115;
  2119 : 1DB3;
  2120 : F302;
  2121 : 011D;
  2122 : 1DB3;
  2123 : 9201;
  2124 : 011D;
  2125 : 1572;
  2126 : CF02;
  2127 : 0614;
  2128 : 1DF3;
  2129 : 7101;
  2130 : 0115;
  2131 : 1D92;
  2132 : F304;
  2133 : 011D;
  2134 : 1D92;
  2135 : 4401;
  2136 : 0201;
  2137 : 0000;
  2138 : 0006;
  2139 : 0100;
  2140 : 1572;
  2141 : F306;
  2142 : 011D;
  2143 : 1DB2;
  2144 : 4401;
  2145 : 0A01;
  2146 : 0000;
  2147 : A801;
  2148 : 010A;
  2149 : 1DD3;
  2150 : F303;
  2151 : 011D;
  2152 : 1511;
  2153 : 0024;
  2154 : 0100;
  2155 : 0AC9;
  2156 : D301;
  2157 : 041D;
  2158 : 1DF3;
  2159 : 000D;
  2160 : 0100;
  2161 : 0A67;
  2162 : 9201;
  2163 : 041D;
  2164 : 1DF3;
  2165 : 0D01;
  2166 : 1314;
  2167 : 0000;
  2168 : 1001;
  2169 : 0415;
  2170 : 1DF3;
  2171 : AC01;
  2172 : 0313;
  2173 : 0000;
  2174 : 6701;
  2175 : 010A;
  2176 : 1D92;
  2177 : F304;
  2178 : 011D;
  2179 : 140D;
  2180 : 0027;
  2181 : 0100;
  2182 : 0AE9;
  2183 : F303;
  2184 : 011D;
  2185 : 1D92;
  2186 : 6401;
  2187 : 0201;
  2188 : 0000;
  2189 : C601;
  2190 : 0109;
  2191 : 1DB2;
  2192 : F306;
  2193 : 011D;
  2194 : 1DD3;
  2195 : F304;
  2196 : 011D;
  2197 : 1DB2;
  2198 : 4701;
  2199 : 020A;
  2200 : 0000;
  2201 : 0006;
  2202 : 0700;
  2203 : 1DF3;
  2204 : D301;
  2205 : 011D;
  2206 : 1510;
  2207 : 000A;
  2208 : 0100;
  2209 : 0B0A;
  2210 : F304;
  2211 : 011D;
  2212 : 1DD3;
  2213 : 0024;
  2214 : 0100;
  2215 : 13AC;
  2216 : F304;
  2217 : 011D;
  2218 : 1551;
  2219 : 000D;
  2220 : 0100;
  2221 : 0103;
  2222 : B201;
  2223 : 031D;
  2224 : 1DF3;
  2225 : B201;
  2226 : 011D;
  2227 : 0164;
  2228 : 0013;
  2229 : 0100;
  2230 : 1D92;
  2231 : F303;
  2232 : 011D;
  2233 : 1DB3;
  2234 : 8801;
  2235 : 030A;
  2236 : 0000;
  2237 : 0301;
  2238 : 0101;
  2239 : 1DB2;
  2240 : F303;
  2241 : 011D;
  2242 : 1DB2;
  2243 : 6401;
  2244 : 2701;
  2245 : 0000;
  2246 : 6B01;
  2247 : 030B;
  2248 : 1DF3;
  2249 : 9201;
  2250 : 011D;
  2251 : 00A2;
  2252 : 0002;
  2253 : 0100;
  2254 : 1510;
  2255 : F306;
  2256 : 011D;
  2257 : 1DD3;
  2258 : F306;
  2259 : 011D;
  2260 : 0B8B;
  2261 : 0002;
  2262 : 0500;
  2263 : 0000;
  2264 : 8101;
  2265 : 0100;
  2266 : 1DB2;
  2267 : F307;
  2268 : 011D;
  2269 : 1D92;
  2270 : 6801;
  2271 : 090A;
  2272 : 0000;
  2273 : ED01;
  2274 : 0413;
  2275 : 1DF3;
  2276 : 7201;
  2277 : 2415;
  2278 : 0000;
  2279 : 6E01;
  2280 : 0414;
  2281 : 1DF3;
  2282 : 4E01;
  2283 : 0E14;
  2284 : 0000;
  2285 : 6B01;
  2286 : 010B;
  2287 : 1DD3;
  2288 : B201;
  2289 : 011D;
  2290 : 1DB3;
  2291 : 4701;
  2292 : 130A;
  2293 : 0000;
  2294 : A201;
  2295 : 0100;
  2296 : 1572;
  2297 : F303;
  2298 : 011D;
  2299 : 1D92;
  2300 : A501;
  2301 : 0401;
  2302 : 0000;
  2303 : 6B01;
  2304 : 010B;
  2305 : 1DD3;
  2306 : B201;
  2307 : 011D;
  2308 : 1DB3;
  2309 : 4701;
  2310 : 280A;
  2311 : 0000;
  2312 : ED01;
  2313 : 0413;
  2314 : 1DF3;
  2315 : 0002;
  2316 : 0100;
  2317 : 01A5;
  2318 : B201;
  2319 : 091D;
  2320 : 1DF3;
  2321 : D301;
  2322 : 031D;
  2323 : 1DF3;
  2324 : 1001;
  2325 : 0215;
  2326 : 0000;
  2327 : 0005;
  2328 : 0100;
  2329 : 0144;
  2330 : 9201;
  2331 : 0815;
  2332 : 1DF3;
  2333 : 9201;
  2334 : 011D;
  2335 : 0061;
  2336 : 0008;
  2337 : 0100;
  2338 : 146E;
  2339 : F304;
  2340 : 011D;
  2341 : 14AF;
  2342 : 0024;
  2343 : 0100;
  2344 : 1572;
  2345 : F303;
  2346 : 011D;
  2347 : 1DD3;
  2348 : 0A01;
  2349 : 050B;
  2350 : 0000;
  2351 : 8101;
  2352 : 0100;
  2353 : 0AE9;
  2354 : 4701;
  2355 : 010A;
  2356 : 0020;
  2357 : 0006;
  2358 : 0100;
  2359 : 0061;
  2360 : A501;
  2361 : 0101;
  2362 : 0061;
  2363 : 0014;
  2364 : 0100;
  2365 : 09C6;
  2366 : 7201;
  2367 : 0315;
  2368 : 1DF3;
  2369 : B301;
  2370 : 011D;
  2371 : 0081;
  2372 : 0005;
  2373 : 0100;
  2374 : 0061;
  2375 : A501;
  2376 : 0101;
  2377 : 0061;
  2378 : 0029;
  2379 : 0100;
  2380 : 146E;
  2381 : F303;
  2382 : 011D;
  2383 : 1D92;
  2384 : 0001;
  2385 : 0100;
  2386 : 0040;
  2387 : 7101;
  2388 : 0315;
  2389 : 1DF3;
  2390 : 9201;
  2391 : 011D;
  2392 : 1DD3;
  2393 : F304;
  2394 : 011D;
  2395 : 1DB3;
  2396 : F304;
  2397 : 011D;
  2398 : 1DD3;
  2399 : 0002;
  2400 : 0500;
  2401 : 0000;
  2402 : 0601;
  2403 : 010A;
  2404 : 1D92;
  2405 : F303;
  2406 : 011D;
  2407 : 1DD3;
  2408 : F304;
  2409 : 011D;
  2410 : 1DB2;
  2411 : AC01;
  2412 : 0813;
  2413 : 0000;
  2414 : 7201;
  2415 : 0415;
  2416 : 1DF3;
  2417 : AC01;
  2418 : 0613;
  2419 : 0000;
  2420 : C201;
  2421 : 0100;
  2422 : 0A67;
  2423 : 0A01;
  2424 : 010B;
  2425 : 0B6B;
  2426 : C901;
  2427 : 010A;
  2428 : 0A06;
  2429 : C201;
  2430 : 0700;
  2431 : 0000;
  2432 : E301;
  2433 : 0100;
  2434 : 0AC9;
  2435 : A801;
  2436 : 010A;
  2437 : 0081;
  2438 : 0003;
  2439 : 0100;
  2440 : 0103;
  2441 : E601;
  2442 : 0109;
  2443 : 0AC9;
  2444 : 6B01;
  2445 : 010B;
  2446 : 0A68;
  2447 : 4101;
  2448 : 0200;
  2449 : 0000;
  2450 : 6101;
  2451 : 0100;
  2452 : 1DB3;
  2453 : F303;
  2454 : 011D;
  2455 : 1D92;
  2456 : E601;
  2457 : 0409;
  2458 : 0000;
  2459 : C601;
  2460 : 0109;
  2461 : 1D92;
  2462 : B301;
  2463 : 011D;
  2464 : 1D92;
  2465 : 3101;
  2466 : 0515;
  2467 : 0000;
  2468 : A501;
  2469 : 0101;
  2470 : 0B0A;
  2471 : 2301;
  2472 : 0801;
  2473 : 0000;
  2474 : 2001;
  2475 : 0100;
  2476 : 01A5;
  2477 : C901;
  2478 : 010A;
  2479 : 0B6B;
  2480 : C901;
  2481 : 010A;
  2482 : 09C6;
  2483 : 6101;
  2484 : 0600;
  2485 : 0000;
  2486 : C901;
  2487 : 010A;
  2488 : 1DB3;
  2489 : F303;
  2490 : 011D;
  2491 : 1DB2;
  2492 : 0005;
  2493 : 0100;
  2494 : 01A5;
  2495 : 0A01;
  2496 : 010B;
  2497 : 0123;
  2498 : 0005;
  2499 : 0100;
  2500 : 01A5;
  2501 : 2A01;
  2502 : 010B;
  2503 : 0144;
  2504 : 0003;
  2505 : 0100;
  2506 : 00E3;
  2507 : 4701;
  2508 : 010A;
  2509 : 0B4B;
  2510 : 8801;
  2511 : 010A;
  2512 : 0103;
  2513 : 0009;
  2514 : 0100;
  2515 : 0020;
  2516 : A501;
  2517 : 0101;
  2518 : 0AC9;
  2519 : 6B01;
  2520 : 010B;
  2521 : 0AC9;
  2522 : C601;
  2523 : 0109;
  2524 : 0061;
  2525 : 000A;
  2526 : 0100;
  2527 : 14CF;
  2528 : F303;
  2529 : 011D;
  2530 : 1572;
  2531 : 0001;
  2532 : 0100;
  2533 : 0B8B;
  2534 : B201;
  2535 : 021D;
  2536 : 1DF3;
  2537 : D301;
  2538 : 011D;
  2539 : 1DB2;
  2540 : 9201;
  2541 : 041D;
  2542 : 1DF3;
  2543 : 7201;
  2544 : 0115;
  2545 : 146E;
  2546 : F303;
  2547 : 011D;
  2548 : 1D92;
  2549 : 0301;
  2550 : 0101;
  2551 : 0000;
  2552 : 0005;
  2553 : 0100;
  2554 : 0AC9;
  2555 : D301;
  2556 : 031D;
  2557 : 1DF3;
  2558 : D301;
  2559 : 011D;
  2560 : 1D92;
  2561 : F304;
  2562 : 011D;
  2563 : 1DB2;
  2564 : 4401;
  2565 : 0601;
  2566 : 0000;
  2567 : 4001;
  2568 : 0100;
  2569 : 1DB2;
  2570 : F303;
  2571 : 011D;
  2572 : 1DD3;
  2573 : C901;
  2574 : 040A;
  2575 : 0000;
  2576 : 6401;
  2577 : 0101;
  2578 : 14CF;
  2579 : D301;
  2580 : 011D;
  2581 : 1DB2;
  2582 : D301;
  2583 : 011D;
  2584 : 1DF3;
  2585 : D301;
  2586 : 011D;
  2587 : 1DB2;
  2588 : B301;
  2589 : 011D;
  2590 : 1531;
  2591 : 4701;
  2592 : 040A;
  2593 : 0000;
  2594 : 4401;
  2595 : 0201;
  2596 : 1DB2;
  2597 : 9201;
  2598 : 011D;
  2599 : 1572;
  2600 : E301;
  2601 : 0100;
  2602 : 0B2A;
  2603 : 7201;
  2604 : 0115;
  2605 : 1DD3;
  2606 : B202;
  2607 : 011D;
  2608 : 1DF3;
  2609 : B201;
  2610 : 011D;
  2611 : 1572;
  2612 : 4101;
  2613 : 0100;
  2614 : 0000;
  2615 : 8501;
  2616 : 0101;
  2617 : 1D92;
  2618 : F303;
  2619 : 011D;
  2620 : 1D92;
  2621 : 0301;
  2622 : 0301;
  2623 : 0000;
  2624 : 4B01;
  2625 : 010B;
  2626 : 1DB2;
  2627 : F303;
  2628 : 011D;
  2629 : 1D92;
  2630 : 0701;
  2631 : 030A;
  2632 : 0000;
  2633 : F001;
  2634 : 0114;
  2635 : 1D92;
  2636 : B201;
  2637 : 011D;
  2638 : 1DB3;
  2639 : A501;
  2640 : 0501;
  2641 : 0000;
  2642 : 8101;
  2643 : 0100;
  2644 : 0B8B;
  2645 : B201;
  2646 : 011D;
  2647 : 1DB3;
  2648 : B201;
  2649 : 011D;
  2650 : 1DF3;
  2651 : B203;
  2652 : 011D;
  2653 : 01A5;
  2654 : 0005;
  2655 : 0100;
  2656 : 140D;
  2657 : F304;
  2658 : 011D;
  2659 : 14F0;
  2660 : 0004;
  2661 : 0100;
  2662 : 14F0;
  2663 : 9201;
  2664 : 011D;
  2665 : 1DB2;
  2666 : B301;
  2667 : 011D;
  2668 : 01A5;
  2669 : 0002;
  2670 : 0100;
  2671 : 0040;
  2672 : 1001;
  2673 : 0115;
  2674 : 1D92;
  2675 : B301;
  2676 : 011D;
  2677 : 1DB2;
  2678 : 2701;
  2679 : 010A;
  2680 : 0103;
  2681 : F001;
  2682 : 0114;
  2683 : 1DD3;
  2684 : 9201;
  2685 : 011D;
  2686 : 1DD3;
  2687 : 9201;
  2688 : 011D;
  2689 : 1DB3;
  2690 : AC01;
  2691 : 060B;
  2692 : 0000;
  2693 : 8101;
  2694 : 0100;
  2695 : 0B8B;
  2696 : B201;
  2697 : 011D;
  2698 : 1DB3;
  2699 : B201;
  2700 : 011D;
  2701 : 1DF3;
  2702 : B203;
  2703 : 011D;
  2704 : 01A5;
  2705 : 0009;
  2706 : 0100;
  2707 : 1551;
  2708 : F304;
  2709 : 011D;
  2710 : 00A2;
  2711 : D301;
  2712 : 031D;
  2713 : 1DF3;
  2714 : 9201;
  2715 : 011D;
  2716 : 0A67;
  2717 : 9201;
  2718 : 031D;
  2719 : 1DF3;
  2720 : B201;
  2721 : 011D;
  2722 : 01A5;
  2723 : 8801;
  2724 : 010A;
  2725 : 1DB2;
  2726 : F302;
  2727 : 011D;
  2728 : 1DB2;
  2729 : 6701;
  2730 : 010A;
  2731 : 0000;
  2732 : 0005;
  2733 : 0100;
  2734 : 13AC;
  2735 : F304;
  2736 : 011D;
  2737 : 1DD3;
  2738 : F001;
  2739 : 0114;
  2740 : 1DD3;
  2741 : F303;
  2742 : 011D;
  2743 : 1DD3;
  2744 : F001;
  2745 : 0614;
  2746 : 0000;
  2747 : 2301;
  2748 : 0101;
  2749 : 1572;
  2750 : F303;
  2751 : 011D;
  2752 : 1D92;
  2753 : E601;
  2754 : 0309;
  2755 : 0000;
  2756 : 8B01;
  2757 : 010B;
  2758 : 1DB2;
  2759 : F309;
  2760 : 011D;
  2761 : 1D92;
  2762 : A901;
  2763 : 030A;
  2764 : 0000;
  2765 : 4E01;
  2766 : 0314;
  2767 : 1DF3;
  2768 : 9201;
  2769 : 021D;
  2770 : 1DD3;
  2771 : F306;
  2772 : 011D;
  2773 : 1DB3;
  2774 : 0A01;
  2775 : 010B;
  2776 : 0000;
  2777 : 8801;
  2778 : 010A;
  2779 : 1DB3;
  2780 : F303;
  2781 : 011D;
  2782 : 1DD3;
  2783 : 0002;
  2784 : 0100;
  2785 : 0081;
  2786 : CF01;
  2787 : 0114;
  2788 : 1DB2;
  2789 : F304;
  2790 : 011D;
  2791 : 1DB2;
  2792 : C601;
  2793 : 0209;
  2794 : 0000;
  2795 : C901;
  2796 : 010A;
  2797 : 1DB3;
  2798 : F303;
  2799 : 011D;
  2800 : 142D;
  2801 : 0004;
  2802 : 0100;
  2803 : 0A68;
  2804 : D302;
  2805 : 071D;
  2806 : 1DF3;
  2807 : B201;
  2808 : 011D;
  2809 : 0A47;
  2810 : 0004;
  2811 : 0100;
  2812 : 1531;
  2813 : F304;
  2814 : 011D;
  2815 : 13AC;
  2816 : 0003;
  2817 : 0100;
  2818 : 0AC9;
  2819 : B301;
  2820 : 031D;
  2821 : 1DF3;
  2822 : 2D01;
  2823 : 0214;
  2824 : 0000;
  2825 : AC01;
  2826 : 010B;
  2827 : 1DB3;
  2828 : F303;
  2829 : 011D;
  2830 : 1571;
  2831 : B301;
  2832 : 061D;
  2833 : 1DF3;
  2834 : B301;
  2835 : 011D;
  2836 : 09E6;
  2837 : 0004;
  2838 : 0100;
  2839 : 0A68;
  2840 : D302;
  2841 : 071D;
  2842 : 1DF3;
  2843 : B201;
  2844 : 011D;
  2845 : 0A47;
  2846 : 0008;
  2847 : 0100;
  2848 : 14AF;
  2849 : F303;
  2850 : 011D;
  2851 : 1551;
  2852 : 6701;
  2853 : 010A;
  2854 : 1DB3;
  2855 : F302;
  2856 : 011D;
  2857 : 1D92;
  2858 : 8801;
  2859 : 010A;
  2860 : 0144;
  2861 : 9201;
  2862 : 021D;
  2863 : 1DF3;
  2864 : B301;
  2865 : 011D;
  2866 : 13CC;
  2867 : 0001;
  2868 : 0100;
  2869 : 0144;
  2870 : 9201;
  2871 : 021D;
  2872 : 1DF3;
  2873 : B301;
  2874 : 011D;
  2875 : 0B2A;
  2876 : 0001;
  2877 : 0500;
  2878 : 0000;
  2879 : 6E01;
  2880 : 0414;
  2881 : 1DF3;
  2882 : 5101;
  2883 : 0115;
  2884 : 0123;
  2885 : 9201;
  2886 : 041D;
  2887 : 1DF3;
  2888 : 9201;
  2889 : 011D;
  2890 : 0A67;
  2891 : 0005;
  2892 : 0100;
  2893 : 0A27;
  2894 : 9201;
  2895 : 031D;
  2896 : 1DF3;
  2897 : 9201;
  2898 : 011D;
  2899 : 0123;
  2900 : 0002;
  2901 : 0100;
  2902 : 13EC;
  2903 : B201;
  2904 : 0B1D;
  2905 : 1DF3;
  2906 : B301;
  2907 : 011D;
  2908 : 0040;
  2909 : 0002;
  2910 : 0100;
  2911 : 1DB3;
  2912 : F30D;
  2913 : 011D;
  2914 : 148F;
  2915 : 0001;
  2916 : 0100;
  2917 : 140D;
  2918 : F304;
  2919 : 011D;
  2920 : 1510;
  2921 : 0001;
  2922 : 0100;
  2923 : 0164;
  2924 : 7201;
  2925 : 0115;
  2926 : 1DD3;
  2927 : F304;
  2928 : 011D;
  2929 : 1DB3;
  2930 : D001;
  2931 : 0114;
  2932 : 0020;
  2933 : 0002;
  2934 : 0100;
  2935 : 1551;
  2936 : F304;
  2937 : 011D;
  2938 : 0BAC;
  2939 : 0003;
  2940 : 0100;
  2941 : 0AA8;
  2942 : B201;
  2943 : 0A1D;
  2944 : 1DF3;
  2945 : 9201;
  2946 : 011D;
  2947 : 0041;
  2948 : 0003;
  2949 : 0100;
  2950 : 1DB2;
  2951 : F303;
  2952 : 011D;
  2953 : 1DB3;
  2954 : 8801;
  2955 : 030A;
  2956 : 0000;
  2957 : 5101;
  2958 : 0415;
  2959 : 1DF3;
  2960 : AC01;
  2961 : 020B;
  2962 : 0000;
  2963 : 5101;
  2964 : 0415;
  2965 : 1DF3;
  2966 : D301;
  2967 : 081D;
  2968 : 1DF3;
  2969 : F001;
  2970 : 0314;
  2971 : 0000;
  2972 : A801;
  2973 : 010A;
  2974 : 1DB2;
  2975 : F30A;
  2976 : 011D;
  2977 : 1D92;
  2978 : 4101;
  2979 : 0700;
  2980 : 0000;
  2981 : A801;
  2982 : 010A;
  2983 : 1DB2;
  2984 : D301;
  2985 : 011D;
  2986 : 1DB3;
  2987 : A501;
  2988 : 0101;
  2989 : 0081;
  2990 : B301;
  2991 : 011D;
  2992 : 1DD3;
  2993 : B301;
  2994 : 011D;
  2995 : 13ED;
  2996 : 0001;
  2997 : 0100;
  2998 : 0041;
  2999 : 9201;
  3000 : 011D;
  3001 : 1DD3;
  3002 : B201;
  3003 : 011D;
  3004 : 13EC;
  3005 : 4001;
  3006 : 0200;
  3007 : 0000;
  3008 : 4E01;
  3009 : 0114;
  3010 : 1DD3;
  3011 : B201;
  3012 : 011D;
  3013 : 1D92;
  3014 : A201;
  3015 : 0100;
  3016 : 0000;
  3017 : 0005;
  3018 : 0100;
  3019 : 1531;
  3020 : F304;
  3021 : 011D;
  3022 : 146E;
  3023 : 0001;
  3024 : 0100;
  3025 : 0B4B;
  3026 : 9201;
  3027 : 041D;
  3028 : 1DF3;
  3029 : 9201;
  3030 : 011D;
  3031 : 00E3;
  3032 : 0004;
  3033 : 0100;
  3034 : 0B2A;
  3035 : F304;
  3036 : 011D;
  3037 : 1DD3;
  3038 : 4001;
  3039 : 0100;
  3040 : 0000;
  3041 : E901;
  3042 : 010A;
  3043 : 1DB2;
  3044 : F30C;
  3045 : 011D;
  3046 : 1D92;
  3047 : A501;
  3048 : 0101;
  3049 : 0000;
  3050 : 0301;
  3051 : 0101;
  3052 : 1D92;
  3053 : F30D;
  3054 : 011D;
  3055 : 13AC;
  3056 : 0001;
  3057 : 0100;
  3058 : 1531;
  3059 : F304;
  3060 : 011D;
  3061 : 0B6B;
  3062 : E901;
  3063 : 010A;
  3064 : 1DB2;
  3065 : F305;
  3066 : 011D;
  3067 : 1DB2;
  3068 : 4E01;
  3069 : 0114;
  3070 : 0040;
  3071 : 0002;
  3072 : 0100;
  3073 : 0020;
  3074 : D301;
  3075 : 031D;
  3076 : 1DF3;
  3077 : B201;
  3078 : 011D;
  3079 : 0A47;
  3080 : 0002;
  3081 : 0100;
  3082 : 0A27;
  3083 : B201;
  3084 : 0B1D;
  3085 : 1DF3;
  3086 : B301;
  3087 : 011D;
  3088 : 0B4B;
  3089 : 0002;
  3090 : 0100;
  3091 : 0103;
  3092 : 7201;
  3093 : 0315;
  3094 : 1DF3;
  3095 : 9201;
  3096 : 011D;
  3097 : 01A5;
  3098 : 0002;
  3099 : 0100;
  3100 : 0020;
  3101 : D301;
  3102 : 031D;
  3103 : 1DF3;
  3104 : B201;
  3105 : 011D;
  3106 : 0A47;
  3107 : 0002;
  3108 : 0100;
  3109 : 1DB3;
  3110 : F30D;
  3111 : 011D;
  3112 : 1DD3;
  3113 : 0002;
  3114 : 0100;
  3115 : 0A27;
  3116 : B201;
  3117 : 0B1D;
  3118 : 1DF3;
  3119 : B301;
  3120 : 011D;
  3121 : 0B4B;
  3122 : 0008;
  3123 : 0100;
  3124 : 0164;
  3125 : C901;
  3126 : 010A;
  3127 : 0081;
  3128 : 0002;
  3129 : 0100;
  3130 : 00A2;
  3131 : E901;
  3132 : 010A;
  3133 : 09E6;
  3134 : 0003;
  3135 : 0100;
  3136 : 0103;
  3137 : 2A01;
  3138 : 010B;
  3139 : 0144;
  3140 : 0004;
  3141 : 0100;
  3142 : 0020;
  3143 : 8801;
  3144 : 010A;
  3145 : 0A47;
  3146 : 6101;
  3147 : 0200;
  3148 : 0000;
  3149 : 0005;
  3150 : 0100;
  3151 : 1DD3;
  3152 : F304;
  3153 : 011D;
  3154 : 0B4A;
  3155 : 0001;
  3156 : 0100;
  3157 : 0020;
  3158 : 5101;
  3159 : 0415;
  3160 : 1DF3;
  3161 : D301;
  3162 : 011D;
  3163 : 1510;
  3164 : 2001;
  3165 : 0300;
  3166 : 0000;
  3167 : 4E01;
  3168 : 0414;
  3169 : 1DF3;
  3170 : 5101;
  3171 : 0115;
  3172 : 0000;
  3173 : A201;
  3174 : 0100;
  3175 : 1D92;
  3176 : F304;
  3177 : 011D;
  3178 : 1DB2;
  3179 : 6E01;
  3180 : 0114;
  3181 : 0B0A;
  3182 : 8F01;
  3183 : 0114;
  3184 : 1DF3;
  3185 : D301;
  3186 : 031D;
  3187 : 1DF3;
  3188 : 9201;
  3189 : 011D;
  3190 : 0144;
  3191 : 0001;
  3192 : 0100;
  3193 : 09E6;
  3194 : 9201;
  3195 : 061D;
  3196 : 1DF3;
  3197 : B201;
  3198 : 021D;
  3199 : 1DD3;
  3200 : F303;
  3201 : 011D;
  3202 : 1DB3;
  3203 : 6801;
  3204 : 010A;
  3205 : 0000;
  3206 : D301;
  3207 : 031D;
  3208 : 1DF3;
  3209 : 9201;
  3210 : 011D;
  3211 : 1572;
  3212 : B201;
  3213 : 051D;
  3214 : 1DF3;
  3215 : 9201;
  3216 : 011D;
  3217 : 13ED;
  3218 : 0004;
  3219 : 0100;
  3220 : 0103;
  3221 : 7201;
  3222 : 0315;
  3223 : 1DF3;
  3224 : 9201;
  3225 : 011D;
  3226 : 0103;
  3227 : 0001;
  3228 : 0100;
  3229 : 00E3;
  3230 : B201;
  3231 : 041D;
  3232 : 1DF3;
  3233 : D302;
  3234 : 021D;
  3235 : 1572;
  3236 : B301;
  3237 : 041D;
  3238 : 1DF3;
  3239 : 1001;
  3240 : 0215;
  3241 : 0000;
  3242 : E601;
  3243 : 0109;
  3244 : 1572;
  3245 : F303;
  3246 : 011D;
  3247 : 1DB3;
  3248 : 8101;
  3249 : 0200;
  3250 : 0000;
  3251 : 0301;
  3252 : 0101;
  3253 : 1572;
  3254 : F303;
  3255 : 011D;
  3256 : 1D92;
  3257 : 0301;
  3258 : 0101;
  3259 : 0000;
  3260 : A201;
  3261 : 0100;
  3262 : 1DB2;
  3263 : F307;
  3264 : 011D;
  3265 : 1DD3;
  3266 : B201;
  3267 : 011D;
  3268 : 1DB3;
  3269 : F303;
  3270 : 011D;
  3271 : 1D92;
  3272 : 8101;
  3273 : 0100;
  3274 : 00E3;
  3275 : B201;
  3276 : 041D;
  3277 : 1DF3;
  3278 : D302;
  3279 : 021D;
  3280 : 1572;
  3281 : B301;
  3282 : 041D;
  3283 : 1DF3;
  3284 : 1001;
  3285 : 2015;
  3286 : 0000;
  3287 : 0004;
  3288 : 0100;
  3289 : 0103;
  3290 : 9201;
  3291 : 031D;
  3292 : 1DF3;
  3293 : B201;
  3294 : 011D;
  3295 : 0A47;
  3296 : 0002;
  3297 : 0100;
  3298 : 0164;
  3299 : 9201;
  3300 : 041D;
  3301 : 1DF3;
  3302 : B201;
  3303 : 011D;
  3304 : 0B6B;
  3305 : 0003;
  3306 : 0100;
  3307 : 1551;
  3308 : F304;
  3309 : 011D;
  3310 : 146E;
  3311 : 0001;
  3312 : 0100;
  3313 : 144E;
  3314 : D301;
  3315 : 031D;
  3316 : 1DF3;
  3317 : 9201;
  3318 : 021D;
  3319 : 09C6;
  3320 : AF01;
  3321 : 0114;
  3322 : 1DB3;
  3323 : D301;
  3324 : 041D;
  3325 : 1DF3;
  3326 : 9201;
  3327 : 011D;
  3328 : 0020;
  3329 : 0001;
  3330 : 0100;
  3331 : 0AC9;
  3332 : D301;
  3333 : 041D;
  3334 : 1DF3;
  3335 : B301;
  3336 : 011D;
  3337 : 1531;
  3338 : C601;
  3339 : 0109;
  3340 : 0000;
  3341 : 9201;
  3342 : 031D;
  3343 : 1DF3;
  3344 : B201;
  3345 : 011D;
  3346 : 0081;
  3347 : 0301;
  3348 : 0101;
  3349 : 1D92;
  3350 : F303;
  3351 : 021D;
  3352 : 1DD3;
  3353 : F305;
  3354 : 011D;
  3355 : 1DB2;
  3356 : 6801;
  3357 : 050A;
  3358 : 0000;
  3359 : 0701;
  3360 : 010A;
  3361 : 1572;
  3362 : F303;
  3363 : 011D;
  3364 : 1DD3;
  3365 : 0002;
  3366 : 0100;
  3367 : 144E;
  3368 : D301;
  3369 : 031D;
  3370 : 1DF3;
  3371 : B201;
  3372 : 011D;
  3373 : 1510;
  3374 : C201;
  3375 : 0200;
  3376 : 0000;
  3377 : 4E01;
  3378 : 0414;
  3379 : 1DF3;
  3380 : B301;
  3381 : 021D;
  3382 : 0000;
  3383 : E901;
  3384 : 010A;
  3385 : 1DD3;
  3386 : F303;
  3387 : 011D;
  3388 : 1DB2;
  3389 : 0003;
  3390 : 0100;
  3391 : 0A07;
  3392 : 7201;
  3393 : 0315;
  3394 : 1DF3;
  3395 : D301;
  3396 : 021D;
  3397 : 0000;
  3398 : 0601;
  3399 : 010A;
  3400 : 1D92;
  3401 : F305;
  3402 : 011D;
  3403 : 1DB3;
  3404 : 3101;
  3405 : 0115;
  3406 : 0144;
  3407 : 0301;
  3408 : 0101;
  3409 : 1572;
  3410 : F303;
  3411 : 011D;
  3412 : 1DD3;
  3413 : 0001;
  3414 : 0100;
  3415 : 144E;
  3416 : D301;
  3417 : 031D;
  3418 : 1DF3;
  3419 : B201;
  3420 : 011D;
  3421 : 1510;
  3422 : C201;
  3423 : 0200;
  3424 : 0000;
  3425 : 4E01;
  3426 : 0414;
  3427 : 1DF3;
  3428 : B301;
  3429 : 201D;
  3430 : 0000;
  3431 : 0004;
  3432 : 0100;
  3433 : 09E6;
  3434 : 9201;
  3435 : 031D;
  3436 : 1DF3;
  3437 : 9201;
  3438 : 011D;
  3439 : 0144;
  3440 : 0003;
  3441 : 0100;
  3442 : 13CC;
  3443 : B201;
  3444 : 041D;
  3445 : 1DF3;
  3446 : B201;
  3447 : 011D;
  3448 : 09E6;
  3449 : 0002;
  3450 : 0100;
  3451 : 1DD3;
  3452 : F303;
  3453 : 011D;
  3454 : 1DD3;
  3455 : 0A01;
  3456 : 010B;
  3457 : 01A5;
  3458 : 9201;
  3459 : 031D;
  3460 : 1DF3;
  3461 : D301;
  3462 : 011D;
  3463 : 14AF;
  3464 : 9202;
  3465 : 061D;
  3466 : 1DF3;
  3467 : B301;
  3468 : 011D;
  3469 : 01A5;
  3470 : 0002;
  3471 : 0100;
  3472 : 142D;
  3473 : F304;
  3474 : 011D;
  3475 : 1DB2;
  3476 : 0D01;
  3477 : 0114;
  3478 : 0040;
  3479 : 0002;
  3480 : 0100;
  3481 : 148F;
  3482 : B301;
  3483 : 011D;
  3484 : 1DF3;
  3485 : B201;
  3486 : 011D;
  3487 : 0B4A;
  3488 : 0001;
  3489 : 0100;
  3490 : 0A27;
  3491 : B201;
  3492 : 081D;
  3493 : 1DF3;
  3494 : D301;
  3495 : 011D;
  3496 : 1551;
  3497 : 0301;
  3498 : 0601;
  3499 : 0000;
  3500 : 6B01;
  3501 : 040B;
  3502 : 1DF3;
  3503 : 3101;
  3504 : 0115;
  3505 : 0000;
  3506 : 0301;
  3507 : 0101;
  3508 : 1D92;
  3509 : F304;
  3510 : 011D;
  3511 : 1510;
  3512 : 4001;
  3513 : 0300;
  3514 : 0000;
  3515 : 6801;
  3516 : 010A;
  3517 : 1DB3;
  3518 : F303;
  3519 : 011D;
  3520 : 1DB2;
  3521 : A201;
  3522 : 0100;
  3523 : 0000;
  3524 : 4E01;
  3525 : 0414;
  3526 : 1DF3;
  3527 : F001;
  3528 : 0314;
  3529 : 0000;
  3530 : 6B01;
  3531 : 040B;
  3532 : 1DF3;
  3533 : 3101;
  3534 : 0215;
  3535 : 0000;
  3536 : 6B01;
  3537 : 050B;
  3538 : 1DF3;
  3539 : D301;
  3540 : 011D;
  3541 : 14AF;
  3542 : 4001;
  3543 : 0100;
  3544 : 0000;
  3545 : 0601;
  3546 : 010A;
  3547 : 1572;
  3548 : F303;
  3549 : 011D;
  3550 : 1551;
  3551 : 0301;
  3552 : 0101;
  3553 : 1D92;
  3554 : F304;
  3555 : 011D;
  3556 : 1510;
  3557 : 4001;
  3558 : 0300;
  3559 : 0000;
  3560 : 6801;
  3561 : 010A;
  3562 : 1DB3;
  3563 : F303;
  3564 : 011D;
  3565 : 1DB2;
  3566 : A201;
  3567 : 1F00;
  3568 : 0000;
  3569 : 0004;
  3570 : 0100;
  3571 : 0AE9;
  3572 : D301;
  3573 : 031D;
  3574 : 1DF3;
  3575 : D301;
  3576 : 011D;
  3577 : 0061;
  3578 : 0003;
  3579 : 0100;
  3580 : 0040;
  3581 : 5101;
  3582 : 0515;
  3583 : 1DF3;
  3584 : B201;
  3585 : 021D;
  3586 : 0103;
  3587 : 9201;
  3588 : 031D;
  3589 : 1DF3;
  3590 : 9201;
  3591 : 011D;
  3592 : 09E6;
  3593 : AF01;
  3594 : 0414;
  3595 : 1DF3;
  3596 : B301;
  3597 : 011D;
  3598 : 1DD3;
  3599 : F306;
  3600 : 011D;
  3601 : 1DD3;
  3602 : 5101;
  3603 : 0115;
  3604 : 09C6;
  3605 : 0003;
  3606 : 0100;
  3607 : 1531;
  3608 : F303;
  3609 : 011D;
  3610 : 1DD3;
  3611 : 8F01;
  3612 : 0414;
  3613 : 0000;
  3614 : A201;
  3615 : 0100;
  3616 : 0A88;
  3617 : 6B01;
  3618 : 010B;
  3619 : 01A5;
  3620 : 0002;
  3621 : 0100;
  3622 : 0BAC;
  3623 : F30A;
  3624 : 011D;
  3625 : 1531;
  3626 : 2001;
  3627 : 0600;
  3628 : 0000;
  3629 : D001;
  3630 : 0414;
  3631 : 1DF3;
  3632 : 2D01;
  3633 : 0114;
  3634 : 0000;
  3635 : 0A01;
  3636 : 010B;
  3637 : 1DD3;
  3638 : F303;
  3639 : 011D;
  3640 : 1DB2;
  3641 : 4401;
  3642 : 0401;
  3643 : 0000;
  3644 : A801;
  3645 : 010A;
  3646 : 1DB3;
  3647 : F303;
  3648 : 011D;
  3649 : 1DD3;
  3650 : 0002;
  3651 : 0100;
  3652 : 1551;
  3653 : F304;
  3654 : 011D;
  3655 : 13AC;
  3656 : 0003;
  3657 : 0100;
  3658 : 14D0;
  3659 : F304;
  3660 : 011D;
  3661 : 142D;
  3662 : 0002;
  3663 : 0100;
  3664 : 1510;
  3665 : F304;
  3666 : 011D;
  3667 : 1DD3;
  3668 : 3101;
  3669 : 0115;
  3670 : 0061;
  3671 : 0002;
  3672 : 0100;
  3673 : 0BAC;
  3674 : F304;
  3675 : 011D;
  3676 : 148F;
  3677 : 0A01;
  3678 : 010B;
  3679 : 1DD3;
  3680 : F303;
  3681 : 011D;
  3682 : 1DB2;
  3683 : 4401;
  3684 : 0401;
  3685 : 0000;
  3686 : A801;
  3687 : 010A;
  3688 : 1DB3;
  3689 : F303;
  3690 : 011D;
  3691 : 1DD3;
  3692 : 0020;
  3693 : 0400;
  3694 : 0000;
  3695 : 4E01;
  3696 : 0414;
  3697 : 1DF3;
  3698 : B201;
  3699 : 051D;
  3700 : 0000;
  3701 : 0301;
  3702 : 0101;
  3703 : 1D92;
  3704 : F305;
  3705 : 011D;
  3706 : 1551;
  3707 : 6801;
  3708 : 010A;
  3709 : 1D92;
  3710 : F303;
  3711 : 011D;
  3712 : 1DB2;
  3713 : 0301;
  3714 : 0101;
  3715 : 1DD3;
  3716 : F30A;
  3717 : 011D;
  3718 : 1DB3;
  3719 : 9201;
  3720 : 011D;
  3721 : 0AC9;
  3722 : 2001;
  3723 : 0400;
  3724 : 0000;
  3725 : B301;
  3726 : 031D;
  3727 : 1DF3;
  3728 : 9201;
  3729 : 011D;
  3730 : 0A06;
  3731 : 000A;
  3732 : 0100;
  3733 : 1531;
  3734 : F30A;
  3735 : 011D;
  3736 : 1DB2;
  3737 : 6B01;
  3738 : 060B;
  3739 : 0000;
  3740 : B201;
  3741 : 031D;
  3742 : 1DF3;
  3743 : D301;
  3744 : 011D;
  3745 : 0AC9;
  3746 : 0001;
  3747 : 0100;
  3748 : 1531;
  3749 : F304;
  3750 : 011D;
  3751 : 1511;
  3752 : 0005;
  3753 : 0100;
  3754 : 0B4B;
  3755 : F304;
  3756 : 011D;
  3757 : 1531;
  3758 : 0001;
  3759 : 0100;
  3760 : 0020;
  3761 : D301;
  3762 : 031D;
  3763 : 1DF3;
  3764 : B301;
  3765 : 011D;
  3766 : 0A88;
  3767 : 0003;
  3768 : 0100;
  3769 : 1DB2;
  3770 : F303;
  3771 : 011D;
  3772 : 1DD3;
  3773 : C901;
  3774 : 010A;
  3775 : 0000;
  3776 : 2001;
  3777 : 0100;
  3778 : 1DD3;
  3779 : F304;
  3780 : 011D;
  3781 : 1DB2;
  3782 : E301;
  3783 : 0300;
  3784 : 0000;
  3785 : 1101;
  3786 : 0415;
  3787 : 1DF3;
  3788 : CC01;
  3789 : 0113;
  3790 : 1531;
  3791 : F304;
  3792 : 011D;
  3793 : 1511;
  3794 : 0005;
  3795 : 0100;
  3796 : 0B4B;
  3797 : F304;
  3798 : 011D;
  3799 : 1531;
  3800 : 0020;
  3801 : 0400;
  3802 : 0000;
  3803 : 1101;
  3804 : 0415;
  3805 : 1DF3;
  3806 : F001;
  3807 : 0614;
  3808 : 0000;
  3809 : 6801;
  3810 : 010A;
  3811 : 1D92;
  3812 : F304;
  3813 : 031D;
  3814 : 1DD3;
  3815 : F303;
  3816 : 011D;
  3817 : 1DB3;
  3818 : 0301;
  3819 : 0101;
  3820 : 1D92;
  3821 : F308;
  3822 : 011D;
  3823 : 1DB3;
  3824 : 7201;
  3825 : 0115;
  3826 : 0A88;
  3827 : 2001;
  3828 : 0500;
  3829 : 0000;
  3830 : A201;
  3831 : 0100;
  3832 : 1DB2;
  3833 : F303;
  3834 : 011D;
  3835 : 1D92;
  3836 : 0301;
  3837 : 0901;
  3838 : 0000;
  3839 : 8101;
  3840 : 0100;
  3841 : 1DD3;
  3842 : F305;
  3843 : 011D;
  3844 : 1DB2;
  3845 : B301;
  3846 : 041D;
  3847 : 1DF3;
  3848 : 9201;
  3849 : 011D;
  3850 : 0144;
  3851 : 0004;
  3852 : 0100;
  3853 : 00C2;
  3854 : 7201;
  3855 : 0315;
  3856 : 1DF3;
  3857 : 9201;
  3858 : 011D;
  3859 : 09C6;
  3860 : 0001;
  3861 : 0100;
  3862 : 1D92;
  3863 : F304;
  3864 : 011D;
  3865 : 13AC;
  3866 : 0005;
  3867 : 0100;
  3868 : 1531;
  3869 : F304;
  3870 : 011D;
  3871 : 0BAC;
  3872 : 0001;
  3873 : 0100;
  3874 : 0103;
  3875 : 9201;
  3876 : 0315;
  3877 : 1DF3;
  3878 : 9201;
  3879 : 011D;
  3880 : 01A5;
  3881 : 0002;
  3882 : 0100;
  3883 : 00C2;
  3884 : 7201;
  3885 : 0315;
  3886 : 1DF3;
  3887 : 9201;
  3888 : 011D;
  3889 : 09C6;
  3890 : 0001;
  3891 : 0100;
  3892 : 0123;
  3893 : 9201;
  3894 : 031D;
  3895 : 1DF3;
  3896 : B201;
  3897 : 011D;
  3898 : 0B0A;
  3899 : 0003;
  3900 : 0100;
  3901 : 0041;
  3902 : D301;
  3903 : 041D;
  3904 : 1DF3;
  3905 : E901;
  3906 : 010A;
  3907 : 1D92;
  3908 : F304;
  3909 : 011D;
  3910 : 13AC;
  3911 : 0005;
  3912 : 0100;
  3913 : 1531;
  3914 : F304;
  3915 : 011D;
  3916 : 0BAC;
  3917 : 0020;
  3918 : 0400;
  3919 : 0000;
  3920 : D301;
  3921 : 041D;
  3922 : 1DF3;
  3923 : 0D01;
  3924 : 0714;
  3925 : 0000;
  3926 : 2D01;
  3927 : 0114;
  3928 : 1DD3;
  3929 : F304;
  3930 : 011D;
  3931 : 1DD3;
  3932 : F304;
  3933 : 011D;
  3934 : 1510;
  3935 : C601;
  3936 : 0109;
  3937 : 1D92;
  3938 : F305;
  3939 : 021D;
  3940 : 1DD3;
  3941 : 2D01;
  3942 : 0114;
  3943 : 01A5;
  3944 : 0004;
  3945 : 0100;
  3946 : 0040;
  3947 : 0003;
  3948 : 0100;
  3949 : 01A5;
  3950 : 9201;
  3951 : 031D;
  3952 : 1DF3;
  3953 : D301;
  3954 : 0A1D;
  3955 : 0000;
  3956 : E601;
  3957 : 0109;
  3958 : 1D92;
  3959 : F303;
  3960 : 011D;
  3961 : 1DD3;
  3962 : B301;
  3963 : 011D;
  3964 : 0B2A;
  3965 : 9201;
  3966 : 0515;
  3967 : 1DF3;
  3968 : 3101;
  3969 : 0115;
  3970 : 0020;
  3971 : 0003;
  3972 : 0100;
  3973 : 09E6;
  3974 : 7201;
  3975 : 0315;
  3976 : 1DF3;
  3977 : 9201;
  3978 : 011D;
  3979 : 00E3;
  3980 : 0001;
  3981 : 0500;
  3982 : 1DF3;
  3983 : 8B01;
  3984 : 040B;
  3985 : 0000;
  3986 : 0601;
  3987 : 010A;
  3988 : 1DB2;
  3989 : F303;
  3990 : 011D;
  3991 : 1DB2;
  3992 : A501;
  3993 : 0101;
  3994 : 0000;
  3995 : 0701;
  3996 : 010A;
  3997 : 1D92;
  3998 : F303;
  3999 : 011D;
  4000 : 1DB3;
  4001 : 8101;
  4002 : 0200;
  4003 : 0000;
  4004 : E601;
  4005 : 0109;
  4006 : 1572;
  4007 : F303;
  4008 : 011D;
  4009 : 1D92;
  4010 : E301;
  4011 : 0100;
  4012 : 0000;
  4013 : 4701;
  4014 : 010A;
  4015 : 1D92;
  4016 : F303;
  4017 : 011D;
  4018 : 1DD3;
  4019 : C201;
  4020 : 0300;
  4021 : 0000;
  4022 : A201;
  4023 : 0100;
  4024 : 1D92;
  4025 : F303;
  4026 : 011D;
  4027 : 1DB2;
  4028 : 4701;
  4029 : 050A;
  4030 : 1DF3;
  4031 : 8B01;
  4032 : 040B;
  4033 : 0000;
  4034 : 0601;
  4035 : 010A;
  4036 : 1DB2;
  4037 : F303;
  4038 : 011D;
  4039 : 1DB2;
  4040 : A501;
  4041 : 2001;
  4042 : 0000;
  4043 : 0003;
  4044 : 0100;
  4045 : 00E3;
  4046 : 9201;
  4047 : 031D;
  4048 : 1DF3;
  4049 : D301;
  4050 : 011D;
  4051 : 0AC9;
  4052 : 0007;
  4053 : 0100;
  4054 : 0040;
  4055 : 5101;
  4056 : 0915;
  4057 : 1DF3;
  4058 : AC01;
  4059 : 0113;
  4060 : 01A5;
  4061 : 9201;
  4062 : 031D;
  4063 : 1DF3;
  4064 : D302;
  4065 : 011D;
  4066 : 0AA8;
  4067 : 6101;
  4068 : 0300;
  4069 : 0000;
  4070 : 4001;
  4071 : 0100;
  4072 : 0A47;
  4073 : 8F01;
  4074 : 0114;
  4075 : 1DD3;
  4076 : B201;
  4077 : 011D;
  4078 : 0185;
  4079 : 0001;
  4080 : 0100;
  4081 : 0AA8;
  4082 : D301;
  4083 : 031D;
  4084 : 1DF3;
  4085 : 1001;
  4086 : 0A15;
  4087 : 0000;
  4088 : E901;
  4089 : 010A;
  4090 : 1DD3;
  4091 : F303;
  4092 : 011D;
  4093 : 1DB3;
  4094 : E301;
  4095 : 0100;
  4096 : 0000;
  4097 : 2701;
  4098 : 010A;
  4099 : 1D92;
  4100 : F304;
  4101 : 011D;
  4102 : 1D92;
  4103 : C901;
  4104 : 030A;
  4105 : 0000;
  4106 : 4A01;
  4107 : 010B;
  4108 : 1DD3;
  4109 : F303;
  4110 : 011D;
  4111 : 1DD3;
  4112 : 0002;
  4113 : 0100;
  4114 : 1551;
  4115 : F304;
  4116 : 011D;
  4117 : 1DB2;
  4118 : 8101;
  4119 : 0100;
  4120 : 0000;
  4121 : 2001;
  4122 : 0100;
  4123 : 0A68;
  4124 : B301;
  4125 : 041D;
  4126 : 1DF3;
  4127 : F001;
  4128 : 0214;
  4129 : 0000;
  4130 : 4B01;
  4131 : 040B;
  4132 : 1DF3;
  4133 : B201;
  4134 : 031D;
  4135 : 0000;
  4136 : 4A01;
  4137 : 010B;
  4138 : 1DD3;
  4139 : F303;
  4140 : 011D;
  4141 : 1DD3;
  4142 : 0002;
  4143 : 0100;
  4144 : 0B8B;
  4145 : F304;
  4146 : 011D;
  4147 : 14F0;
  4148 : 0004;
  4149 : 0100;
  4150 : 0144;
  4151 : 9201;
  4152 : 0315;
  4153 : 1DF3;
  4154 : 9201;
  4155 : 011D;
  4156 : 09C6;
  4157 : 5101;
  4158 : 0415;
  4159 : 1DF3;
  4160 : B201;
  4161 : 011D;
  4162 : 0081;
  4163 : 0001;
  4164 : 0100;
  4165 : 0020;
  4166 : 6801;
  4167 : 010A;
  4168 : 1DB3;
  4169 : F304;
  4170 : 011D;
  4171 : 14F0;
  4172 : 0021;
  4173 : 0300;
  4174 : 0000;
  4175 : C601;
  4176 : 0109;
  4177 : 1D92;
  4178 : F303;
  4179 : 011D;
  4180 : 1D92;
  4181 : C601;
  4182 : 0809;
  4183 : 0000;
  4184 : E301;
  4185 : 0100;
  4186 : 1D92;
  4187 : F307;
  4188 : 011D;
  4189 : 1DB2;
  4190 : 8801;
  4191 : 010A;
  4192 : 0040;
  4193 : B201;
  4194 : 041D;
  4195 : 1DF3;
  4196 : B301;
  4197 : 011D;
  4198 : 1531;
  4199 : 0D01;
  4200 : 0114;
  4201 : 0B0A;
  4202 : 4A01;
  4203 : 010B;
  4204 : 140D;
  4205 : B301;
  4206 : 011D;
  4207 : 1DB2;
  4208 : F303;
  4209 : 011D;
  4210 : 142D;
  4211 : 0001;
  4212 : 0100;
  4213 : 13AC;
  4214 : F304;
  4215 : 011D;
  4216 : 13ED;
  4217 : 000A;
  4218 : 0100;
  4219 : 144E;
  4220 : F304;
  4221 : 011D;
  4222 : 1531;
  4223 : 0003;
  4224 : 0100;
  4225 : 14AF;
  4226 : D301;
  4227 : 041D;
  4228 : 1DF3;
  4229 : B201;
  4230 : 011D;
  4231 : 0081;
  4232 : 0002;
  4233 : 0100;
  4234 : 144E;
  4235 : F304;
  4236 : 011D;
  4237 : 1510;
  4238 : 0002;
  4239 : 0100;
  4240 : 144E;
  4241 : F304;
  4242 : 021D;
  4243 : 1DD3;
  4244 : 1101;
  4245 : 0115;
  4246 : 1DD3;
  4247 : B201;
  4248 : 041D;
  4249 : 1DF3;
  4250 : B201;
  4251 : 011D;
  4252 : 0185;
  4253 : 0002;
  4254 : 0100;
  4255 : 146E;
  4256 : F304;
  4257 : 011D;
  4258 : 14F0;
  4259 : 0003;
  4260 : 0100;
  4261 : 144E;
  4262 : F304;
  4263 : 011D;
  4264 : 1510;
  4265 : 0002;
  4266 : 0100;
  4267 : 14F0;
  4268 : F304;
  4269 : 011D;
  4270 : 13AC;
  4271 : 0004;
  4272 : 0100;
  4273 : 0164;
  4274 : 9201;
  4275 : 0315;
  4276 : 1DF3;
  4277 : 9201;
  4278 : 0115;
  4279 : 0164;
  4280 : 4E01;
  4281 : 0414;
  4282 : 1DF3;
  4283 : D302;
  4284 : 011D;
  4285 : 1511;
  4286 : D301;
  4287 : 011D;
  4288 : 1DB2;
  4289 : F304;
  4290 : 011D;
  4291 : 1DB2;
  4292 : 8501;
  4293 : 2101;
  4294 : 0000;
  4295 : 0003;
  4296 : 0100;
  4297 : 0AC9;
  4298 : D301;
  4299 : 031D;
  4300 : 1DF3;
  4301 : B201;
  4302 : 011D;
  4303 : 00E3;
  4304 : 0009;
  4305 : 0100;
  4306 : 0164;
  4307 : B201;
  4308 : 061D;
  4309 : 1DF3;
  4310 : 9201;
  4311 : 011D;
  4312 : 00C2;
  4313 : 0001;
  4314 : 0100;
  4315 : 14D0;
  4316 : F30E;
  4317 : 011D;
  4318 : 1DB3;
  4319 : A801;
  4320 : 010A;
  4321 : 0000;
  4322 : F001;
  4323 : 0314;
  4324 : 1DF3;
  4325 : D301;
  4326 : 011D;
  4327 : 0A88;
  4328 : 000A;
  4329 : 0100;
  4330 : 1531;
  4331 : F304;
  4332 : 011D;
  4333 : 13AC;
  4334 : 0003;
  4335 : 0100;
  4336 : 0103;
  4337 : B301;
  4338 : 041D;
  4339 : 1DF3;
  4340 : D301;
  4341 : 011D;
  4342 : 0B0A;
  4343 : 0002;
  4344 : 0100;
  4345 : 1510;
  4346 : F304;
  4347 : 011D;
  4348 : 140D;
  4349 : 0002;
  4350 : 0100;
  4351 : 0A27;
  4352 : B301;
  4353 : 0B1D;
  4354 : 1DF3;
  4355 : 9201;
  4356 : 011D;
  4357 : 0B2A;
  4358 : 0003;
  4359 : 0100;
  4360 : 1572;
  4361 : F304;
  4362 : 011D;
  4363 : 13AC;
  4364 : 0003;
  4365 : 0100;
  4366 : 1510;
  4367 : F304;
  4368 : 011D;
  4369 : 140D;
  4370 : 0002;
  4371 : 0100;
  4372 : 1DB3;
  4373 : F304;
  4374 : 011D;
  4375 : 0A88;
  4376 : 0004;
  4377 : 0100;
  4378 : 0164;
  4379 : 9201;
  4380 : 0315;
  4381 : 1DF3;
  4382 : 9201;
  4383 : 011D;
  4384 : 0103;
  4385 : 2701;
  4386 : 010A;
  4387 : 1DB3;
  4388 : F30B;
  4389 : 011D;
  4390 : 1D92;
  4391 : 2A01;
  4392 : 220B;
  4393 : 0000;
  4394 : 0003;
  4395 : 0100;
  4396 : 140D;
  4397 : F304;
  4398 : 011D;
  4399 : 1DD3;
  4400 : 000B;
  4401 : 0100;
  4402 : 0A47;
  4403 : 9201;
  4404 : 051D;
  4405 : 1DF3;
  4406 : 5101;
  4407 : 0215;
  4408 : 0000;
  4409 : E301;
  4410 : 0100;
  4411 : 1D92;
  4412 : F30C;
  4413 : 011D;
  4414 : 1DD3;
  4415 : B201;
  4416 : 011D;
  4417 : 0061;
  4418 : 0001;
  4419 : 0100;
  4420 : 1DB2;
  4421 : F303;
  4422 : 011D;
  4423 : 1D92;
  4424 : 6401;
  4425 : 0A01;
  4426 : 0000;
  4427 : D301;
  4428 : 031D;
  4429 : 1DF3;
  4430 : B201;
  4431 : 011D;
  4432 : 0A67;
  4433 : 0004;
  4434 : 0100;
  4435 : 0B2A;
  4436 : B201;
  4437 : 041D;
  4438 : 1DF3;
  4439 : F001;
  4440 : 0214;
  4441 : 0000;
  4442 : 9201;
  4443 : 031D;
  4444 : 1DF3;
  4445 : B301;
  4446 : 011D;
  4447 : 0AC9;
  4448 : 0003;
  4449 : 0100;
  4450 : 14F0;
  4451 : D301;
  4452 : 091D;
  4453 : 1DF3;
  4454 : B301;
  4455 : 011D;
  4456 : 142D;
  4457 : 0003;
  4458 : 0100;
  4459 : 0040;
  4460 : D301;
  4461 : 031D;
  4462 : 1DF3;
  4463 : B201;
  4464 : 011D;
  4465 : 0A67;
  4466 : 0003;
  4467 : 0100;
  4468 : 1D92;
  4469 : F303;
  4470 : 011D;
  4471 : 1DB3;
  4472 : C901;
  4473 : 010A;
  4474 : 0000;
  4475 : 4101;
  4476 : 0100;
  4477 : 1DD3;
  4478 : F303;
  4479 : 011D;
  4480 : 1D92;
  4481 : A501;
  4482 : 0401;
  4483 : 0000;
  4484 : 2701;
  4485 : 010A;
  4486 : 1D92;
  4487 : F303;
  4488 : 011D;
  4489 : 1DB2;
  4490 : A201;
  4491 : 0100;
  4492 : 0000;
  4493 : F001;
  4494 : 0114;
  4495 : 1DD3;
  4496 : F309;
  4497 : 011D;
  4498 : 1DB3;
  4499 : 2D01;
  4500 : 2314;
  4501 : 0000;
  4502 : 0003;
  4503 : 0100;
  4504 : 1531;
  4505 : F304;
  4506 : 011D;
  4507 : 1511;
  4508 : 000C;
  4509 : 0100;
  4510 : 0B2A;
  4511 : 9201;
  4512 : 031D;
  4513 : 1DF3;
  4514 : B201;
  4515 : 011D;
  4516 : 0AE9;
  4517 : 0003;
  4518 : 0100;
  4519 : 0185;
  4520 : D302;
  4521 : 091D;
  4522 : 1DF3;
  4523 : B301;
  4524 : 011D;
  4525 : 14CF;
  4526 : A201;
  4527 : 0200;
  4528 : 0000;
  4529 : 9201;
  4530 : 0315;
  4531 : 1DF3;
  4532 : 7201;
  4533 : 0115;
  4534 : 0020;
  4535 : 0009;
  4536 : 0100;
  4537 : 0041;
  4538 : D301;
  4539 : 031D;
  4540 : 1DF3;
  4541 : 9201;
  4542 : 011D;
  4543 : 0081;
  4544 : 0004;
  4545 : 0100;
  4546 : 0040;
  4547 : 7101;
  4548 : 0315;
  4549 : 1DF3;
  4550 : D301;
  4551 : 011D;
  4552 : 13CC;
  4553 : 0002;
  4554 : 0100;
  4555 : 1D92;
  4556 : F303;
  4557 : 011D;
  4558 : 1DB2;
  4559 : 0301;
  4560 : 0301;
  4561 : 0000;
  4562 : 0301;
  4563 : 0101;
  4564 : 1D92;
  4565 : B301;
  4566 : 071D;
  4567 : 1DF3;
  4568 : D301;
  4569 : 011D;
  4570 : 140D;
  4571 : 0004;
  4572 : 0100;
  4573 : 00A2;
  4574 : B301;
  4575 : 031D;
  4576 : 1DF3;
  4577 : B301;
  4578 : 011D;
  4579 : 00A2;
  4580 : 0003;
  4581 : 0100;
  4582 : 1D92;
  4583 : F303;
  4584 : 011D;
  4585 : 1DB2;
  4586 : 0301;
  4587 : 0101;
  4588 : 0000;
  4589 : 6101;
  4590 : 0100;
  4591 : 1DB2;
  4592 : F303;
  4593 : 011D;
  4594 : 1DB2;
  4595 : C201;
  4596 : 0400;
  4597 : 0000;
  4598 : C601;
  4599 : 0109;
  4600 : 1D92;
  4601 : F303;
  4602 : 011D;
  4603 : 1531;
  4604 : 0002;
  4605 : 0100;
  4606 : 0103;
  4607 : 9201;
  4608 : 011D;
  4609 : 1DB3;
  4610 : F307;
  4611 : 011D;
  4612 : 1DD3;
  4613 : 0D01;
  4614 : 2414;
  4615 : 0000;
  4616 : 0002;
  4617 : 0100;
  4618 : 0040;
  4619 : D301;
  4620 : 031D;
  4621 : 1DF3;
  4622 : D301;
  4623 : 011D;
  4624 : 0B2A;
  4625 : 000D;
  4626 : 0100;
  4627 : 13ED;
  4628 : B201;
  4629 : 011D;
  4630 : 1DF3;
  4631 : B201;
  4632 : 011D;
  4633 : 14CF;
  4634 : 0005;
  4635 : 0100;
  4636 : 0081;
  4637 : 6B01;
  4638 : 010B;
  4639 : 1DD3;
  4640 : B301;
  4641 : 011D;
  4642 : 1DB2;
  4643 : F302;
  4644 : 011D;
  4645 : 1DD3;
  4646 : B201;
  4647 : 011D;
  4648 : 1DD3;
  4649 : AF01;
  4650 : 0114;
  4651 : 0A06;
  4652 : 0004;
  4653 : 0100;
  4654 : 140D;
  4655 : B301;
  4656 : 021D;
  4657 : 1DD3;
  4658 : E601;
  4659 : 0B09;
  4660 : 0000;
  4661 : AF01;
  4662 : 0114;
  4663 : 1DB2;
  4664 : D302;
  4665 : 011D;
  4666 : 0A88;
  4667 : 0006;
  4668 : 0100;
  4669 : 01A5;
  4670 : B301;
  4671 : 011D;
  4672 : 1DD3;
  4673 : B201;
  4674 : 011D;
  4675 : 1531;
  4676 : 4101;
  4677 : 0200;
  4678 : 0000;
  4679 : 4B01;
  4680 : 010B;
  4681 : 1DB3;
  4682 : D301;
  4683 : 011D;
  4684 : 1DB3;
  4685 : 6B01;
  4686 : 050B;
  4687 : 0000;
  4688 : 6101;
  4689 : 0100;
  4690 : 140D;
  4691 : D301;
  4692 : 011D;
  4693 : 1DB2;
  4694 : F302;
  4695 : 011D;
  4696 : 1DB3;
  4697 : D301;
  4698 : 011D;
  4699 : 1531;
  4700 : A501;
  4701 : 0601;
  4702 : 0000;
  4703 : D001;
  4704 : 0314;
  4705 : 1DD3;
  4706 : E901;
  4707 : 040A;
  4708 : 0000;
  4709 : 4B01;
  4710 : 010B;
  4711 : 1DB3;
  4712 : D301;
  4713 : 011D;
  4714 : 1DB3;
  4715 : 6B01;
  4716 : 030B;
  4717 : 0000;
  4718 : 4E01;
  4719 : 0114;
  4720 : 1DB3;
  4721 : D301;
  4722 : 011D;
  4723 : 1DB3;
  4724 : 2A01;
  4725 : 050B;
  4726 : 0000;
  4727 : 2001;
  4728 : 0100;
  4729 : 1572;
  4730 : B301;
  4731 : 011D;
  4732 : 1DD3;
  4733 : B201;
  4734 : 011D;
  4735 : 0144;
  4736 : 0003;
  4737 : 0100;
  4738 : 0061;
  4739 : 0D01;
  4740 : 0114;
  4741 : 1DD3;
  4742 : B201;
  4743 : 021D;
  4744 : 1DF3;
  4745 : B301;
  4746 : 011D;
  4747 : 1DD3;
  4748 : 3101;
  4749 : 0115;
  4750 : 01A5;
  4751 : 0025;
  4752 : 0300;
  4753 : 0000;
  4754 : 9201;
  4755 : 031D;
  4756 : 1DF3;
  4757 : B201;
  4758 : 011D;
  4759 : 00A2;
  4760 : 000E;
  4761 : 0100;
  4762 : 09E6;
  4763 : 4A01;
  4764 : 010B;
  4765 : 0A06;
  4766 : 4101;
  4767 : 0700;
  4768 : 0000;
  4769 : 4101;
  4770 : 0100;
  4771 : 0144;
  4772 : 4701;
  4773 : 010A;
  4774 : 0B2A;
  4775 : 4B01;
  4776 : 010B;
  4777 : 0A88;
  4778 : C601;
  4779 : 0109;
  4780 : 00A2;
  4781 : 0007;
  4782 : 0100;
  4783 : 0A68;
  4784 : A801;
  4785 : 010A;
  4786 : 0081;
  4787 : 000C;
  4788 : 0100;
  4789 : 0040;
  4790 : 0701;
  4791 : 010A;
  4792 : 0AC9;
  4793 : A201;
  4794 : 0800;
  4795 : 0000;
  4796 : 8501;
  4797 : 0101;
  4798 : 0B2A;
  4799 : 4701;
  4800 : 050A;
  4801 : 0000;
  4802 : A501;
  4803 : 0101;
  4804 : 0AE9;
  4805 : 0301;
  4806 : 0801;
  4807 : 0000;
  4808 : 0301;
  4809 : 0101;
  4810 : 0A07;
  4811 : 2A02;
  4812 : 010B;
  4813 : 0A68;
  4814 : 0301;
  4815 : 0901;
  4816 : 0000;
  4817 : A501;
  4818 : 0101;
  4819 : 0B2A;
  4820 : A501;
  4821 : 0601;
  4822 : 0000;
  4823 : A501;
  4824 : 0101;
  4825 : 0AE9;
  4826 : 0301;
  4827 : 0401;
  4828 : 0000;
  4829 : 2001;
  4830 : 0100;
  4831 : 09E6;
  4832 : E901;
  4833 : 010A;
  4834 : 0103;
  4835 : 0007;
  4836 : 0100;
  4837 : 0061;
  4838 : 6801;
  4839 : 010A;
  4840 : 0AE9;
  4841 : A201;
  4842 : 0600;
  4843 : 0000;
  4844 : 0301;
  4845 : 0101;
  4846 : 0A07;
  4847 : 2A02;
  4848 : 010B;
  4849 : 0A68;
  4850 : 0301;
  4851 : 2701;
  4852 : 0000;
  4853 : 0003;
  4854 : 0100;
  4855 : 0B0A;
  4856 : B201;
  4857 : 011D;
  4858 : 1DF3;
  4859 : B301;
  4860 : 011D;
  4861 : 0AE9;
  4862 : 00B8;
  4863 : 0400;
  4864 : 0000;
  4865 : 0601;
  4866 : 010A;
  4867 : 0B2A;
  4868 : E601;
  4869 : B909;
  4870 : 0000;
  4871 : 00C0;
  4872 : 0000;
  4873 : 0000;
  4874 : 0072;
  4875 : 0072;
  4876 : 0072;
  4877 : 0072;
  4878 : 0058;
  4879 : 0105;
  4880 : 0015;
  4881 : 0055;
  4882 : 010D;
  4883 : 0010;
  4884 : 0052;
  4885 : 0112;
  4886 : 000E;
  4887 : 0050;
  4888 : 0116;
  4889 : 000C;
  4890 : 004D;
  4891 : 011B;
  4892 : 000A;
  4893 : 004C;
  4894 : 011D;
  4895 : 0009;
  4896 : 004A;
  4897 : 0120;
  4898 : 0008;
  4899 : 0049;
  4900 : 0122;
  4901 : 0007;
  4902 : 0047;
  4903 : 0125;
  4904 : 0006;
  4905 : 0046;
  4906 : 0126;
  4907 : 0006;
  4908 : 0044;
  4909 : 0114;
  4910 : 0007;
  4911 : 010E;
  4912 : 0005;
  4913 : 0043;
  4914 : 0112;
  4915 : 000C;
  4916 : 010C;
  4917 : 0005;
  4918 : 0042;
  4919 : 0110;
  4920 : 0011;
  4921 : 010B;
  4922 : 0004;
  4923 : 0041;
  4924 : 0110;
  4925 : 0012;
  4926 : 010B;
  4927 : 0004;
  4928 : 0040;
  4929 : 010F;
  4930 : 0015;
  4931 : 010B;
  4932 : 0003;
  4933 : 003F;
  4934 : 010F;
  4935 : 0017;
  4936 : 010A;
  4937 : 0003;
  4938 : 003E;
  4939 : 010E;
  4940 : 0019;
  4941 : 010A;
  4942 : 0003;
  4943 : 003E;
  4944 : 010D;
  4945 : 001B;
  4946 : 0109;
  4947 : 0003;
  4948 : 003D;
  4949 : 010D;
  4950 : 001C;
  4951 : 0109;
  4952 : 0003;
  4953 : 003D;
  4954 : 010C;
  4955 : 001D;
  4956 : 010A;
  4957 : 0002;
  4958 : 003D;
  4959 : 010B;
  4960 : 001E;
  4961 : 010A;
  4962 : 0002;
  4963 : 003C;
  4964 : 010B;
  4965 : 001F;
  4966 : 010A;
  4967 : 0002;
  4968 : 003B;
  4969 : 010B;
  4970 : 0021;
  4971 : 0109;
  4972 : 0002;
  4973 : 003B;
  4974 : 010B;
  4975 : 0021;
  4976 : 0109;
  4977 : 0002;
  4978 : 003B;
  4979 : 010A;
  4980 : 0022;
  4981 : 0109;
  4982 : 0002;
  4983 : 003B;
  4984 : 010A;
  4985 : 0021;
  4986 : 010A;
  4987 : 0002;
  4988 : 003B;
  4989 : 0109;
  4990 : 0022;
  4991 : 010A;
  4992 : 0002;
  4993 : 003B;
  4994 : 0109;
  4995 : 0023;
  4996 : 0109;
  4997 : 0002;
  4998 : 003B;
  4999 : 010A;
  5000 : 0022;
  5001 : 0109;
  5002 : 0002;
  5003 : 003B;
  5004 : 010A;
  5005 : 0022;
  5006 : 0108;
  5007 : 0003;
  5008 : 003B;
  5009 : 0109;
  5010 : 0022;
  5011 : 0109;
  5012 : 0003;
  5013 : 003B;
  5014 : 010A;
  5015 : 0021;
  5016 : 0109;
  5017 : 0003;
  5018 : 003B;
  5019 : 010A;
  5020 : 0021;
  5021 : 0109;
  5022 : 0003;
  5023 : 003B;
  5024 : 010A;
  5025 : 0021;
  5026 : 0109;
  5027 : 0003;
  5028 : 003B;
  5029 : 010B;
  5030 : 0020;
  5031 : 0108;
  5032 : 0004;
  5033 : 003C;
  5034 : 010A;
  5035 : 001F;
  5036 : 0109;
  5037 : 0004;
  5038 : 003C;
  5039 : 010A;
  5040 : 001E;
  5041 : 010A;
  5042 : 0004;
  5043 : 003C;
  5044 : 010B;
  5045 : 001D;
  5046 : 010A;
  5047 : 0004;
  5048 : 003C;
  5049 : 010D;
  5050 : 001B;
  5051 : 010A;
  5052 : 0004;
  5053 : 003B;
  5054 : 010F;
  5055 : 0019;
  5056 : 010A;
  5057 : 0005;
  5058 : 003A;
  5059 : 0112;
  5060 : 0017;
  5061 : 010A;
  5062 : 0005;
  5063 : 0039;
  5064 : 0116;
  5065 : 0013;
  5066 : 010B;
  5067 : 0005;
  5068 : 0038;
  5069 : 011C;
  5070 : 000D;
  5071 : 010B;
  5072 : 0006;
  5073 : 0037;
  5074 : 0135;
  5075 : 0006;
  5076 : 0036;
  5077 : 0136;
  5078 : 0006;
  5079 : 0035;
  5080 : 0136;
  5081 : 0007;
  5082 : 0034;
  5083 : 010D;
  5084 : 0002;
  5085 : 0128;
  5086 : 0007;
  5087 : 0034;
  5088 : 010D;
  5089 : 0004;
  5090 : 0125;
  5091 : 0008;
  5092 : 0033;
  5093 : 010D;
  5094 : 0007;
  5095 : 0122;
  5096 : 0009;
  5097 : 0032;
  5098 : 010D;
  5099 : 000A;
  5100 : 011F;
  5101 : 000A;
  5102 : 0031;
  5103 : 010D;
  5104 : 000D;
  5105 : 011C;
  5106 : 000B;
  5107 : 0031;
  5108 : 010C;
  5109 : 0012;
  5110 : 0117;
  5111 : 000C;
  5112 : 0030;
  5113 : 010C;
  5114 : 0017;
  5115 : 0112;
  5116 : 000D;
  5117 : 002F;
  5118 : 010C;
  5119 : 0019;
  5120 : 010C;
  5121 : 0012;
  5122 : 002F;
  5123 : 010B;
  5124 : 0019;
  5125 : 010B;
  5126 : 0014;
  5127 : 002E;
  5128 : 010C;
  5129 : 0018;
  5130 : 010C;
  5131 : 0014;
  5132 : 002E;
  5133 : 010B;
  5134 : 0018;
  5135 : 010C;
  5136 : 0015;
  5137 : 002D;
  5138 : 010B;
  5139 : 0018;
  5140 : 010D;
  5141 : 0015;
  5142 : 002C;
  5143 : 010C;
  5144 : 0018;
  5145 : 010C;
  5146 : 0016;
  5147 : 002C;
  5148 : 010B;
  5149 : 0018;
  5150 : 010C;
  5151 : 0017;
  5152 : 002B;
  5153 : 010C;
  5154 : 0017;
  5155 : 010C;
  5156 : 0018;
  5157 : 002B;
  5158 : 010B;
  5159 : 0017;
  5160 : 010D;
  5161 : 0018;
  5162 : 002A;
  5163 : 010C;
  5164 : 0016;
  5165 : 010D;
  5166 : 0019;
  5167 : 002A;
  5168 : 010B;
  5169 : 0017;
  5170 : 010C;
  5171 : 001A;
  5172 : 002A;
  5173 : 010A;
  5174 : 0017;
  5175 : 010C;
  5176 : 001B;
  5177 : 0029;
  5178 : 010B;
  5179 : 0016;
  5180 : 010C;
  5181 : 001C;
  5182 : 0029;
  5183 : 010A;
  5184 : 0017;
  5185 : 010C;
  5186 : 001C;
  5187 : 0028;
  5188 : 010B;
  5189 : 0016;
  5190 : 010C;
  5191 : 001D;
  5192 : 0028;
  5193 : 010A;
  5194 : 0017;
  5195 : 010C;
  5196 : 001D;
  5197 : 0027;
  5198 : 010B;
  5199 : 0017;
  5200 : 010B;
  5201 : 001E;
  5202 : 0027;
  5203 : 010A;
  5204 : 0017;
  5205 : 010B;
  5206 : 001F;
  5207 : 0027;
  5208 : 010A;
  5209 : 0016;
  5210 : 010C;
  5211 : 001F;
  5212 : 0027;
  5213 : 0109;
  5214 : 0017;
  5215 : 010B;
  5216 : 0020;
  5217 : 0026;
  5218 : 010A;
  5219 : 0017;
  5220 : 010B;
  5221 : 0020;
  5222 : 0026;
  5223 : 010A;
  5224 : 0016;
  5225 : 010B;
  5226 : 0021;
  5227 : 0025;
  5228 : 010B;
  5229 : 0016;
  5230 : 010B;
  5231 : 0021;
  5232 : 0025;
  5233 : 010B;
  5234 : 0015;
  5235 : 010B;
  5236 : 0022;
  5237 : 0025;
  5238 : 010A;
  5239 : 0016;
  5240 : 010B;
  5241 : 0022;
  5242 : 0024;
  5243 : 010B;
  5244 : 0016;
  5245 : 010A;
  5246 : 0023;
  5247 : 0024;
  5248 : 010A;
  5249 : 0017;
  5250 : 010A;
  5251 : 0023;
  5252 : 0024;
  5253 : 010A;
  5254 : 0017;
  5255 : 010A;
  5256 : 0023;
  5257 : 0024;
  5258 : 010A;
  5259 : 0016;
  5260 : 010B;
  5261 : 0023;
  5262 : 0024;
  5263 : 010A;
  5264 : 0016;
  5265 : 010B;
  5266 : 0023;
  5267 : 0023;
  5268 : 010B;
  5269 : 0016;
  5270 : 010A;
  5271 : 0024;
  5272 : 0023;
  5273 : 010A;
  5274 : 0017;
  5275 : 010A;
  5276 : 0024;
  5277 : 0023;
  5278 : 010A;
  5279 : 0017;
  5280 : 010A;
  5281 : 0024;
  5282 : 0023;
  5283 : 010A;
  5284 : 0017;
  5285 : 010A;
  5286 : 0024;
  5287 : 0023;
  5288 : 010A;
  5289 : 0016;
  5290 : 010B;
  5291 : 0024;
  5292 : 0022;
  5293 : 010B;
  5294 : 0016;
  5295 : 010A;
  5296 : 0025;
  5297 : 0022;
  5298 : 010B;
  5299 : 0016;
  5300 : 0109;
  5301 : 0026;
  5302 : 0023;
  5303 : 0109;
  5304 : 0017;
  5305 : 010A;
  5306 : 0025;
  5307 : 0023;
  5308 : 0109;
  5309 : 0016;
  5310 : 010A;
  5311 : 0026;
  5312 : 0023;
  5313 : 010A;
  5314 : 0015;
  5315 : 010A;
  5316 : 0026;
  5317 : 0022;
  5318 : 010A;
  5319 : 0016;
  5320 : 0109;
  5321 : 0027;
  5322 : 0022;
  5323 : 010A;
  5324 : 0016;
  5325 : 0109;
  5326 : 0027;
  5327 : 0022;
  5328 : 010A;
  5329 : 0015;
  5330 : 010A;
  5331 : 0027;
  5332 : 0022;
  5333 : 010A;
  5334 : 0015;
  5335 : 010A;
  5336 : 0027;
  5337 : 0023;
  5338 : 0109;
  5339 : 0015;
  5340 : 010A;
  5341 : 0027;
  5342 : 0022;
  5343 : 010A;
  5344 : 0015;
  5345 : 0109;
  5346 : 0028;
  5347 : 0022;
  5348 : 010A;
  5349 : 0015;
  5350 : 0109;
  5351 : 0028;
  5352 : 0022;
  5353 : 010A;
  5354 : 0015;
  5355 : 0109;
  5356 : 0028;
  5357 : 0023;
  5358 : 0109;
  5359 : 0015;
  5360 : 0109;
  5361 : 0028;
  5362 : 0022;
  5363 : 010A;
  5364 : 0014;
  5365 : 010A;
  5366 : 0028;
  5367 : 0022;
  5368 : 010A;
  5369 : 0014;
  5370 : 010A;
  5371 : 0028;
  5372 : 0020;
  5373 : 010D;
  5374 : 0013;
  5375 : 010A;
  5376 : 0028;
  5377 : 001D;
  5378 : 0111;
  5379 : 0012;
  5380 : 010A;
  5381 : 0028;
  5382 : 001A;
  5383 : 0114;
  5384 : 0012;
  5385 : 010A;
  5386 : 0028;
  5387 : 0017;
  5388 : 0117;
  5389 : 0012;
  5390 : 010A;
  5391 : 0028;
  5392 : 0015;
  5393 : 0119;
  5394 : 0011;
  5395 : 010B;
  5396 : 0028;
  5397 : 0013;
  5398 : 011B;
  5399 : 0011;
  5400 : 010A;
  5401 : 0029;
  5402 : 0011;
  5403 : 011C;
  5404 : 0013;
  5405 : 0109;
  5406 : 0029;
  5407 : 000F;
  5408 : 011D;
  5409 : 0014;
  5410 : 0109;
  5411 : 0029;
  5412 : 000E;
  5413 : 011C;
  5414 : 0016;
  5415 : 0109;
  5416 : 0029;
  5417 : 000C;
  5418 : 0117;
  5419 : 001C;
  5420 : 010A;
  5421 : 0029;
  5422 : 000C;
  5423 : 0114;
  5424 : 001F;
  5425 : 010A;
  5426 : 0029;
  5427 : 000B;
  5428 : 0112;
  5429 : 0023;
  5430 : 0109;
  5431 : 0029;
  5432 : 000A;
  5433 : 0111;
  5434 : 0025;
  5435 : 0109;
  5436 : 0029;
  5437 : 0008;
  5438 : 0110;
  5439 : 0027;
  5440 : 010A;
  5441 : 0029;
  5442 : 0008;
  5443 : 010F;
  5444 : 0028;
  5445 : 010A;
  5446 : 0029;
  5447 : 0007;
  5448 : 010E;
  5449 : 002B;
  5450 : 0109;
  5451 : 0029;
  5452 : 0007;
  5453 : 010D;
  5454 : 002C;
  5455 : 0109;
  5456 : 0029;
  5457 : 0006;
  5458 : 010C;
  5459 : 002E;
  5460 : 0109;
  5461 : 0029;
  5462 : 0005;
  5463 : 010D;
  5464 : 002E;
  5465 : 0109;
  5466 : 0029;
  5467 : 0005;
  5468 : 010C;
  5469 : 002F;
  5470 : 010A;
  5471 : 0028;
  5472 : 0004;
  5473 : 010C;
  5474 : 0030;
  5475 : 010A;
  5476 : 0028;
  5477 : 0004;
  5478 : 010B;
  5479 : 0031;
  5480 : 010A;
  5481 : 0028;
  5482 : 0004;
  5483 : 010B;
  5484 : 0031;
  5485 : 010A;
  5486 : 0028;
  5487 : 0004;
  5488 : 010A;
  5489 : 0032;
  5490 : 010A;
  5491 : 0028;
  5492 : 0004;
  5493 : 010A;
  5494 : 0033;
  5495 : 0109;
  5496 : 0028;
  5497 : 0004;
  5498 : 0109;
  5499 : 0034;
  5500 : 0109;
  5501 : 0028;
  5502 : 0003;
  5503 : 010B;
  5504 : 001C;
  5505 : 0101;
  5506 : 0016;
  5507 : 010A;
  5508 : 0027;
  5509 : 0004;
  5510 : 010A;
  5511 : 0019;
  5512 : 0106;
  5513 : 0014;
  5514 : 0109;
  5515 : 0028;
  5516 : 0004;
  5517 : 010B;
  5518 : 0017;
  5519 : 0108;
  5520 : 0013;
  5521 : 0109;
  5522 : 0028;
  5523 : 0004;
  5524 : 010B;
  5525 : 0015;
  5526 : 010A;
  5527 : 0014;
  5528 : 0108;
  5529 : 0028;
  5530 : 0004;
  5531 : 010C;
  5532 : 0013;
  5533 : 010C;
  5534 : 0013;
  5535 : 0107;
  5536 : 0029;
  5537 : 0004;
  5538 : 010D;
  5539 : 0012;
  5540 : 010C;
  5541 : 0014;
  5542 : 0104;
  5543 : 002B;
  5544 : 0005;
  5545 : 010E;
  5546 : 000F;
  5547 : 010D;
  5548 : 0043;
  5549 : 0005;
  5550 : 0110;
  5551 : 000C;
  5552 : 010D;
  5553 : 0044;
  5554 : 0006;
  5555 : 0112;
  5556 : 0008;
  5557 : 010E;
  5558 : 0044;
  5559 : 0007;
  5560 : 0113;
  5561 : 0002;
  5562 : 0101;
  5563 : 0002;
  5564 : 010D;
  5565 : 0046;
  5566 : 0008;
  5567 : 0123;
  5568 : 0047;
  5569 : 0009;
  5570 : 0121;
  5571 : 0048;
  5572 : 000A;
  5573 : 011F;
  5574 : 0049;
  5575 : 000B;
  5576 : 011D;
  5577 : 004A;
  5578 : 000D;
  5579 : 011B;
  5580 : 004A;
  5581 : 000E;
  5582 : 011A;
  5583 : 004A;
  5584 : 0011;
  5585 : 0117;
  5586 : 004A;
  5587 : 0012;
  5588 : 0116;
  5589 : 004A;
  5590 : 0017;
  5591 : 0110;
  5592 : 004B;
  5593 : 001D;
  5594 : 010B;
  5595 : 004A;
  5596 : 001E;
  5597 : 010A;
  5598 : 004A;
  5599 : 001E;
  5600 : 010A;
  5601 : 004A;
  5602 : 001E;
  5603 : 010B;
  5604 : 0049;
  5605 : 001F;
  5606 : 010A;
  5607 : 0023;
  5608 : 0106;
  5609 : 0020;
  5610 : 001F;
  5611 : 010B;
  5612 : 0021;
  5613 : 0108;
  5614 : 001F;
  5615 : 0020;
  5616 : 010A;
  5617 : 0020;
  5618 : 0109;
  5619 : 001F;
  5620 : 0020;
  5621 : 010B;
  5622 : 001F;
  5623 : 010A;
  5624 : 001E;
  5625 : 0020;
  5626 : 010C;
  5627 : 001E;
  5628 : 010B;
  5629 : 001D;
  5630 : 0021;
  5631 : 010B;
  5632 : 001E;
  5633 : 010B;
  5634 : 001D;
  5635 : 0021;
  5636 : 010D;
  5637 : 001D;
  5638 : 010A;
  5639 : 001D;
  5640 : 0022;
  5641 : 010D;
  5642 : 001C;
  5643 : 010B;
  5644 : 001C;
  5645 : 0023;
  5646 : 010E;
  5647 : 001B;
  5648 : 010A;
  5649 : 001C;
  5650 : 0024;
  5651 : 010E;
  5652 : 0019;
  5653 : 010A;
  5654 : 001D;
  5655 : 0024;
  5656 : 0111;
  5657 : 0015;
  5658 : 010C;
  5659 : 001C;
  5660 : 0026;
  5661 : 0112;
  5662 : 0011;
  5663 : 010C;
  5664 : 001D;
  5665 : 0026;
  5666 : 0117;
  5667 : 0008;
  5668 : 0110;
  5669 : 001D;
  5670 : 0027;
  5671 : 012E;
  5672 : 001D;
  5673 : 0029;
  5674 : 012B;
  5675 : 001E;
  5676 : 002A;
  5677 : 0129;
  5678 : 001F;
  5679 : 002B;
  5680 : 0128;
  5681 : 001F;
  5682 : 002C;
  5683 : 0126;
  5684 : 0020;
  5685 : 002F;
  5686 : 0121;
  5687 : 0022;
  5688 : 0031;
  5689 : 011E;
  5690 : 0023;
  5691 : 0034;
  5692 : 0119;
  5693 : 0025;
  5694 : 0039;
  5695 : 0111;
  5696 : 0028;
  5697 : 003F;
  5698 : 0102;
  5699 : 0001;
  5700 : 0103;
  5701 : 0001;
  5702 : 0101;
  5703 : 002B;
  5704 : 0072;
  5705 : 0072;
  5706 : 0000;
  5707 : 006E;
  5708 : 0100;
  5709 : 0000;
  5710 : 4101;
  5711 : 1208;
  5712 : 0000;
  5713 : 2001;
  5714 : 5700;
  5715 : 0000;
  5716 : 4101;
  5717 : 0108;
  5718 : 0000;
  5719 : 0002;
  5720 : 0100;
  5721 : AD55;
  5722 : 3801;
  5723 : 0EC6;
  5724 : C618;
  5725 : 3801;
  5726 : 01C6;
  5727 : B596;
  5728 : 0001;
  5729 : 0100;
  5730 : 0841;
  5731 : 001D;
  5732 : 0100;
  5733 : BDF7;
  5734 : 1836;
  5735 : 01C6;
  5736 : C638;
  5737 : 5501;
  5738 : 02AD;
  5739 : 0000;
  5740 : 0002;
  5741 : 0100;
  5742 : E73C;
  5743 : FF11;
  5744 : 01FF;
  5745 : BDD7;
  5746 : 001D;
  5747 : 0100;
  5748 : CE79;
  5749 : FF38;
  5750 : 01FF;
  5751 : E73C;
  5752 : 0002;
  5753 : 0200;
  5754 : 0000;
  5755 : 1C01;
  5756 : 11E7;
  5757 : FFFF;
  5758 : FB01;
  5759 : 02DE;
  5760 : 0000;
  5761 : 2001;
  5762 : 1700;
  5763 : 0000;
  5764 : 2001;
  5765 : 0100;
  5766 : 0000;
  5767 : 4501;
  5768 : 0129;
  5769 : F79E;
  5770 : FF38;
  5771 : 01FF;
  5772 : E71C;
  5773 : 0002;
  5774 : 0200;
  5775 : 0000;
  5776 : 1C01;
  5777 : 12E7;
  5778 : FFFF;
  5779 : 9A01;
  5780 : 01D6;
  5781 : 3186;
  5782 : 0019;
  5783 : 0100;
  5784 : 528A;
  5785 : 1C01;
  5786 : 39E7;
  5787 : FFFF;
  5788 : 1C01;
  5789 : 02E7;
  5790 : 0000;
  5791 : 0002;
  5792 : 0100;
  5793 : E71C;
  5794 : FF13;
  5795 : 01FF;
  5796 : 7BEF;
  5797 : 0019;
  5798 : 0100;
  5799 : A534;
  5800 : FF3A;
  5801 : 01FF;
  5802 : E71C;
  5803 : 0002;
  5804 : 0200;
  5805 : 0000;
  5806 : 1C01;
  5807 : 13E7;
  5808 : FFFF;
  5809 : 5D01;
  5810 : 01EF;
  5811 : 3186;
  5812 : 0017;
  5813 : 0100;
  5814 : 630C;
  5815 : 9E01;
  5816 : 3AF7;
  5817 : FFFF;
  5818 : 1C01;
  5819 : 02E7;
  5820 : 0000;
  5821 : 0002;
  5822 : 0100;
  5823 : E71C;
  5824 : FF14;
  5825 : 01FF;
  5826 : EF5D;
  5827 : 2801;
  5828 : 1542;
  5829 : 0000;
  5830 : 0C01;
  5831 : 0163;
  5832 : F7BE;
  5833 : FF3B;
  5834 : 01FF;
  5835 : E71C;
  5836 : 0002;
  5837 : 0200;
  5838 : 0000;
  5839 : 1C01;
  5840 : 15E7;
  5841 : FFFF;
  5842 : 9A01;
  5843 : 01D6;
  5844 : 0000;
  5845 : 4101;
  5846 : 1108;
  5847 : 0000;
  5848 : 4101;
  5849 : 0108;
  5850 : 0000;
  5851 : 5D01;
  5852 : 3CEF;
  5853 : FFFF;
  5854 : 1C01;
  5855 : 02E7;
  5856 : 0000;
  5857 : 0002;
  5858 : 0100;
  5859 : E71C;
  5860 : FF15;
  5861 : 01FF;
  5862 : F79E;
  5863 : AE01;
  5864 : 0173;
  5865 : 0000;
  5866 : 2001;
  5867 : 0F00;
  5868 : 0000;
  5869 : 2001;
  5870 : 0100;
  5871 : 0000;
  5872 : 9201;
  5873 : 0194;
  5874 : FFDF;
  5875 : FF3C;
  5876 : 01FF;
  5877 : E71C;
  5878 : 0002;
  5879 : 0200;
  5880 : 0000;
  5881 : 1C01;
  5882 : 16E7;
  5883 : FFFF;
  5884 : BE01;
  5885 : 01F7;
  5886 : 632C;
  5887 : 0011;
  5888 : 0100;
  5889 : 8C51;
  5890 : FF3E;
  5891 : 01FF;
  5892 : E71C;
  5893 : 0002;
  5894 : 0200;
  5895 : 0000;
  5896 : 1C01;
  5897 : 17E7;
  5898 : FFFF;
  5899 : D301;
  5900 : 119C;
  5901 : 0000;
  5902 : D701;
  5903 : 3EBD;
  5904 : FFFF;
  5905 : 1C01;
  5906 : 02E7;
  5907 : 0000;
  5908 : 0002;
  5909 : 0100;
  5910 : E71C;
  5911 : FF18;
  5912 : 01FF;
  5913 : 9CD3;
  5914 : 000F;
  5915 : 0100;
  5916 : B596;
  5917 : FF3F;
  5918 : 01FF;
  5919 : E71C;
  5920 : 0002;
  5921 : 0200;
  5922 : 0000;
  5923 : 1C01;
  5924 : 18E7;
  5925 : FFFF;
  5926 : 9E01;
  5927 : 01F7;
  5928 : 0000;
  5929 : 2001;
  5930 : 0D00;
  5931 : 0000;
  5932 : FF40;
  5933 : 01FF;
  5934 : E71C;
  5935 : 0002;
  5936 : 0200;
  5937 : 0000;
  5938 : 1C01;
  5939 : 19E7;
  5940 : FFFF;
  5941 : D701;
  5942 : 0DBD;
  5943 : 0000;
  5944 : 7901;
  5945 : 40CE;
  5946 : FFFF;
  5947 : 1C01;
  5948 : 02E7;
  5949 : 0000;
  5950 : 0002;
  5951 : 0100;
  5952 : E71C;
  5953 : FF1A;
  5954 : 01FF;
  5955 : BDD7;
  5956 : 000A;
  5957 : 0100;
  5958 : 0861;
  5959 : 7901;
  5960 : 41CE;
  5961 : FFFF;
  5962 : 1C01;
  5963 : 02E7;
  5964 : 0000;
  5965 : 0002;
  5966 : 0100;
  5967 : E71C;
  5968 : FF1B;
  5969 : 01FF;
  5970 : 73AE;
  5971 : 0007;
  5972 : 0100;
  5973 : 0020;
  5974 : 0001;
  5975 : 0100;
  5976 : 9CF3;
  5977 : FF42;
  5978 : 01FF;
  5979 : E71C;
  5980 : 0002;
  5981 : 0200;
  5982 : 0000;
  5983 : 1C01;
  5984 : 1BE7;
  5985 : FFFF;
  5986 : 9A01;
  5987 : 08D6;
  5988 : 0000;
  5989 : A601;
  5990 : 0131;
  5991 : E71C;
  5992 : FF42;
  5993 : 01FF;
  5994 : E71C;
  5995 : 0002;
  5996 : 0200;
  5997 : 0000;
  5998 : 1C01;
  5999 : 1CE7;
  6000 : FFFF;
  6001 : BA01;
  6002 : 07D6;
  6003 : 0000;
  6004 : 3C01;
  6005 : 43E7;
  6006 : FFFF;
  6007 : 1C01;
  6008 : 02E7;
  6009 : 0000;
  6010 : 0002;
  6011 : 0100;
  6012 : E71C;
  6013 : FF1C;
  6014 : 01FF;
  6015 : F7BE;
  6016 : E701;
  6017 : 0139;
  6018 : 0000;
  6019 : 2001;
  6020 : 0100;
  6021 : 0000;
  6022 : 4101;
  6023 : 0108;
  6024 : 0000;
  6025 : 0C01;
  6026 : 1C63;
  6027 : FFFF;
  6028 : 5D01;
  6029 : 01EF;
  6030 : 2124;
  6031 : 0825;
  6032 : 0142;
  6033 : 4228;
  6034 : C701;
  6035 : 0239;
  6036 : 0000;
  6037 : 0002;
  6038 : 0100;
  6039 : E71C;
  6040 : FF1D;
  6041 : 01FF;
  6042 : EF5D;
  6043 : CB01;
  6044 : 015A;
  6045 : 0000;
  6046 : 4101;
  6047 : 0108;
  6048 : 0000;
  6049 : 4D01;
  6050 : 016B;
  6051 : F7BE;
  6052 : FF1C;
  6053 : 01FF;
  6054 : EF5D;
  6055 : 002A;
  6056 : 0200;
  6057 : 0000;
  6058 : 1C01;
  6059 : 1EE7;
  6060 : FFFF;
  6061 : 7501;
  6062 : 02AD;
  6063 : 0000;
  6064 : AE01;
  6065 : 0173;
  6066 : F79E;
  6067 : FF1D;
  6068 : 01FF;
  6069 : EF5D;
  6070 : 002A;
  6071 : 0200;
  6072 : 0000;
  6073 : 1C01;
  6074 : 1EE7;
  6075 : FFFF;
  6076 : BE01;
  6077 : 01F7;
  6078 : 6B6D;
  6079 : 0001;
  6080 : 0100;
  6081 : AD55;
  6082 : FF1E;
  6083 : 01FF;
  6084 : EF5D;
  6085 : 002A;
  6086 : 0200;
  6087 : 0000;
  6088 : 1C01;
  6089 : 1FE7;
  6090 : FFFF;
  6091 : DF01;
  6092 : 01FF;
  6093 : 94B2;
  6094 : FF1F;
  6095 : 01FF;
  6096 : EF5D;
  6097 : 002A;
  6098 : 0200;
  6099 : 0000;
  6100 : 1C01;
  6101 : 40E7;
  6102 : FFFF;
  6103 : 5D01;
  6104 : 2AEF;
  6105 : 0000;
  6106 : 0002;
  6107 : 0100;
  6108 : E71C;
  6109 : FF40;
  6110 : 01FF;
  6111 : EF5D;
  6112 : 002A;
  6113 : 0200;
  6114 : 0000;
  6115 : 1C01;
  6116 : 40E7;
  6117 : FFFF;
  6118 : 5D01;
  6119 : 2AEF;
  6120 : 0000;
  6121 : 0002;
  6122 : 0100;
  6123 : E71C;
  6124 : FF40;
  6125 : 01FF;
  6126 : EF5D;
  6127 : 0009;
  6128 : 0100;
  6129 : 0020;
  6130 : 001E;
  6131 : 0100;
  6132 : 0020;
  6133 : 0001;
  6134 : 0200;
  6135 : 0000;
  6136 : 1C01;
  6137 : 40E7;
  6138 : FFFF;
  6139 : 5D01;
  6140 : 0AEF;
  6141 : 0000;
  6142 : B201;
  6143 : 1C94;
  6144 : A514;
  6145 : 7101;
  6146 : 028C;
  6147 : 0000;
  6148 : 0002;
  6149 : 0100;
  6150 : E71C;
  6151 : FF40;
  6152 : 01FF;
  6153 : EF5D;
  6154 : 000A;
  6155 : 0100;
  6156 : F79E;
  6157 : FF1C;
  6158 : 01FF;
  6159 : E73C;
  6160 : 0002;
  6161 : 0200;
  6162 : 0000;
  6163 : 1C01;
  6164 : 10E7;
  6165 : FFFF;
  6166 : 1401;
  6167 : 1EA5;
  6168 : FFFF;
  6169 : F302;
  6170 : 0F9C;
  6171 : FFFF;
  6172 : 5D01;
  6173 : 0AEF;
  6174 : 0000;
  6175 : 7D01;
  6176 : 1CEF;
  6177 : FFFF;
  6178 : 1C01;
  6179 : 02E7;
  6180 : 0000;
  6181 : 0002;
  6182 : 0100;
  6183 : E71C;
  6184 : FF10;
  6185 : 01FF;
  6186 : 0861;
  6187 : B201;
  6188 : 1C94;
  6189 : FFFF;
  6190 : DF01;
  6191 : 01FF;
  6192 : 5ACB;
  6193 : 2C01;
  6194 : 0F63;
  6195 : FFFF;
  6196 : 5D01;
  6197 : 0AEF;
  6198 : 0000;
  6199 : 7D01;
  6200 : 1CEF;
  6201 : FFFF;
  6202 : 1C01;
  6203 : 02E7;
  6204 : 0000;
  6205 : 0002;
  6206 : 0100;
  6207 : E71C;
  6208 : FF10;
  6209 : 01FF;
  6210 : 4208;
  6211 : 0001;
  6212 : 0100;
  6213 : 9CF3;
  6214 : DF01;
  6215 : 19FF;
  6216 : FFFF;
  6217 : BE01;
  6218 : 01F7;
  6219 : 8410;
  6220 : 0001;
  6221 : 0100;
  6222 : 73AE;
  6223 : FF0F;
  6224 : 01FF;
  6225 : EF5D;
  6226 : 000A;
  6227 : 0100;
  6228 : EF7D;
  6229 : FF1C;
  6230 : 01FF;
  6231 : E71C;
  6232 : 0002;
  6233 : 0200;
  6234 : 0000;
  6235 : 1C01;
  6236 : 10E7;
  6237 : FFFF;
  6238 : 0801;
  6239 : 0242;
  6240 : 0000;
  6241 : 3C01;
  6242 : 19E7;
  6243 : FFFF;
  6244 : 7901;
  6245 : 02CE;
  6246 : 0000;
  6247 : AE01;
  6248 : 0F73;
  6249 : FFFF;
  6250 : 5D01;
  6251 : 0AEF;
  6252 : 0000;
  6253 : 7D01;
  6254 : 1CEF;
  6255 : FFFF;
  6256 : 1C01;
  6257 : 02E7;
  6258 : 0000;
  6259 : 0002;
  6260 : 0100;
  6261 : E71C;
  6262 : FF10;
  6263 : 01FF;
  6264 : 4208;
  6265 : 0002;
  6266 : 0100;
  6267 : 738E;
  6268 : DF01;
  6269 : 17FF;
  6270 : FFFF;
  6271 : 7D01;
  6272 : 01EF;
  6273 : 5ACB;
  6274 : 0002;
  6275 : 0100;
  6276 : 73AE;
  6277 : FF0F;
  6278 : 01FF;
  6279 : EF5D;
  6280 : 000A;
  6281 : 0100;
  6282 : EF7D;
  6283 : FF1C;
  6284 : 01FF;
  6285 : E71C;
  6286 : 0002;
  6287 : 0200;
  6288 : 0000;
  6289 : 1C01;
  6290 : 10E7;
  6291 : FFFF;
  6292 : 0801;
  6293 : 0342;
  6294 : 0000;
  6295 : 6D01;
  6296 : 016B;
  6297 : F7BE;
  6298 : FF15;
  6299 : 01FF;
  6300 : EF7D;
  6301 : 0801;
  6302 : 0142;
  6303 : 0000;
  6304 : 2001;
  6305 : 0100;
  6306 : 0000;
  6307 : AE01;
  6308 : 0F73;
  6309 : FFFF;
  6310 : 5D01;
  6311 : 0AEF;
  6312 : 0000;
  6313 : 7D01;
  6314 : 1CEF;
  6315 : FFFF;
  6316 : 1C01;
  6317 : 02E7;
  6318 : 0000;
  6319 : 0002;
  6320 : 0100;
  6321 : E71C;
  6322 : FF10;
  6323 : 01FF;
  6324 : 4208;
  6325 : 0004;
  6326 : 0100;
  6327 : A514;
  6328 : FF15;
  6329 : 01FF;
  6330 : 73AE;
  6331 : 0004;
  6332 : 0100;
  6333 : 73AE;
  6334 : FF0F;
  6335 : 01FF;
  6336 : EF5D;
  6337 : 000A;
  6338 : 0100;
  6339 : EF7D;
  6340 : FF1C;
  6341 : 01FF;
  6342 : E71C;
  6343 : 0002;
  6344 : 0200;
  6345 : 0000;
  6346 : 1C01;
  6347 : 10E7;
  6348 : FFFF;
  6349 : 0801;
  6350 : 0442;
  6351 : 0000;
  6352 : CB01;
  6353 : 015A;
  6354 : E73C;
  6355 : FF13;
  6356 : 01FF;
  6357 : DEDB;
  6358 : E701;
  6359 : 0439;
  6360 : 0000;
  6361 : AE01;
  6362 : 0F73;
  6363 : FFFF;
  6364 : 5D01;
  6365 : 0AEF;
  6366 : 0000;
  6367 : 7D01;
  6368 : 1CEF;
  6369 : FFFF;
  6370 : 1C01;
  6371 : 02E7;
  6372 : 0000;
  6373 : 0002;
  6374 : 0100;
  6375 : E71C;
  6376 : FF10;
  6377 : 01FF;
  6378 : 4208;
  6379 : 0003;
  6380 : 0100;
  6381 : 0020;
  6382 : 0001;
  6383 : 0100;
  6384 : 4208;
  6385 : 7D01;
  6386 : 11EF;
  6387 : FFFF;
  6388 : DB01;
  6389 : 01DE;
  6390 : 0841;
  6391 : 0001;
  6392 : 0100;
  6393 : 0020;
  6394 : 0003;
  6395 : 0100;
  6396 : 73AE;
  6397 : FF0F;
  6398 : 01FF;
  6399 : EF5D;
  6400 : 000A;
  6401 : 0100;
  6402 : EF7D;
  6403 : FF1C;
  6404 : 01FF;
  6405 : E71C;
  6406 : 0002;
  6407 : 0200;
  6408 : 0000;
  6409 : 1C01;
  6410 : 10E7;
  6411 : FFFF;
  6412 : 0801;
  6413 : 0442;
  6414 : 0000;
  6415 : 2001;
  6416 : 0100;
  6417 : 0000;
  6418 : 9A01;
  6419 : 10D6;
  6420 : FFFF;
  6421 : 9E01;
  6422 : 02F7;
  6423 : 0000;
  6424 : 2001;
  6425 : 0400;
  6426 : 0000;
  6427 : AE01;
  6428 : 0F73;
  6429 : FFFF;
  6430 : 5D01;
  6431 : 0AEF;
  6432 : 0000;
  6433 : 7D01;
  6434 : 1CEF;
  6435 : FFFF;
  6436 : 1C01;
  6437 : 02E7;
  6438 : 0000;
  6439 : 0002;
  6440 : 0100;
  6441 : E71C;
  6442 : FF10;
  6443 : 01FF;
  6444 : 4208;
  6445 : 0007;
  6446 : 0100;
  6447 : D6BA;
  6448 : FF0F;
  6449 : 01FF;
  6450 : C618;
  6451 : 0007;
  6452 : 0100;
  6453 : 73AE;
  6454 : FF0F;
  6455 : 01FF;
  6456 : EF5D;
  6457 : 000A;
  6458 : 0100;
  6459 : EF7D;
  6460 : FF1C;
  6461 : 01FF;
  6462 : E71C;
  6463 : 0002;
  6464 : 0200;
  6465 : 0000;
  6466 : 1C01;
  6467 : 10E7;
  6468 : FFFF;
  6469 : 0801;
  6470 : 0842;
  6471 : 0000;
  6472 : 9A01;
  6473 : 0DD6;
  6474 : FFFF;
  6475 : F701;
  6476 : 08BD;
  6477 : 0000;
  6478 : AE01;
  6479 : 0F73;
  6480 : FFFF;
  6481 : 5D01;
  6482 : 0AEF;
  6483 : 0000;
  6484 : 7D01;
  6485 : 1CEF;
  6486 : FFFF;
  6487 : 1C01;
  6488 : 02E7;
  6489 : 0000;
  6490 : 0002;
  6491 : 0100;
  6492 : E71C;
  6493 : FF10;
  6494 : 01FF;
  6495 : 4208;
  6496 : 0008;
  6497 : 0100;
  6498 : 94B2;
  6499 : FF0D;
  6500 : 01FF;
  6501 : 6B6D;
  6502 : 0008;
  6503 : 0100;
  6504 : 73AE;
  6505 : FF0F;
  6506 : 01FF;
  6507 : EF5D;
  6508 : 000A;
  6509 : 0100;
  6510 : EF7D;
  6511 : FF1C;
  6512 : 01FF;
  6513 : E71C;
  6514 : 0002;
  6515 : 0200;
  6516 : 0000;
  6517 : 1C01;
  6518 : 10E7;
  6519 : FFFF;
  6520 : 0801;
  6521 : 0942;
  6522 : 0000;
  6523 : D701;
  6524 : 0BBD;
  6525 : FFFF;
  6526 : 1401;
  6527 : 09A5;
  6528 : 0000;
  6529 : AE01;
  6530 : 0F73;
  6531 : FFFF;
  6532 : 5D01;
  6533 : 0AEF;
  6534 : 0000;
  6535 : 7D01;
  6536 : 1CEF;
  6537 : FFFF;
  6538 : 1C01;
  6539 : 02E7;
  6540 : 0000;
  6541 : 0002;
  6542 : 0100;
  6543 : E71C;
  6544 : FF10;
  6545 : 01FF;
  6546 : 4208;
  6547 : 000A;
  6548 : 0100;
  6549 : EF5D;
  6550 : FF09;
  6551 : 01FF;
  6552 : A534;
  6553 : 000A;
  6554 : 0100;
  6555 : 73AE;
  6556 : FF0F;
  6557 : 01FF;
  6558 : EF5D;
  6559 : 000A;
  6560 : 0100;
  6561 : F79E;
  6562 : FF1C;
  6563 : 01FF;
  6564 : E73C;
  6565 : 0002;
  6566 : 0200;
  6567 : 0000;
  6568 : 1C01;
  6569 : 10E7;
  6570 : FFFF;
  6571 : 0801;
  6572 : 0A42;
  6573 : 0000;
  6574 : D301;
  6575 : 089C;
  6576 : FFFF;
  6577 : 7D01;
  6578 : 01EF;
  6579 : 0000;
  6580 : 4101;
  6581 : 0908;
  6582 : 0000;
  6583 : AE01;
  6584 : 0F73;
  6585 : FFFF;
  6586 : 5D01;
  6587 : 0AEF;
  6588 : 0000;
  6589 : F301;
  6590 : 019C;
  6591 : AD75;
  6592 : 551A;
  6593 : 01AD;
  6594 : AD75;
  6595 : B201;
  6596 : 0294;
  6597 : 0000;
  6598 : 0002;
  6599 : 0100;
  6600 : E71C;
  6601 : FF10;
  6602 : 01FF;
  6603 : 4208;
  6604 : 0009;
  6605 : 0100;
  6606 : 0020;
  6607 : 0001;
  6608 : 0100;
  6609 : 94B2;
  6610 : FF07;
  6611 : 01FF;
  6612 : 7BCF;
  6613 : 000B;
  6614 : 0100;
  6615 : 73AE;
  6616 : FF0F;
  6617 : 01FF;
  6618 : EF5D;
  6619 : 0009;
  6620 : 0100;
  6621 : 0020;
  6622 : 001E;
  6623 : 0100;
  6624 : 0020;
  6625 : 0001;
  6626 : 0200;
  6627 : 0000;
  6628 : 1C01;
  6629 : 10E7;
  6630 : FFFF;
  6631 : 0801;
  6632 : 0C42;
  6633 : 0000;
  6634 : 5501;
  6635 : 05AD;
  6636 : FFFF;
  6637 : 3001;
  6638 : 0C84;
  6639 : 0000;
  6640 : AE01;
  6641 : 0F73;
  6642 : FFFF;
  6643 : 5D01;
  6644 : 2AEF;
  6645 : 0000;
  6646 : 0002;
  6647 : 0100;
  6648 : E71C;
  6649 : FF10;
  6650 : 01FF;
  6651 : 4208;
  6652 : 000C;
  6653 : 0100;
  6654 : 7BCF;
  6655 : BE01;
  6656 : 03F7;
  6657 : FFFF;
  6658 : 5D01;
  6659 : 01EF;
  6660 : 5ACB;
  6661 : 000C;
  6662 : 0100;
  6663 : 73AE;
  6664 : FF0F;
  6665 : 01FF;
  6666 : EF5D;
  6667 : 002A;
  6668 : 0200;
  6669 : 0000;
  6670 : 1C01;
  6671 : 10E7;
  6672 : FFFF;
  6673 : 0801;
  6674 : 0B42;
  6675 : 0000;
  6676 : 4101;
  6677 : 0108;
  6678 : 0000;
  6679 : AE01;
  6680 : 0173;
  6681 : F7BE;
  6682 : FF01;
  6683 : 01FF;
  6684 : EF7D;
  6685 : AA01;
  6686 : 0152;
  6687 : 0000;
  6688 : 2001;
  6689 : 0B00;
  6690 : 0000;
  6691 : AE01;
  6692 : 0F73;
  6693 : FFFF;
  6694 : 5D01;
  6695 : 2AEF;
  6696 : 0000;
  6697 : 0002;
  6698 : 0100;
  6699 : E71C;
  6700 : FF10;
  6701 : 01FF;
  6702 : 4208;
  6703 : 000C;
  6704 : 0100;
  6705 : 0841;
  6706 : 0001;
  6707 : 0100;
  6708 : E73C;
  6709 : 9E01;
  6710 : 01F7;
  6711 : 4A69;
  6712 : 0001;
  6713 : 0100;
  6714 : 0841;
  6715 : 000C;
  6716 : 0100;
  6717 : 73AE;
  6718 : FF0F;
  6719 : 01FF;
  6720 : EF5D;
  6721 : 002A;
  6722 : 0200;
  6723 : 0000;
  6724 : 1C01;
  6725 : 10E7;
  6726 : FFFF;
  6727 : 0801;
  6728 : 0E42;
  6729 : 0000;
  6730 : 6501;
  6731 : 0129;
  6732 : 2945;
  6733 : 0001;
  6734 : 0100;
  6735 : 0020;
  6736 : 000D;
  6737 : 0100;
  6738 : 73AE;
  6739 : FF0F;
  6740 : 01FF;
  6741 : EF5D;
  6742 : 002A;
  6743 : 0200;
  6744 : 0000;
  6745 : 1C01;
  6746 : 10E7;
  6747 : FFFF;
  6748 : 0801;
  6749 : 1F42;
  6750 : 0000;
  6751 : AE01;
  6752 : 0F73;
  6753 : FFFF;
  6754 : 5D01;
  6755 : 2AEF;
  6756 : 0000;
  6757 : 0002;
  6758 : 0100;
  6759 : E71C;
  6760 : FF10;
  6761 : 01FF;
  6762 : 4208;
  6763 : 001F;
  6764 : 0100;
  6765 : 73AE;
  6766 : FF0F;
  6767 : 01FF;
  6768 : EF5D;
  6769 : 002A;
  6770 : 0200;
  6771 : 0000;
  6772 : 1C01;
  6773 : 10E7;
  6774 : FFFF;
  6775 : 0801;
  6776 : 1F42;
  6777 : 0000;
  6778 : AE01;
  6779 : 0F73;
  6780 : FFFF;
  6781 : 5D01;
  6782 : 2AEF;
  6783 : 0000;
  6784 : 0002;
  6785 : 0100;
  6786 : E71C;
  6787 : FF10;
  6788 : 01FF;
  6789 : 4208;
  6790 : 001F;
  6791 : 0100;
  6792 : 73AE;
  6793 : FF0F;
  6794 : 01FF;
  6795 : EF5D;
  6796 : 000A;
  6797 : 0100;
  6798 : 6B6D;
  6799 : CF01;
  6800 : 1A7B;
  6801 : 73AE;
  6802 : CF01;
  6803 : 017B;
  6804 : 6B4D;
  6805 : 0002;
  6806 : 0200;
  6807 : 0000;
  6808 : 1C01;
  6809 : 10E7;
  6810 : FFFF;
  6811 : 0801;
  6812 : 1F42;
  6813 : 0000;
  6814 : AE01;
  6815 : 0F73;
  6816 : FFFF;
  6817 : 5D01;
  6818 : 0AEF;
  6819 : 0000;
  6820 : 9E01;
  6821 : 1CF7;
  6822 : FFFF;
  6823 : 3C01;
  6824 : 02E7;
  6825 : 0000;
  6826 : 0002;
  6827 : 0100;
  6828 : E71C;
  6829 : FF10;
  6830 : 01FF;
  6831 : 4208;
  6832 : 001F;
  6833 : 0100;
  6834 : 73AE;
  6835 : FF0F;
  6836 : 01FF;
  6837 : EF5D;
  6838 : 000A;
  6839 : 0100;
  6840 : EF7D;
  6841 : FF1C;
  6842 : 01FF;
  6843 : E71C;
  6844 : 0002;
  6845 : 0200;
  6846 : 0000;
  6847 : 1C01;
  6848 : 10E7;
  6849 : FFFF;
  6850 : 0801;
  6851 : 1F42;
  6852 : 0000;
  6853 : AE01;
  6854 : 0F73;
  6855 : FFFF;
  6856 : 5D01;
  6857 : 0AEF;
  6858 : 0000;
  6859 : 7D01;
  6860 : 1CEF;
  6861 : FFFF;
  6862 : 1C01;
  6863 : 02E7;
  6864 : 0000;
  6865 : 0002;
  6866 : 0100;
  6867 : E71C;
  6868 : FF10;
  6869 : 01FF;
  6870 : 4208;
  6871 : 001F;
  6872 : 0100;
  6873 : 73AE;
  6874 : FF0F;
  6875 : 01FF;
  6876 : EF5D;
  6877 : 000A;
  6878 : 0100;
  6879 : EF7D;
  6880 : FF1C;
  6881 : 01FF;
  6882 : E71C;
  6883 : 0002;
  6884 : 0200;
  6885 : 0000;
  6886 : 1C01;
  6887 : 10E7;
  6888 : FFFF;
  6889 : 0801;
  6890 : 1F42;
  6891 : 0000;
  6892 : AE01;
  6893 : 0F73;
  6894 : FFFF;
  6895 : 5D01;
  6896 : 0AEF;
  6897 : 0000;
  6898 : 7D01;
  6899 : 1CEF;
  6900 : FFFF;
  6901 : 1C01;
  6902 : 02E7;
  6903 : 0000;
  6904 : 0002;
  6905 : 0100;
  6906 : E71C;
  6907 : FF10;
  6908 : 01FF;
  6909 : 4208;
  6910 : 001F;
  6911 : 0100;
  6912 : 73AE;
  6913 : FF0F;
  6914 : 01FF;
  6915 : EF5D;
  6916 : 000A;
  6917 : 0100;
  6918 : EF7D;
  6919 : FF1C;
  6920 : 01FF;
  6921 : E71C;
  6922 : 0002;
  6923 : 0200;
  6924 : 0000;
  6925 : 1C01;
  6926 : 10E7;
  6927 : FFFF;
  6928 : 0801;
  6929 : 1F42;
  6930 : 0000;
  6931 : AE01;
  6932 : 0F73;
  6933 : FFFF;
  6934 : 5D01;
  6935 : 0AEF;
  6936 : 0000;
  6937 : 7D01;
  6938 : 1CEF;
  6939 : FFFF;
  6940 : 1C01;
  6941 : 02E7;
  6942 : 0000;
  6943 : 0002;
  6944 : 0100;
  6945 : E71C;
  6946 : FF10;
  6947 : 01FF;
  6948 : 4208;
  6949 : 001F;
  6950 : 0100;
  6951 : 73AE;
  6952 : FF0F;
  6953 : 01FF;
  6954 : EF5D;
  6955 : 000A;
  6956 : 0100;
  6957 : EF7D;
  6958 : FF1C;
  6959 : 01FF;
  6960 : E71C;
  6961 : 0002;
  6962 : 0200;
  6963 : 0000;
  6964 : 1C01;
  6965 : 10E7;
  6966 : FFFF;
  6967 : 0801;
  6968 : 1F42;
  6969 : 0000;
  6970 : AE01;
  6971 : 0F73;
  6972 : FFFF;
  6973 : 5D01;
  6974 : 0AEF;
  6975 : 0000;
  6976 : 7D01;
  6977 : 1CEF;
  6978 : FFFF;
  6979 : 1C01;
  6980 : 02E7;
  6981 : 0000;
  6982 : 0002;
  6983 : 0100;
  6984 : E71C;
  6985 : FF10;
  6986 : 01FF;
  6987 : 4208;
  6988 : 001F;
  6989 : 0100;
  6990 : 73AE;
  6991 : FF0F;
  6992 : 01FF;
  6993 : EF5D;
  6994 : 000A;
  6995 : 0100;
  6996 : EF7D;
  6997 : FF1C;
  6998 : 01FF;
  6999 : E71C;
  7000 : 0002;
  7001 : 0200;
  7002 : 0000;
  7003 : 1C01;
  7004 : 10E7;
  7005 : FFFF;
  7006 : 0801;
  7007 : 1F42;
  7008 : 0000;
  7009 : AE01;
  7010 : 0F73;
  7011 : FFFF;
  7012 : 5D01;
  7013 : 0AEF;
  7014 : 0000;
  7015 : 7D01;
  7016 : 1CEF;
  7017 : FFFF;
  7018 : 1C01;
  7019 : 02E7;
  7020 : 0000;
  7021 : 0002;
  7022 : 0100;
  7023 : E71C;
  7024 : FF10;
  7025 : 01FF;
  7026 : 4208;
  7027 : 001F;
  7028 : 0100;
  7029 : 73AE;
  7030 : FF0F;
  7031 : 01FF;
  7032 : EF5D;
  7033 : 000A;
  7034 : 0100;
  7035 : EF7D;
  7036 : FF1C;
  7037 : 01FF;
  7038 : E71C;
  7039 : 0002;
  7040 : 0200;
  7041 : 0000;
  7042 : 1C01;
  7043 : 10E7;
  7044 : FFFF;
  7045 : 0801;
  7046 : 1F42;
  7047 : 0000;
  7048 : AE01;
  7049 : 0F73;
  7050 : FFFF;
  7051 : 5D01;
  7052 : 0AEF;
  7053 : 0000;
  7054 : 7D01;
  7055 : 1CEF;
  7056 : FFFF;
  7057 : 1C01;
  7058 : 02E7;
  7059 : 0000;
  7060 : 0002;
  7061 : 0100;
  7062 : E71C;
  7063 : FF10;
  7064 : 01FF;
  7065 : 4208;
  7066 : 001F;
  7067 : 0100;
  7068 : 73AE;
  7069 : FF0F;
  7070 : 01FF;
  7071 : EF5D;
  7072 : 000A;
  7073 : 0100;
  7074 : EF7D;
  7075 : FF1C;
  7076 : 01FF;
  7077 : E71C;
  7078 : 0002;
  7079 : 0200;
  7080 : 0000;
  7081 : 1C01;
  7082 : 10E7;
  7083 : FFFF;
  7084 : 0801;
  7085 : 1F42;
  7086 : 0000;
  7087 : AE01;
  7088 : 0F73;
  7089 : FFFF;
  7090 : 5D01;
  7091 : 0AEF;
  7092 : 0000;
  7093 : 9E01;
  7094 : 1CF7;
  7095 : FFFF;
  7096 : 3C01;
  7097 : 02E7;
  7098 : 0000;
  7099 : 0002;
  7100 : 0100;
  7101 : E71C;
  7102 : FF10;
  7103 : 01FF;
  7104 : 4208;
  7105 : 001F;
  7106 : 0100;
  7107 : 73AE;
  7108 : FF0F;
  7109 : 01FF;
  7110 : EF5D;
  7111 : 000A;
  7112 : 0100;
  7113 : D6BA;
  7114 : 5D01;
  7115 : 1AEF;
  7116 : E73C;
  7117 : 5D01;
  7118 : 01EF;
  7119 : CE79;
  7120 : 0002;
  7121 : 0200;
  7122 : 0000;
  7123 : 1C01;
  7124 : 10E7;
  7125 : FFFF;
  7126 : 0801;
  7127 : 0742;
  7128 : 0000;
  7129 : 4101;
  7130 : 0F08;
  7131 : 0000;
  7132 : 2001;
  7133 : 0700;
  7134 : 0000;
  7135 : AE01;
  7136 : 0F73;
  7137 : FFFF;
  7138 : 5D01;
  7139 : 28EF;
  7140 : 0000;
  7141 : 2001;
  7142 : 0100;
  7143 : 0000;
  7144 : 0002;
  7145 : 0100;
  7146 : E71C;
  7147 : FF10;
  7148 : 01FF;
  7149 : 4208;
  7150 : 0008;
  7151 : 0100;
  7152 : 8410;
  7153 : BA01;
  7154 : 0BD6;
  7155 : D69A;
  7156 : BA01;
  7157 : 01D6;
  7158 : 630C;
  7159 : 0008;
  7160 : 0100;
  7161 : 73AE;
  7162 : FF0F;
  7163 : 01FF;
  7164 : EF5D;
  7165 : 002A;
  7166 : 0200;
  7167 : 0000;
  7168 : 1C01;
  7169 : 10E7;
  7170 : FFFF;
  7171 : 0801;
  7172 : 0842;
  7173 : 0000;
  7174 : 3401;
  7175 : 0DA5;
  7176 : FFFF;
  7177 : EF01;
  7178 : 087B;
  7179 : 0000;
  7180 : AE01;
  7181 : 0F73;
  7182 : FFFF;
  7183 : 5D01;
  7184 : 2AEF;
  7185 : 0000;
  7186 : 0002;
  7187 : 0100;
  7188 : E71C;
  7189 : FF10;
  7190 : 01FF;
  7191 : 4208;
  7192 : 0008;
  7193 : 0100;
  7194 : A514;
  7195 : FF0D;
  7196 : 01FF;
  7197 : 7BCF;
  7198 : 0008;
  7199 : 0100;
  7200 : 73AE;
  7201 : FF0F;
  7202 : 01FF;
  7203 : EF5D;
  7204 : 002A;
  7205 : 0200;
  7206 : 0000;
  7207 : 1C01;
  7208 : 10E7;
  7209 : FFFF;
  7210 : 0801;
  7211 : 0842;
  7212 : 0000;
  7213 : 1401;
  7214 : 0DA5;
  7215 : FFFF;
  7216 : CF01;
  7217 : 087B;
  7218 : 0000;
  7219 : AE01;
  7220 : 0F73;
  7221 : FFFF;
  7222 : 5D01;
  7223 : 2AEF;
  7224 : 0000;
  7225 : 0002;
  7226 : 0100;
  7227 : E71C;
  7228 : FF10;
  7229 : 01FF;
  7230 : 4208;
  7231 : 0008;
  7232 : 0100;
  7233 : A514;
  7234 : FF0D;
  7235 : 01FF;
  7236 : 7BCF;
  7237 : 0008;
  7238 : 0100;
  7239 : 73AE;
  7240 : FF0F;
  7241 : 01FF;
  7242 : EF5D;
  7243 : 002A;
  7244 : 0200;
  7245 : 0000;
  7246 : 1C01;
  7247 : 10E7;
  7248 : FFFF;
  7249 : 0801;
  7250 : 0842;
  7251 : 0000;
  7252 : 1401;
  7253 : 0DA5;
  7254 : FFFF;
  7255 : CF01;
  7256 : 087B;
  7257 : 0000;
  7258 : AE01;
  7259 : 0F73;
  7260 : FFFF;
  7261 : 5D01;
  7262 : 2AEF;
  7263 : 0000;
  7264 : 0002;
  7265 : 0100;
  7266 : E71C;
  7267 : FF10;
  7268 : 01FF;
  7269 : 4208;
  7270 : 0008;
  7271 : 0100;
  7272 : A514;
  7273 : FF0D;
  7274 : 01FF;
  7275 : 7BCF;
  7276 : 0008;
  7277 : 0100;
  7278 : 73AE;
  7279 : FF0F;
  7280 : 01FF;
  7281 : EF5D;
  7282 : 002A;
  7283 : 0200;
  7284 : 0000;
  7285 : 1C01;
  7286 : 10E7;
  7287 : FFFF;
  7288 : 0801;
  7289 : 0842;
  7290 : 0000;
  7291 : 1401;
  7292 : 0DA5;
  7293 : FFFF;
  7294 : CF01;
  7295 : 087B;
  7296 : 0000;
  7297 : 2C01;
  7298 : 0F63;
  7299 : FFFF;
  7300 : 5D01;
  7301 : 2AEF;
  7302 : 0000;
  7303 : 0002;
  7304 : 0100;
  7305 : E71C;
  7306 : FF10;
  7307 : 01FF;
  7308 : 4208;
  7309 : 0008;
  7310 : 0100;
  7311 : A514;
  7312 : FF0D;
  7313 : 01FF;
  7314 : 73AE;
  7315 : 0007;
  7316 : 0100;
  7317 : 0861;
  7318 : DB01;
  7319 : 0FDE;
  7320 : FFFF;
  7321 : 5D01;
  7322 : 28EF;
  7323 : 0000;
  7324 : 2001;
  7325 : 0100;
  7326 : 0000;
  7327 : 0002;
  7328 : 0100;
  7329 : E71C;
  7330 : FF10;
  7331 : 01FF;
  7332 : 4208;
  7333 : 0008;
  7334 : 0100;
  7335 : A514;
  7336 : FF0D;
  7337 : 01FF;
  7338 : EF7D;
  7339 : 2801;
  7340 : 0242;
  7341 : 0000;
  7342 : 2002;
  7343 : 0200;
  7344 : 0000;
  7345 : 2801;
  7346 : 1042;
  7347 : FFFF;
  7348 : 5D01;
  7349 : 0AEF;
  7350 : 0000;
  7351 : FB01;
  7352 : 01DE;
  7353 : F79E;
  7354 : 7D1A;
  7355 : 01EF;
  7356 : F79E;
  7357 : 9A01;
  7358 : 02D6;
  7359 : 0000;
  7360 : 0002;
  7361 : 0100;
  7362 : E71C;
  7363 : FF10;
  7364 : 01FF;
  7365 : 4208;
  7366 : 0008;
  7367 : 0100;
  7368 : A514;
  7369 : FF0E;
  7370 : 01FF;
  7371 : EF7D;
  7372 : EF01;
  7373 : 017B;
  7374 : 4208;
  7375 : 0002;
  7376 : 0100;
  7377 : 39E7;
  7378 : EF01;
  7379 : 017B;
  7380 : EF7D;
  7381 : FF10;
  7382 : 01FF;
  7383 : EF5D;
  7384 : 000A;
  7385 : 0100;
  7386 : EF7D;
  7387 : FF1C;
  7388 : 01FF;
  7389 : E71C;
  7390 : 0002;
  7391 : 0200;
  7392 : 0000;
  7393 : 1C01;
  7394 : 10E7;
  7395 : FFFF;
  7396 : 0801;
  7397 : 0842;
  7398 : 0000;
  7399 : 1401;
  7400 : 10A5;
  7401 : FFFF;
  7402 : BA01;
  7403 : 02D6;
  7404 : AD55;
  7405 : BA01;
  7406 : 12D6;
  7407 : FFFF;
  7408 : 5D01;
  7409 : 0AEF;
  7410 : 0000;
  7411 : 7D01;
  7412 : 1CEF;
  7413 : FFFF;
  7414 : 1C01;
  7415 : 02E7;
  7416 : 0000;
  7417 : 0002;
  7418 : 0100;
  7419 : E71C;
  7420 : FF10;
  7421 : 01FF;
  7422 : 4208;
  7423 : 0008;
  7424 : 0100;
  7425 : A514;
  7426 : FF26;
  7427 : 01FF;
  7428 : EF5D;
  7429 : 000A;
  7430 : 0100;
  7431 : EF7D;
  7432 : FF1C;
  7433 : 01FF;
  7434 : E71C;
  7435 : 0002;
  7436 : 0200;
  7437 : 0000;
  7438 : 1C01;
  7439 : 10E7;
  7440 : FFFF;
  7441 : 0801;
  7442 : 0842;
  7443 : 0000;
  7444 : F301;
  7445 : 269C;
  7446 : FFFF;
  7447 : 5D01;
  7448 : 09EF;
  7449 : 0000;
  7450 : 8201;
  7451 : 0110;
  7452 : EF7D;
  7453 : FF1C;
  7454 : 01FF;
  7455 : E71C;
  7456 : 0002;
  7457 : 0200;
  7458 : 0000;
  7459 : 1C01;
  7460 : 10E7;
  7461 : FFFF;
  7462 : 0801;
  7463 : 0942;
  7464 : 0000;
  7465 : 5901;
  7466 : 25CE;
  7467 : FFFF;
  7468 : 7D01;
  7469 : 09EF;
  7470 : 0000;
  7471 : 9A01;
  7472 : 1DD6;
  7473 : FFFF;
  7474 : 1C01;
  7475 : 02E7;
  7476 : 0000;
  7477 : 0002;
  7478 : 0100;
  7479 : E71C;
  7480 : FF10;
  7481 : 01FF;
  7482 : 4208;
  7483 : 0009;
  7484 : 0100;
  7485 : CE59;
  7486 : FF25;
  7487 : 01FF;
  7488 : B5B6;
  7489 : 0009;
  7490 : 0100;
  7491 : D69A;
  7492 : FF1D;
  7493 : 01FF;
  7494 : E71C;
  7495 : 0002;
  7496 : 0200;
  7497 : 0000;
  7498 : 1C01;
  7499 : 10E7;
  7500 : FFFF;
  7501 : 0801;
  7502 : 0942;
  7503 : 0000;
  7504 : 5901;
  7505 : 24CE;
  7506 : FFFF;
  7507 : DF01;
  7508 : 08FF;
  7509 : 0000;
  7510 : 2001;
  7511 : 0100;
  7512 : 0000;
  7513 : 9A01;
  7514 : 1DD6;
  7515 : FFFF;
  7516 : 1C01;
  7517 : 02E7;
  7518 : 0000;
  7519 : 0002;
  7520 : 0100;
  7521 : E71C;
  7522 : FF10;
  7523 : 01FF;
  7524 : 4208;
  7525 : 0009;
  7526 : 0100;
  7527 : 39E7;
  7528 : 7D01;
  7529 : 23EF;
  7530 : FFFF;
  7531 : BE01;
  7532 : 01F7;
  7533 : 2124;
  7534 : 0008;
  7535 : 0100;
  7536 : A514;
  7537 : FF1E;
  7538 : 01FF;
  7539 : E71C;
  7540 : 0002;
  7541 : 0200;
  7542 : 0000;
  7543 : 1C01;
  7544 : 10E7;
  7545 : FFFF;
  7546 : 0801;
  7547 : 0A42;
  7548 : 0000;
  7549 : 7901;
  7550 : 23CE;
  7551 : FFFF;
  7552 : CF01;
  7553 : 077B;
  7554 : 0000;
  7555 : 2001;
  7556 : 0100;
  7557 : 0000;
  7558 : 5501;
  7559 : 1EAD;
  7560 : FFFF;
  7561 : 1C01;
  7562 : 02E7;
  7563 : 0000;
  7564 : 0002;
  7565 : 0100;
  7566 : E71C;
  7567 : FF10;
  7568 : 01FF;
  7569 : 4208;
  7570 : 000B;
  7571 : 2200;
  7572 : FFFF;
  7573 : 1C01;
  7574 : 01E7;
  7575 : 4A49;
  7576 : 0008;
  7577 : 0100;
  7578 : 4228;
  7579 : DB01;
  7580 : 1EDE;
  7581 : FFFF;
  7582 : 1C01;
  7583 : 02E7;
  7584 : 0000;
  7585 : 0002;
  7586 : 0100;
  7587 : E71C;
  7588 : FF10;
  7589 : 01FF;
  7590 : 4208;
  7591 : 000B;
  7592 : 0100;
  7593 : AD75;
  7594 : FF20;
  7595 : 01FF;
  7596 : E71C;
  7597 : E701;
  7598 : 0139;
  7599 : 0000;
  7600 : 2001;
  7601 : 0700;
  7602 : 0000;
  7603 : EF01;
  7604 : 1F7B;
  7605 : FFFF;
  7606 : 1C01;
  7607 : 02E7;
  7608 : 0000;
  7609 : 0002;
  7610 : 0100;
  7611 : E71C;
  7612 : FF10;
  7613 : 01FF;
  7614 : 4208;
  7615 : 000B;
  7616 : 0100;
  7617 : 5AEB;
  7618 : FF20;
  7619 : 01FF;
  7620 : C618;
  7621 : 0001;
  7622 : 0100;
  7623 : 0020;
  7624 : 0007;
  7625 : 0100;
  7626 : 10A2;
  7627 : 9E01;
  7628 : 1FF7;
  7629 : FFFF;
  7630 : 1C01;
  7631 : 02E7;
  7632 : 0000;
  7633 : 0002;
  7634 : 0100;
  7635 : E71C;
  7636 : FF10;
  7637 : 01FF;
  7638 : 4208;
  7639 : 000C;
  7640 : 0100;
  7641 : 8C71;
  7642 : FF1E;
  7643 : 01FF;
  7644 : D69A;
  7645 : 000A;
  7646 : 0100;
  7647 : 8430;
  7648 : FF20;
  7649 : 01FF;
  7650 : E71C;
  7651 : 0002;
  7652 : 0200;
  7653 : 0000;
  7654 : 1C01;
  7655 : 10E7;
  7656 : FFFF;
  7657 : 0801;
  7658 : 0B42;
  7659 : 0000;
  7660 : 2001;
  7661 : 0100;
  7662 : 0000;
  7663 : 9201;
  7664 : 1C94;
  7665 : FFFF;
  7666 : 7901;
  7667 : 09CE;
  7668 : 0000;
  7669 : 4101;
  7670 : 0108;
  7671 : 0000;
  7672 : 7D01;
  7673 : 20EF;
  7674 : FFFF;
  7675 : 1C01;
  7676 : 02E7;
  7677 : 0000;
  7678 : 0002;
  7679 : 0100;
  7680 : E71C;
  7681 : FF10;
  7682 : 01FF;
  7683 : 4208;
  7684 : 000C;
  7685 : 0100;
  7686 : 0841;
  7687 : 0001;
  7688 : 0100;
  7689 : 8430;
  7690 : B601;
  7691 : 19B5;
  7692 : FFFF;
  7693 : 7901;
  7694 : 09CE;
  7695 : 0000;
  7696 : 2001;
  7697 : 0100;
  7698 : 0000;
  7699 : 5501;
  7700 : 21AD;
  7701 : FFFF;
  7702 : 1C01;
  7703 : 02E7;
  7704 : 0000;
  7705 : 0002;
  7706 : 0100;
  7707 : E71C;
  7708 : FF10;
  7709 : 01FF;
  7710 : 4208;
  7711 : 000D;
  7712 : 0100;
  7713 : 0020;
  7714 : 0002;
  7715 : 0100;
  7716 : B596;
  7717 : FF16;
  7718 : 01FF;
  7719 : E73C;
  7720 : EB01;
  7721 : 015A;
  7722 : 2945;
  7723 : 000A;
  7724 : 0100;
  7725 : 9CD3;
  7726 : FF22;
  7727 : 01FF;
  7728 : E71C;
  7729 : 0002;
  7730 : 0200;
  7731 : 0000;
  7732 : 1C01;
  7733 : 10E7;
  7734 : FFFF;
  7735 : 0801;
  7736 : 1242;
  7737 : 0000;
  7738 : 7901;
  7739 : 01CE;
  7740 : EF7D;
  7741 : FF10;
  7742 : 01FF;
  7743 : FFDF;
  7744 : 3C01;
  7745 : 01E7;
  7746 : 6B4D;
  7747 : 000D;
  7748 : 0100;
  7749 : C638;
  7750 : FF22;
  7751 : 01FF;
  7752 : E71C;
  7753 : 0002;
  7754 : 0200;
  7755 : 0000;
  7756 : 1C01;
  7757 : 10E7;
  7758 : FFFF;
  7759 : 0801;
  7760 : 1342;
  7761 : 0000;
  7762 : 0801;
  7763 : 0142;
  7764 : C638;
  7765 : 1801;
  7766 : 01C6;
  7767 : FFDF;
  7768 : FF0B;
  7769 : 01FF;
  7770 : D69A;
  7771 : 3801;
  7772 : 01C6;
  7773 : 9CD3;
  7774 : 000E;
  7775 : 0100;
  7776 : C638;
  7777 : FF23;
  7778 : 01FF;
  7779 : E71C;
  7780 : 0002;
  7781 : 0200;
  7782 : 0000;
  7783 : 1C01;
  7784 : 10E7;
  7785 : FFFF;
  7786 : 0801;
  7787 : 1242;
  7788 : 0000;
  7789 : 2001;
  7790 : 0300;
  7791 : 0000;
  7792 : 5101;
  7793 : 018C;
  7794 : 9CF3;
  7795 : D309;
  7796 : 019C;
  7797 : 9CF3;
  7798 : E301;
  7799 : 0218;
  7800 : 0000;
  7801 : 4101;
  7802 : 0C08;
  7803 : 0000;
  7804 : 5901;
  7805 : 24CE;
  7806 : FFFF;
  7807 : 1C01;
  7808 : 02E7;
  7809 : 0000;
  7810 : 0002;
  7811 : 0100;
  7812 : E71C;
  7813 : FF10;
  7814 : 01FF;
  7815 : 4208;
  7816 : 0015;
  7817 : 0100;
  7818 : 0020;
  7819 : 001B;
  7820 : 0100;
  7821 : CE59;
  7822 : FF25;
  7823 : 01FF;
  7824 : E71C;
  7825 : 0002;
  7826 : 0200;
  7827 : 0000;
  7828 : 1C01;
  7829 : 10E7;
  7830 : FFFF;
  7831 : 0801;
  7832 : 2D42;
  7833 : 0000;
  7834 : 2001;
  7835 : 0200;
  7836 : 0000;
  7837 : 3801;
  7838 : 26C6;
  7839 : FFFF;
  7840 : 1C01;
  7841 : 02E7;
  7842 : 0000;
  7843 : 0002;
  7844 : 0100;
  7845 : E71C;
  7846 : FF10;
  7847 : 01FF;
  7848 : 4208;
  7849 : 002C;
  7850 : 0100;
  7851 : 0841;
  7852 : 0001;
  7853 : 0100;
  7854 : A514;
  7855 : 5901;
  7856 : 27CE;
  7857 : FFFF;
  7858 : 1C01;
  7859 : 02E7;
  7860 : 0000;
  7861 : 0002;
  7862 : 0100;
  7863 : E71C;
  7864 : FF10;
  7865 : 01FF;
  7866 : 4208;
  7867 : 002D;
  7868 : 0100;
  7869 : AD55;
  7870 : FF29;
  7871 : 01FF;
  7872 : E71C;
  7873 : 0002;
  7874 : 0200;
  7875 : 0000;
  7876 : 1C01;
  7877 : 10E7;
  7878 : FFFF;
  7879 : 0801;
  7880 : 2842;
  7881 : 0000;
  7882 : 2001;
  7883 : 0200;
  7884 : 0000;
  7885 : 1001;
  7886 : 0184;
  7887 : F79E;
  7888 : FF2A;
  7889 : 01FF;
  7890 : E71C;
  7891 : 0002;
  7892 : 0200;
  7893 : 0000;
  7894 : 3C01;
  7895 : 10E7;
  7896 : FFFF;
  7897 : 2801;
  7898 : 2942;
  7899 : 0000;
  7900 : AE01;
  7901 : 0173;
  7902 : 9CF3;
  7903 : FF2C;
  7904 : 01FF;
  7905 : E73C;
  7906 : 0002;
  7907 : 0200;
  7908 : 0000;
  7909 : 5501;
  7910 : 01AD;
  7911 : C638;
  7912 : 180F;
  7913 : 01C6;
  7914 : 3186;
  7915 : 0029;
  7916 : 0100;
  7917 : A514;
  7918 : 7901;
  7919 : 2BCE;
  7920 : C618;
  7921 : 3801;
  7922 : 01C6;
  7923 : AD55;
  7924 : 0002;
  7925 : 0100;
  7926 : 0000;
  7927 : 4101;
  7928 : 3A08;
  7929 : 0000;
  7930 : 4101;
  7931 : 2F08;
  7932 : 0000;
  7933 : 4101;
  7934 : 0108;
  7935 : 0000;
  7936 : 006E;
  7937 : 0000;
  7938 : 0000;
  7939 : 2411;
  7940 : BE1F;
  7941 : EFCF;
  7942 : E1D0;
  7943 : BFDE;
  7944 : BFCD;
  7945 : E012;
  7946 : E0A0;
  7947 : E0B1;
  7948 : EAEC;
  7949 : E7FB;
  7950 : E000;
  7951 : BF0B;
  7952 : C002;
  7953 : 9007;
  7954 : 920D;
  7955 : 38AC;
  7956 : 07B1;
  7957 : F7D9;
  7958 : E029;
  7959 : E8AC;
  7960 : E0B2;
  7961 : C001;
  7962 : 921D;
  7963 : 3CA9;
  7964 : 07B2;
  7965 : F7E1;
  7966 : 940E;
  7967 : 3CE6;
  7968 : 940C;
  7969 : 3DD4;
  7970 : 940C;
  7971 : 0000;
  7972 : 9AC2;
  7973 : 98C0;
  7974 : 5061;
  7975 : 0971;
  7976 : F410;
  7977 : 9AC0;
  7978 : 9508;
  7979 : B99F;
  7980 : 9B77;
  7981 : CFFE;
  7982 : 0000;
  7983 : 0000;
  7984 : 0000;
  7985 : B98F;
  7986 : 9B77;
  7987 : CFFE;
  7988 : 0000;
  7989 : 0000;
  7990 : CFEF;
  7991 : B387;
  7992 : 6186;
  7993 : BB87;
  7994 : E580;
  7995 : B98D;
  7996 : E081;
  7997 : B98E;
  7998 : 9508;
  7999 : B98F;
  8000 : 9B77;
  8001 : CFFE;
  8002 : 9508;
  8003 : 93CF;
  8004 : 2FC8;
  8005 : 9AC2;
  8006 : 98C0;
  8007 : 2F89;
  8008 : 940E;
  8009 : 1F3F;
  8010 : 2F8C;
  8011 : 91CF;
  8012 : 940C;
  8013 : 1F3F;
  8014 : 98C2;
  8015 : 98C0;
  8016 : 940E;
  8017 : 1F3F;
  8018 : 9AC0;
  8019 : 9508;
  8020 : 9AC2;
  8021 : 98C0;
  8022 : 940E;
  8023 : 1F3F;
  8024 : 9AC0;
  8025 : 9508;
  8026 : 98C1;
  8027 : EF2F;
  8028 : E780;
  8029 : E092;
  8030 : 5021;
  8031 : 4080;
  8032 : 4090;
  8033 : F7E1;
  8034 : C000;
  8035 : 0000;
  8036 : 9AC1;
  8037 : E72F;
  8038 : E48F;
  8039 : E192;
  8040 : 5021;
  8041 : 4080;
  8042 : 4090;
  8043 : F7E1;
  8044 : C000;
  8045 : 0000;
  8046 : 9508;
  8047 : 92CF;
  8048 : 92DF;
  8049 : 92EF;
  8050 : 92FF;
  8051 : 93CF;
  8052 : 93DF;
  8053 : 01EC;
  8054 : 016A;
  8055 : 017B;
  8056 : E081;
  8057 : 1AC8;
  8058 : 08D1;
  8059 : 08E1;
  8060 : 08F1;
  8061 : EF8F;
  8062 : 16C8;
  8063 : 06D8;
  8064 : 06E8;
  8065 : 06F8;
  8066 : F441;
  8067 : 9AC0;
  8068 : 91DF;
  8069 : 91CF;
  8070 : 90FF;
  8071 : 90EF;
  8072 : 90DF;
  8073 : 90CF;
  8074 : 9508;
  8075 : 01CE;
  8076 : 940E;
  8077 : 1F43;
  8078 : CFE9;
  8079 : 940E;
  8080 : 1F5A;
  8081 : E081;
  8082 : 940E;
  8083 : 1F4E;
  8084 : EF2F;
  8085 : E088;
  8086 : E39D;
  8087 : 5021;
  8088 : 4080;
  8089 : 4090;
  8090 : F7E1;
  8091 : C000;
  8092 : 0000;
  8093 : EC8B;
  8094 : 940E;
  8095 : 1F4E;
  8096 : E389;
  8097 : 940E;
  8098 : 1F54;
  8099 : E28C;
  8100 : 940E;
  8101 : 1F54;
  8102 : E080;
  8103 : 940E;
  8104 : 1F54;
  8105 : E384;
  8106 : 940E;
  8107 : 1F54;
  8108 : E082;
  8109 : 940E;
  8110 : 1F54;
  8111 : EC8F;
  8112 : 940E;
  8113 : 1F4E;
  8114 : E080;
  8115 : 940E;
  8116 : 1F54;
  8117 : EC81;
  8118 : 940E;
  8119 : 1F54;
  8120 : E380;
  8121 : 940E;
  8122 : 1F54;
  8123 : EE88;
  8124 : 940E;
  8125 : 1F4E;
  8126 : E885;
  8127 : 940E;
  8128 : 1F54;
  8129 : E080;
  8130 : 940E;
  8131 : 1F54;
  8132 : E788;
  8133 : 940E;
  8134 : 1F54;
  8135 : EE8A;
  8136 : 940E;
  8137 : 1F4E;
  8138 : E080;
  8139 : 940E;
  8140 : 1F54;
  8141 : E080;
  8142 : 940E;
  8143 : 1F54;
  8144 : EE8D;
  8145 : 940E;
  8146 : 1F4E;
  8147 : E684;
  8148 : 940E;
  8149 : 1F54;
  8150 : E083;
  8151 : 940E;
  8152 : 1F54;
  8153 : E182;
  8154 : 940E;
  8155 : 1F54;
  8156 : E881;
  8157 : 940E;
  8158 : 1F54;
  8159 : EF87;
  8160 : 940E;
  8161 : 1F4E;
  8162 : E280;
  8163 : 940E;
  8164 : 1F54;
  8165 : EC80;
  8166 : 940E;
  8167 : 1F4E;
  8168 : E283;
  8169 : 940E;
  8170 : 1F54;
  8171 : EC81;
  8172 : 940E;
  8173 : 1F4E;
  8174 : E180;
  8175 : 940E;
  8176 : 1F54;
  8177 : EC85;
  8178 : 940E;
  8179 : 1F4E;
  8180 : E38E;
  8181 : 940E;
  8182 : 1F54;
  8183 : E288;
  8184 : 940E;
  8185 : 1F54;
  8186 : EC87;
  8187 : 940E;
  8188 : 1F4E;
  8189 : E886;
  8190 : 940E;
  8191 : 1F54;
  8192 : E386;
  8193 : 940E;
  8194 : 1F4E;
  8195 : E488;
  8196 : 940E;
  8197 : 1F54;
  8198 : E38A;
  8199 : 940E;
  8200 : 1F4E;
  8201 : E585;
  8202 : 940E;
  8203 : 1F54;
  8204 : EB81;
  8205 : 940E;
  8206 : 1F4E;
  8207 : E080;
  8208 : 940E;
  8209 : 1F54;
  8210 : E188;
  8211 : 940E;
  8212 : 1F54;
  8213 : EB86;
  8214 : 940E;
  8215 : 1F4E;
  8216 : E088;
  8217 : 940E;
  8218 : 1F54;
  8219 : E882;
  8220 : 940E;
  8221 : 1F54;
  8222 : E287;
  8223 : 940E;
  8224 : 1F54;
  8225 : EF82;
  8226 : 940E;
  8227 : 1F4E;
  8228 : E080;
  8229 : 940E;
  8230 : 1F54;
  8231 : E286;
  8232 : 940E;
  8233 : 1F4E;
  8234 : E081;
  8235 : 940E;
  8236 : 1F54;
  8237 : EE80;
  8238 : 940E;
  8239 : 1F4E;
  8240 : E08F;
  8241 : 940E;
  8242 : 1F54;
  8243 : E381;
  8244 : 940E;
  8245 : 1F54;
  8246 : E28B;
  8247 : 940E;
  8248 : 1F54;
  8249 : E08C;
  8250 : 940E;
  8251 : 1F54;
  8252 : E08E;
  8253 : 940E;
  8254 : 1F54;
  8255 : E088;
  8256 : 940E;
  8257 : 1F54;
  8258 : E48E;
  8259 : 940E;
  8260 : 1F54;
  8261 : EF81;
  8262 : 940E;
  8263 : 1F54;
  8264 : E387;
  8265 : 940E;
  8266 : 1F54;
  8267 : E087;
  8268 : 940E;
  8269 : 1F54;
  8270 : E180;
  8271 : 940E;
  8272 : 1F54;
  8273 : E083;
  8274 : 940E;
  8275 : 1F54;
  8276 : E08E;
  8277 : 940E;
  8278 : 1F54;
  8279 : E089;
  8280 : 940E;
  8281 : 1F54;
  8282 : E080;
  8283 : 940E;
  8284 : 1F54;
  8285 : EE81;
  8286 : 940E;
  8287 : 1F4E;
  8288 : E080;
  8289 : 940E;
  8290 : 1F54;
  8291 : E08E;
  8292 : 940E;
  8293 : 1F54;
  8294 : E184;
  8295 : 940E;
  8296 : 1F54;
  8297 : E083;
  8298 : 940E;
  8299 : 1F54;
  8300 : E181;
  8301 : 940E;
  8302 : 1F54;
  8303 : E087;
  8304 : 940E;
  8305 : 1F54;
  8306 : E381;
  8307 : 940E;
  8308 : 1F54;
  8309 : EC81;
  8310 : 940E;
  8311 : 1F54;
  8312 : E488;
  8313 : 940E;
  8314 : 1F54;
  8315 : E088;
  8316 : 940E;
  8317 : 1F54;
  8318 : E08F;
  8319 : 940E;
  8320 : 1F54;
  8321 : E08C;
  8322 : 940E;
  8323 : 1F54;
  8324 : E381;
  8325 : 940E;
  8326 : 1F54;
  8327 : E386;
  8328 : 940E;
  8329 : 1F54;
  8330 : E08F;
  8331 : 940E;
  8332 : 1F54;
  8333 : E181;
  8334 : 940E;
  8335 : 1F4E;
  8336 : EF2F;
  8337 : EA85;
  8338 : E09E;
  8339 : 5021;
  8340 : 4080;
  8341 : 4090;
  8342 : F7E1;
  8343 : C000;
  8344 : 0000;
  8345 : E289;
  8346 : 940C;
  8347 : 1F4E;
  8348 : 93CF;
  8349 : 2FC8;
  8350 : E386;
  8351 : 940E;
  8352 : 1F4E;
  8353 : 30C1;
  8354 : F0B9;
  8355 : F030;
  8356 : 30C2;
  8357 : F101;
  8358 : 30C3;
  8359 : F101;
  8360 : 91CF;
  8361 : 9508;
  8362 : E488;
  8363 : 940E;
  8364 : 1F54;
  8365 : EF80;
  8366 : E090;
  8367 : 9390;
  8368 : 0104;
  8369 : 9380;
  8370 : 0103;
  8371 : E480;
  8372 : E091;
  8373 : 9390;
  8374 : 0102;
  8375 : 9380;
  8376 : 0101;
  8377 : CFEE;
  8378 : E288;
  8379 : 940E;
  8380 : 1F54;
  8381 : E480;
  8382 : E091;
  8383 : 9390;
  8384 : 0104;
  8385 : 9380;
  8386 : 0103;
  8387 : EF80;
  8388 : E090;
  8389 : CFEF;
  8390 : E888;
  8391 : CFE3;
  8392 : EE88;
  8393 : CFF1;
  8394 : 92CF;
  8395 : 92DF;
  8396 : 92EF;
  8397 : 92FF;
  8398 : 930F;
  8399 : 931F;
  8400 : 93CF;
  8401 : 93DF;
  8402 : 2ED8;
  8403 : 2EC9;
  8404 : 2F16;
  8405 : 2F07;
  8406 : 2EF4;
  8407 : 2EE5;
  8408 : 01E9;
  8409 : E28A;
  8410 : 940E;
  8411 : 1F4E;
  8412 : 2D8C;
  8413 : 940E;
  8414 : 1F54;
  8415 : 2D8D;
  8416 : 940E;
  8417 : 1F54;
  8418 : 2D8E;
  8419 : 940E;
  8420 : 1F54;
  8421 : 2D8F;
  8422 : 940E;
  8423 : 1F54;
  8424 : E28B;
  8425 : 940E;
  8426 : 1F4E;
  8427 : 2F80;
  8428 : 940E;
  8429 : 1F54;
  8430 : 2F81;
  8431 : 940E;
  8432 : 1F54;
  8433 : 2F8D;
  8434 : 940E;
  8435 : 1F54;
  8436 : 2F8C;
  8437 : 940E;
  8438 : 1F54;
  8439 : E28C;
  8440 : 91DF;
  8441 : 91CF;
  8442 : 911F;
  8443 : 910F;
  8444 : 90FF;
  8445 : 90EF;
  8446 : 90DF;
  8447 : 90CF;
  8448 : 940C;
  8449 : 1F4E;
  8450 : 92AF;
  8451 : 92BF;
  8452 : 92CF;
  8453 : 92DF;
  8454 : 92EF;
  8455 : 92FF;
  8456 : 930F;
  8457 : 931F;
  8458 : 93CF;
  8459 : 93DF;
  8460 : 017C;
  8461 : 015B;
  8462 : 016A;
  8463 : 01E9;
  8464 : 0198;
  8465 : 01AE;
  8466 : 01B6;
  8467 : 01C5;
  8468 : 940E;
  8469 : 20CA;
  8470 : 9621;
  8471 : 19CA;
  8472 : 09DB;
  8473 : 5F0F;
  8474 : 4F1F;
  8475 : 190C;
  8476 : 091D;
  8477 : 9FC0;
  8478 : 01A0;
  8479 : 9FC1;
  8480 : 0D50;
  8481 : 9FD0;
  8482 : 0D50;
  8483 : 2411;
  8484 : E070;
  8485 : E060;
  8486 : 01C7;
  8487 : 91DF;
  8488 : 91CF;
  8489 : 911F;
  8490 : 910F;
  8491 : 90FF;
  8492 : 90EF;
  8493 : 90DF;
  8494 : 90CF;
  8495 : 90BF;
  8496 : 90AF;
  8497 : 940C;
  8498 : 1F6F;
  8499 : 92EF;
  8500 : 92FF;
  8501 : 930F;
  8502 : 931F;
  8503 : 93CF;
  8504 : 93DF;
  8505 : 2EF8;
  8506 : 2EE9;
  8507 : 9120;
  8508 : 0101;
  8509 : 9130;
  8510 : 0102;
  8511 : 5021;
  8512 : 0931;
  8513 : 9140;
  8514 : 0103;
  8515 : 9150;
  8516 : 0104;
  8517 : 5041;
  8518 : 0951;
  8519 : E070;
  8520 : E060;
  8521 : E090;
  8522 : E080;
  8523 : 940E;
  8524 : 20CA;
  8525 : 9AC2;
  8526 : 98C0;
  8527 : E0D0;
  8528 : E0C0;
  8529 : 9180;
  8530 : 0101;
  8531 : 9190;
  8532 : 0102;
  8533 : 17C8;
  8534 : 07D9;
  8535 : F0C8;
  8536 : 9AC0;
  8537 : 91DF;
  8538 : 91CF;
  8539 : 911F;
  8540 : 910F;
  8541 : 90FF;
  8542 : 90EF;
  8543 : 9508;
  8544 : 2D8E;
  8545 : 940E;
  8546 : 1F54;
  8547 : 2D8F;
  8548 : 940E;
  8549 : 1F54;
  8550 : 5F0F;
  8551 : 4F1F;
  8552 : 9180;
  8553 : 0103;
  8554 : 9190;
  8555 : 0104;
  8556 : 1708;
  8557 : 0719;
  8558 : F388;
  8559 : 9621;
  8560 : CFE0;
  8561 : E010;
  8562 : E000;
  8563 : CFF4;
  8564 : 93CF;
  8565 : 93DF;
  8566 : FD97;
  8567 : C025;
  8568 : FD77;
  8569 : C023;
  8570 : 91E0;
  8571 : 0103;
  8572 : 91F0;
  8573 : 0104;
  8574 : 178E;
  8575 : 079F;
  8576 : F4E0;
  8577 : 9120;
  8578 : 0101;
  8579 : 9130;
  8580 : 0102;
  8581 : 1762;
  8582 : 0773;
  8583 : F4A8;
  8584 : 01EA;
  8585 : 5021;
  8586 : 0931;
  8587 : 01AF;
  8588 : 5041;
  8589 : 0951;
  8590 : 940E;
  8591 : 20CA;
  8592 : 98C2;
  8593 : E28C;
  8594 : 940E;
  8595 : 1F54;
  8596 : 9AC2;
  8597 : 2F8D;
  8598 : 940E;
  8599 : 1F54;
  8600 : 2F8C;
  8601 : 91DF;
  8602 : 91CF;
  8603 : 940C;
  8604 : 1F54;
  8605 : 91DF;
  8606 : 91CF;
  8607 : 9508;
  8608 : 922F;
  8609 : 923F;
  8610 : 924F;
  8611 : 925F;
  8612 : 926F;
  8613 : 927F;
  8614 : 928F;
  8615 : 929F;
  8616 : 92AF;
  8617 : 92BF;
  8618 : 92CF;
  8619 : 92DF;
  8620 : 92EF;
  8621 : 92FF;
  8622 : 930F;
  8623 : 931F;
  8624 : 93CF;
  8625 : 93DF;
  8626 : B7CD;
  8627 : B7DE;
  8628 : 972E;
  8629 : B60F;
  8630 : 94F8;
  8631 : BFDE;
  8632 : BE0F;
  8633 : BFCD;
  8634 : 012C;
  8635 : 011B;
  8636 : 013A;
  8637 : 872D;
  8638 : 873E;
  8639 : E081;
  8640 : E090;
  8641 : 019C;
  8642 : 1B24;
  8643 : 0B35;
  8644 : 833E;
  8645 : 832D;
  8646 : 2788;
  8647 : 2799;
  8648 : 1B84;
  8649 : 0B95;
  8650 : 01DC;
  8651 : 0FAA;
  8652 : 1FBB;
  8653 : 87B8;
  8654 : 83AF;
  8655 : 0F64;
  8656 : 1F75;
  8657 : 0151;
  8658 : 1AA4;
  8659 : 0AB5;
  8660 : 0162;
  8661 : 0EC4;
  8662 : 1ED5;
  8663 : 0172;
  8664 : 1AE4;
  8665 : 0AF5;
  8666 : 854D;
  8667 : 855E;
  8668 : 01C2;
  8669 : 1101;
  8670 : C09B;
  8671 : 940E;
  8672 : 2174;
  8673 : 854D;
  8674 : 855E;
  8675 : 01B5;
  8676 : 01C2;
  8677 : 940E;
  8678 : 2174;
  8679 : 854D;
  8680 : 855E;
  8681 : 01B1;
  8682 : 01C6;
  8683 : 940E;
  8684 : 2174;
  8685 : 854D;
  8686 : 855E;
  8687 : 01B1;
  8688 : 01C7;
  8689 : 940E;
  8690 : 2174;
  8691 : E010;
  8692 : E000;
  8693 : 24AA;
  8694 : 94A3;
  8695 : 2CB1;
  8696 : 1506;
  8697 : 0517;
  8698 : F0CC;
  8699 : 962E;
  8700 : B60F;
  8701 : 94F8;
  8702 : BFDE;
  8703 : BE0F;
  8704 : BFCD;
  8705 : 91DF;
  8706 : 91CF;
  8707 : 911F;
  8708 : 910F;
  8709 : 90FF;
  8710 : 90EF;
  8711 : 90DF;
  8712 : 90CF;
  8713 : 90BF;
  8714 : 90AF;
  8715 : 909F;
  8716 : 908F;
  8717 : 907F;
  8718 : 906F;
  8719 : 905F;
  8720 : 904F;
  8721 : 903F;
  8722 : 902F;
  8723 : 9508;
  8724 : 812D;
  8725 : 813E;
  8726 : FD37;
  8727 : C00E;
  8728 : E031;
  8729 : 1A63;
  8730 : 0871;
  8731 : 818F;
  8732 : 8598;
  8733 : 9602;
  8734 : 8798;
  8735 : 838F;
  8736 : 81AD;
  8737 : 81BE;
  8738 : 0FA8;
  8739 : 1FB9;
  8740 : 83BE;
  8741 : 83AD;
  8742 : 5F0F;
  8743 : 4F1F;
  8744 : E0B2;
  8745 : 0EAB;
  8746 : 1CB1;
  8747 : 812D;
  8748 : 813E;
  8749 : 0D2A;
  8750 : 1D3B;
  8751 : 833E;
  8752 : 832D;
  8753 : 0148;
  8754 : 0C84;
  8755 : 1C95;
  8756 : 854D;
  8757 : 855E;
  8758 : 0173;
  8759 : 0CE2;
  8760 : 1CF3;
  8761 : 01B7;
  8762 : 01C4;
  8763 : 940E;
  8764 : 2174;
  8765 : 0162;
  8766 : 1AC0;
  8767 : 0AD1;
  8768 : 854D;
  8769 : 855E;
  8770 : 01B7;
  8771 : 01C6;
  8772 : 940E;
  8773 : 2174;
  8774 : 854D;
  8775 : 855E;
  8776 : 0171;
  8777 : 18E6;
  8778 : 08F7;
  8779 : 01B7;
  8780 : 01C4;
  8781 : 940E;
  8782 : 2174;
  8783 : 854D;
  8784 : 855E;
  8785 : 01B7;
  8786 : 01C6;
  8787 : 940E;
  8788 : 2174;
  8789 : 0178;
  8790 : 0CE2;
  8791 : 1CF3;
  8792 : 854D;
  8793 : 855E;
  8794 : 01B7;
  8795 : 0163;
  8796 : 0CC4;
  8797 : 1CD5;
  8798 : 01C6;
  8799 : 940E;
  8800 : 2174;
  8801 : 854D;
  8802 : 855E;
  8803 : 01B7;
  8804 : 0172;
  8805 : 18E6;
  8806 : 08F7;
  8807 : 01C7;
  8808 : 940E;
  8809 : 2174;
  8810 : 0141;
  8811 : 1A80;
  8812 : 0A91;
  8813 : 854D;
  8814 : 855E;
  8815 : 01B4;
  8816 : 01C6;
  8817 : 940E;
  8818 : 2174;
  8819 : 854D;
  8820 : 855E;
  8821 : 01B4;
  8822 : 01C7;
  8823 : 940E;
  8824 : 2174;
  8825 : CF7E;
  8826 : 940E;
  8827 : 2174;
  8828 : 854D;
  8829 : 855E;
  8830 : 01B5;
  8831 : 01C2;
  8832 : 940E;
  8833 : 2174;
  8834 : 0191;
  8835 : 01A6;
  8836 : 01B1;
  8837 : 01C7;
  8838 : 940E;
  8839 : 20CA;
  8840 : 98C2;
  8841 : E28C;
  8842 : 940E;
  8843 : 1F3F;
  8844 : 9AC2;
  8845 : 0163;
  8846 : 0CCC;
  8847 : 1CDD;
  8848 : EF3F;
  8849 : 1AC3;
  8850 : 0AD3;
  8851 : 2C0D;
  8852 : 0C00;
  8853 : 08EE;
  8854 : 08FF;
  8855 : 2C81;
  8856 : 2C91;
  8857 : 0154;
  8858 : 148C;
  8859 : 049D;
  8860 : 04AE;
  8861 : 04BF;
  8862 : F408;
  8863 : C0C6;
  8864 : E083;
  8865 : E090;
  8866 : E0A0;
  8867 : E0B0;
  8868 : 8389;
  8869 : 839A;
  8870 : 83AB;
  8871 : 83BC;
  8872 : E010;
  8873 : E000;
  8874 : 1506;
  8875 : 0517;
  8876 : F00C;
  8877 : CF4D;
  8878 : 81AD;
  8879 : 81BE;
  8880 : FDB7;
  8881 : C00F;
  8882 : E0B1;
  8883 : 1A6B;
  8884 : 0871;
  8885 : 812F;
  8886 : 8538;
  8887 : 5F2E;
  8888 : 4F3F;
  8889 : 8738;
  8890 : 832F;
  8891 : 818D;
  8892 : 819E;
  8893 : 0F82;
  8894 : 1F93;
  8895 : 839E;
  8896 : 838D;
  8897 : 5F0F;
  8898 : 4F1F;
  8899 : 81AD;
  8900 : 81BE;
  8901 : 8129;
  8902 : 813A;
  8903 : 0FA2;
  8904 : 1FB3;
  8905 : 83BE;
  8906 : 83AD;
  8907 : 0178;
  8908 : 0CE4;
  8909 : 1CF5;
  8910 : 0162;
  8911 : 1AC0;
  8912 : 0AD1;
  8913 : 01B3;
  8914 : 0D62;
  8915 : 1D73;
  8916 : 019B;
  8917 : 01A7;
  8918 : 01C6;
  8919 : 940E;
  8920 : 20CA;
  8921 : 98C2;
  8922 : E28C;
  8923 : 940E;
  8924 : 1F3F;
  8925 : 9AC2;
  8926 : 2C81;
  8927 : 2C91;
  8928 : 0154;
  8929 : 858E;
  8930 : 940E;
  8931 : 1F3F;
  8932 : 858D;
  8933 : 940E;
  8934 : 1F3F;
  8935 : EF3F;
  8936 : 1A83;
  8937 : 0A93;
  8938 : 0AA3;
  8939 : 0AB3;
  8940 : 8189;
  8941 : 819A;
  8942 : 81AB;
  8943 : 81BC;
  8944 : 1688;
  8945 : 0699;
  8946 : 06AA;
  8947 : 06BB;
  8948 : F360;
  8949 : 01B1;
  8950 : 1966;
  8951 : 0977;
  8952 : 019B;
  8953 : 01A7;
  8954 : 01C6;
  8955 : 940E;
  8956 : 20CA;
  8957 : 98C2;
  8958 : E28C;
  8959 : 940E;
  8960 : 1F3F;
  8961 : 9AC2;
  8962 : 2CC1;
  8963 : 2CD1;
  8964 : 0176;
  8965 : 858E;
  8966 : 940E;
  8967 : 1F3F;
  8968 : 858D;
  8969 : 940E;
  8970 : 1F3F;
  8971 : EF9F;
  8972 : 1AC9;
  8973 : 0AD9;
  8974 : 0AE9;
  8975 : 0AF9;
  8976 : 8189;
  8977 : 819A;
  8978 : 81AB;
  8979 : 81BC;
  8980 : 16C8;
  8981 : 06D9;
  8982 : 06EA;
  8983 : 06FB;
  8984 : F360;
  8985 : 01D3;
  8986 : 0DA4;
  8987 : 1DB5;
  8988 : 87BA;
  8989 : 87A9;
  8990 : 0192;
  8991 : 1926;
  8992 : 0937;
  8993 : 873C;
  8994 : 872B;
  8995 : 01B8;
  8996 : 0D62;
  8997 : 1D73;
  8998 : 019B;
  8999 : 01AD;
  9000 : 858B;
  9001 : 859C;
  9002 : 940E;
  9003 : 20CA;
  9004 : 98C2;
  9005 : E28C;
  9006 : 940E;
  9007 : 1F3F;
  9008 : 9AC2;
  9009 : 0143;
  9010 : 0C88;
  9011 : 1C99;
  9012 : EF3F;
  9013 : 1A83;
  9014 : 0A93;
  9015 : 2C09;
  9016 : 0C00;
  9017 : 08AA;
  9018 : 08BB;
  9019 : 2CC1;
  9020 : 2CD1;
  9021 : 0176;
  9022 : 14C8;
  9023 : 04D9;
  9024 : 04EA;
  9025 : 04FB;
  9026 : F178;
  9027 : 01B1;
  9028 : 1B60;
  9029 : 0B71;
  9030 : 019B;
  9031 : 8549;
  9032 : 855A;
  9033 : 858B;
  9034 : 859C;
  9035 : 940E;
  9036 : 20CA;
  9037 : 98C2;
  9038 : E28C;
  9039 : 940E;
  9040 : 1F3F;
  9041 : 9AC2;
  9042 : 2CC1;
  9043 : 2CD1;
  9044 : 0176;
  9045 : 14C8;
  9046 : 04D9;
  9047 : 04EA;
  9048 : 04FB;
  9049 : F120;
  9050 : 8189;
  9051 : 819A;
  9052 : 81AB;
  9053 : 81BC;
  9054 : 9602;
  9055 : 1DA1;
  9056 : 1DB1;
  9057 : 8389;
  9058 : 839A;
  9059 : 83AB;
  9060 : 83BC;
  9061 : CF44;
  9062 : 858E;
  9063 : 940E;
  9064 : 1F3F;
  9065 : 858D;
  9066 : 940E;
  9067 : 1F3F;
  9068 : EF8F;
  9069 : 1A88;
  9070 : 0A98;
  9071 : 0AA8;
  9072 : 0AB8;
  9073 : CF28;
  9074 : 858E;
  9075 : 940E;
  9076 : 1F3F;
  9077 : 858D;
  9078 : 940E;
  9079 : 1F3F;
  9080 : EF8F;
  9081 : 1AC8;
  9082 : 0AD8;
  9083 : 0AE8;
  9084 : 0AF8;
  9085 : CFC0;
  9086 : 858E;
  9087 : 940E;
  9088 : 1F3F;
  9089 : 858D;
  9090 : 940E;
  9091 : 1F3F;
  9092 : EF9F;
  9093 : 1AC9;
  9094 : 0AD9;
  9095 : 0AE9;
  9096 : 0AF9;
  9097 : CFCB;
  9098 : 9390;
  9099 : 02B2;
  9100 : 9380;
  9101 : 02B1;
  9102 : 9370;
  9103 : 02AA;
  9104 : 9360;
  9105 : 02A9;
  9106 : 9508;
  9107 : 9508;
  9108 : 9508;
  9109 : 930F;
  9110 : 931F;
  9111 : 93CF;
  9112 : 93DF;
  9113 : 01EA;
  9114 : 0189;
  9115 : 019B;
  9116 : 0F24;
  9117 : 1F35;
  9118 : 5021;
  9119 : 0931;
  9120 : 01AC;
  9121 : 940E;
  9122 : 20CA;
  9123 : 161C;
  9124 : 061D;
  9125 : F424;
  9126 : 01BE;
  9127 : 01C8;
  9128 : 940E;
  9129 : 1F24;
  9130 : 9AC0;
  9131 : 91DF;
  9132 : 91CF;
  9133 : 911F;
  9134 : 910F;
  9135 : 9508;
  9136 : 922F;
  9137 : 923F;
  9138 : 924F;
  9139 : 925F;
  9140 : 926F;
  9141 : 927F;
  9142 : 928F;
  9143 : 929F;
  9144 : 92AF;
  9145 : 92BF;
  9146 : 92CF;
  9147 : 92DF;
  9148 : 92EF;
  9149 : 92FF;
  9150 : 930F;
  9151 : 931F;
  9152 : 93CF;
  9153 : 93DF;
  9154 : D000;
  9155 : D000;
  9156 : D000;
  9157 : B7CD;
  9158 : B7DE;
  9159 : 016C;
  9160 : 015B;
  9161 : 835E;
  9162 : 834D;
  9163 : 0128;
  9164 : E081;
  9165 : E090;
  9166 : 013C;
  9167 : 1A64;
  9168 : 0A75;
  9169 : 011A;
  9170 : 9431;
  9171 : 9421;
  9172 : 0831;
  9173 : 1A24;
  9174 : 0A35;
  9175 : 01A8;
  9176 : 5F4F;
  9177 : 4F5F;
  9178 : 835A;
  9179 : 8349;
  9180 : E010;
  9181 : E000;
  9182 : 2488;
  9183 : 9483;
  9184 : 2C91;
  9185 : 2F52;
  9186 : 7051;
  9187 : 835B;
  9188 : 7022;
  9189 : 832C;
  9190 : 814D;
  9191 : 815E;
  9192 : 1704;
  9193 : 0715;
  9194 : F0CC;
  9195 : 9626;
  9196 : B60F;
  9197 : 94F8;
  9198 : BFDE;
  9199 : BE0F;
  9200 : BFCD;
  9201 : 91DF;
  9202 : 91CF;
  9203 : 911F;
  9204 : 910F;
  9205 : 90FF;
  9206 : 90EF;
  9207 : 90DF;
  9208 : 90CF;
  9209 : 90BF;
  9210 : 90AF;
  9211 : 909F;
  9212 : 908F;
  9213 : 907F;
  9214 : 906F;
  9215 : 905F;
  9216 : 904F;
  9217 : 903F;
  9218 : 902F;
  9219 : 9508;
  9220 : FC77;
  9221 : C00A;
  9222 : 818D;
  9223 : 819E;
  9224 : 9701;
  9225 : 839E;
  9226 : 838D;
  9227 : E092;
  9228 : 0E29;
  9229 : 1C31;
  9230 : 0C62;
  9231 : 1C73;
  9232 : 5F0F;
  9233 : 4F1F;
  9234 : E0E2;
  9235 : 0E8E;
  9236 : 1C91;
  9237 : 0C68;
  9238 : 1C79;
  9239 : 81FB;
  9240 : 23FF;
  9241 : F101;
  9242 : 814D;
  9243 : 815E;
  9244 : 0F44;
  9245 : 1F55;
  9246 : 8189;
  9247 : 819A;
  9248 : 0F48;
  9249 : 1F59;
  9250 : 0197;
  9251 : 01B5;
  9252 : 81ED;
  9253 : 81FE;
  9254 : 1B6E;
  9255 : 0B7F;
  9256 : 01C6;
  9257 : 0F80;
  9258 : 1F91;
  9259 : 940E;
  9260 : 2395;
  9261 : 0197;
  9262 : 01A2;
  9263 : 0D48;
  9264 : 1D59;
  9265 : 01B5;
  9266 : 1B60;
  9267 : 0B71;
  9268 : 818D;
  9269 : 819E;
  9270 : 0D8C;
  9271 : 1D9D;
  9272 : 940E;
  9273 : 2395;
  9274 : 81FC;
  9275 : 23FF;
  9276 : F409;
  9277 : CFA8;
  9278 : 814D;
  9279 : 815E;
  9280 : 0F44;
  9281 : 1F55;
  9282 : 8189;
  9283 : 819A;
  9284 : 0F48;
  9285 : 1F59;
  9286 : 0197;
  9287 : 01B5;
  9288 : 81ED;
  9289 : 81FE;
  9290 : 1B6E;
  9291 : 0B7F;
  9292 : 01C6;
  9293 : 1B80;
  9294 : 0B91;
  9295 : 940E;
  9296 : 2395;
  9297 : 0197;
  9298 : 01A2;
  9299 : 0D48;
  9300 : 1D59;
  9301 : 01B5;
  9302 : 1B60;
  9303 : 0B71;
  9304 : 01C6;
  9305 : 81ED;
  9306 : 81FE;
  9307 : 1B8E;
  9308 : 0B9F;
  9309 : 940E;
  9310 : 2395;
  9311 : CF86;
  9312 : 930F;
  9313 : 931F;
  9314 : 93CF;
  9315 : 93DF;
  9316 : 01EA;
  9317 : 0189;
  9318 : 01AC;
  9319 : 0F4C;
  9320 : 1F5D;
  9321 : 5041;
  9322 : 0951;
  9323 : 019B;
  9324 : 940E;
  9325 : 20CA;
  9326 : 161C;
  9327 : 061D;
  9328 : F424;
  9329 : 01BE;
  9330 : 01C8;
  9331 : 940E;
  9332 : 1F24;
  9333 : 9AC0;
  9334 : 91DF;
  9335 : 91CF;
  9336 : 911F;
  9337 : 910F;
  9338 : 9508;
  9339 : 9120;
  9340 : 0103;
  9341 : 9130;
  9342 : 0104;
  9343 : 1782;
  9344 : 0793;
  9345 : F008;
  9346 : C058;
  9347 : 9120;
  9348 : 0101;
  9349 : 9130;
  9350 : 0102;
  9351 : 1762;
  9352 : 0773;
  9353 : F008;
  9354 : C050;
  9355 : 98C0;
  9356 : 9120;
  9357 : 02AB;
  9358 : 9130;
  9359 : 02AC;
  9360 : 1782;
  9361 : 0793;
  9362 : F0B1;
  9363 : 98C2;
  9364 : E22A;
  9365 : B92F;
  9366 : 9B77;
  9367 : CFFE;
  9368 : 9390;
  9369 : 02AC;
  9370 : 9380;
  9371 : 02AB;
  9372 : 9AC2;
  9373 : B99F;
  9374 : 9B77;
  9375 : CFFE;
  9376 : B98F;
  9377 : 9B77;
  9378 : CFFE;
  9379 : B99F;
  9380 : 9B77;
  9381 : CFFE;
  9382 : B98F;
  9383 : 9B77;
  9384 : CFFE;
  9385 : 9120;
  9386 : 02A7;
  9387 : 9130;
  9388 : 02A8;
  9389 : 1762;
  9390 : 0773;
  9391 : F0B1;
  9392 : 98C2;
  9393 : E22B;
  9394 : B92F;
  9395 : 9B77;
  9396 : CFFE;
  9397 : 9370;
  9398 : 02A8;
  9399 : 9360;
  9400 : 02A7;
  9401 : 9AC2;
  9402 : B97F;
  9403 : 9B77;
  9404 : CFFE;
  9405 : B96F;
  9406 : 9B77;
  9407 : CFFE;
  9408 : B97F;
  9409 : 9B77;
  9410 : CFFE;
  9411 : B96F;
  9412 : 9B77;
  9413 : CFFE;
  9414 : 98C2;
  9415 : E22C;
  9416 : B92F;
  9417 : 9B77;
  9418 : CFFE;
  9419 : 9AC2;
  9420 : B95F;
  9421 : 9B77;
  9422 : CFFE;
  9423 : 9390;
  9424 : 02BA;
  9425 : 9380;
  9426 : 02B9;
  9427 : B94F;
  9428 : 9B77;
  9429 : CFFE;
  9430 : 9370;
  9431 : 02B0;
  9432 : 9360;
  9433 : 02AF;
  9434 : 9AC0;
  9435 : 9508;
  9436 : 922F;
  9437 : 923F;
  9438 : 924F;
  9439 : 925F;
  9440 : 926F;
  9441 : 927F;
  9442 : 928F;
  9443 : 929F;
  9444 : 92AF;
  9445 : 92BF;
  9446 : 92CF;
  9447 : 92DF;
  9448 : 92EF;
  9449 : 92FF;
  9450 : 930F;
  9451 : 931F;
  9452 : 93CF;
  9453 : 93DF;
  9454 : D000;
  9455 : D000;
  9456 : B7CD;
  9457 : B7DE;
  9458 : 839A;
  9459 : 8389;
  9460 : 837C;
  9461 : 836B;
  9462 : 017A;
  9463 : 0169;
  9464 : 0158;
  9465 : 1AA4;
  9466 : 0AB5;
  9467 : FEB7;
  9468 : C003;
  9469 : 94B1;
  9470 : 94A1;
  9471 : 08B1;
  9472 : 0146;
  9473 : 818B;
  9474 : 819C;
  9475 : 1A88;
  9476 : 0A99;
  9477 : FE97;
  9478 : C003;
  9479 : 9491;
  9480 : 9481;
  9481 : 0891;
  9482 : 148A;
  9483 : 049B;
  9484 : F45C;
  9485 : 2D9C;
  9486 : 2D8D;
  9487 : 0168;
  9488 : 2F09;
  9489 : 2F18;
  9490 : 819B;
  9491 : 818C;
  9492 : 82FC;
  9493 : 82EB;
  9494 : 2EE9;
  9495 : 2EF8;
  9496 : 818B;
  9497 : 819C;
  9498 : 16C8;
  9499 : 06D9;
  9500 : F458;
  9501 : 2D9E;
  9502 : 2D8F;
  9503 : 0178;
  9504 : 2F09;
  9505 : 2F18;
  9506 : 819B;
  9507 : 818C;
  9508 : 82DC;
  9509 : 82CB;
  9510 : 2EC9;
  9511 : 2ED8;
  9512 : 0116;
  9513 : 818B;
  9514 : 819C;
  9515 : 1A28;
  9516 : 0A39;
  9517 : 0128;
  9518 : 184E;
  9519 : 085F;
  9520 : FE57;
  9521 : C003;
  9522 : 9451;
  9523 : 9441;
  9524 : 0851;
  9525 : 0131;
  9526 : FE37;
  9527 : C003;
  9528 : EF9F;
  9529 : 1A69;
  9530 : 0A79;
  9531 : 9475;
  9532 : 9467;
  9533 : 16E0;
  9534 : 06F1;
  9535 : F1C8;
  9536 : EF0F;
  9537 : EF1F;
  9538 : 818B;
  9539 : 819C;
  9540 : 16C8;
  9541 : 06D9;
  9542 : F4B8;
  9543 : 900F;
  9544 : 900F;
  9545 : 900F;
  9546 : 900F;
  9547 : 91DF;
  9548 : 91CF;
  9549 : 911F;
  9550 : 910F;
  9551 : 90FF;
  9552 : 90EF;
  9553 : 90DF;
  9554 : 90CF;
  9555 : 90BF;
  9556 : 90AF;
  9557 : 909F;
  9558 : 908F;
  9559 : 907F;
  9560 : 906F;
  9561 : 905F;
  9562 : 904F;
  9563 : 903F;
  9564 : 902F;
  9565 : 9508;
  9566 : 8149;
  9567 : 815A;
  9568 : 816B;
  9569 : 817C;
  9570 : 01C7;
  9571 : 148A;
  9572 : 049B;
  9573 : F01C;
  9574 : 01B7;
  9575 : 818B;
  9576 : 819C;
  9577 : 940E;
  9578 : 247B;
  9579 : 1864;
  9580 : 0875;
  9581 : FE77;
  9582 : C004;
  9583 : 0EE0;
  9584 : 1EF1;
  9585 : 0C62;
  9586 : 1C73;
  9587 : 818B;
  9588 : 819C;
  9589 : 9601;
  9590 : 839C;
  9591 : 838B;
  9592 : CFC9;
  9593 : E001;
  9594 : E010;
  9595 : CFC6;
  9596 : 928F;
  9597 : 929F;
  9598 : 92AF;
  9599 : 92BF;
  9600 : 92CF;
  9601 : 92DF;
  9602 : 92EF;
  9603 : 92FF;
  9604 : 930F;
  9605 : 931F;
  9606 : 93CF;
  9607 : 93DF;
  9608 : 01EC;
  9609 : 017B;
  9610 : 014A;
  9611 : 0159;
  9612 : 0168;
  9613 : 018A;
  9614 : 940E;
  9615 : 24DC;
  9616 : 0186;
  9617 : 0195;
  9618 : 01A4;
  9619 : 01B5;
  9620 : 01CE;
  9621 : 940E;
  9622 : 24DC;
  9623 : 0197;
  9624 : 01A4;
  9625 : 01B7;
  9626 : 01CE;
  9627 : 940E;
  9628 : 24DC;
  9629 : 0195;
  9630 : 01A6;
  9631 : 01B7;
  9632 : 01CE;
  9633 : 940E;
  9634 : 24DC;
  9635 : 91DF;
  9636 : 91CF;
  9637 : 911F;
  9638 : 910F;
  9639 : 90FF;
  9640 : 90EF;
  9641 : 90DF;
  9642 : 90CF;
  9643 : 90BF;
  9644 : 90AF;
  9645 : 909F;
  9646 : 908F;
  9647 : 9508;
  9648 : 922F;
  9649 : 923F;
  9650 : 924F;
  9651 : 925F;
  9652 : 926F;
  9653 : 927F;
  9654 : 928F;
  9655 : 929F;
  9656 : 92AF;
  9657 : 92BF;
  9658 : 92CF;
  9659 : 92DF;
  9660 : 92EF;
  9661 : 92FF;
  9662 : 930F;
  9663 : 931F;
  9664 : 93CF;
  9665 : 93DF;
  9666 : D000;
  9667 : D000;
  9668 : B7CD;
  9669 : B7DE;
  9670 : 016C;
  9671 : 015B;
  9672 : 835C;
  9673 : 834B;
  9674 : E081;
  9675 : E090;
  9676 : 014C;
  9677 : 1A84;
  9678 : 0A95;
  9679 : 013A;
  9680 : 9471;
  9681 : 9461;
  9682 : 0871;
  9683 : 0C66;
  9684 : 1C77;
  9685 : 2CF1;
  9686 : 2CE1;
  9687 : 2444;
  9688 : 9443;
  9689 : 2C51;
  9690 : 2F32;
  9691 : 7034;
  9692 : 8339;
  9693 : 2F42;
  9694 : 7042;
  9695 : 834A;
  9696 : 2F52;
  9697 : 7058;
  9698 : 2E25;
  9699 : 7021;
  9700 : 2E32;
  9701 : 812B;
  9702 : 813C;
  9703 : 16E2;
  9704 : 06F3;
  9705 : F0BC;
  9706 : 900F;
  9707 : 900F;
  9708 : 900F;
  9709 : 900F;
  9710 : 91DF;
  9711 : 91CF;
  9712 : 911F;
  9713 : 910F;
  9714 : 90FF;
  9715 : 90EF;
  9716 : 90DF;
  9717 : 90CF;
  9718 : 90BF;
  9719 : 90AF;
  9720 : 909F;
  9721 : 908F;
  9722 : 907F;
  9723 : 906F;
  9724 : 905F;
  9725 : 904F;
  9726 : 903F;
  9727 : 902F;
  9728 : 9508;
  9729 : FC97;
  9730 : C00A;
  9731 : 818B;
  9732 : 819C;
  9733 : 9701;
  9734 : 839C;
  9735 : 838B;
  9736 : E092;
  9737 : 0E69;
  9738 : 1C71;
  9739 : 0C86;
  9740 : 1C97;
  9741 : EF2F;
  9742 : 1AE2;
  9743 : 0AF2;
  9744 : E032;
  9745 : 0E43;
  9746 : 1C51;
  9747 : 0C84;
  9748 : 1C95;
  9749 : 8149;
  9750 : 2344;
  9751 : F0A1;
  9752 : 01A8;
  9753 : 816B;
  9754 : 817C;
  9755 : 0D6A;
  9756 : 1D7B;
  9757 : 01C6;
  9758 : 0D8E;
  9759 : 1D9F;
  9760 : 940E;
  9761 : 247B;
  9762 : 01A8;
  9763 : 01B5;
  9764 : 0D6E;
  9765 : 1D7F;
  9766 : 818B;
  9767 : 819C;
  9768 : 0D8C;
  9769 : 1D9D;
  9770 : 940E;
  9771 : 247B;
  9772 : 815A;
  9773 : 2355;
  9774 : F0A9;
  9775 : 01A8;
  9776 : 01B5;
  9777 : 818B;
  9778 : 819C;
  9779 : 1B68;
  9780 : 0B79;
  9781 : 01C6;
  9782 : 0D8E;
  9783 : 1D9F;
  9784 : 940E;
  9785 : 247B;
  9786 : 01A8;
  9787 : 01B5;
  9788 : 196E;
  9789 : 097F;
  9790 : 818B;
  9791 : 819C;
  9792 : 0D8C;
  9793 : 1D9D;
  9794 : 940E;
  9795 : 247B;
  9796 : 2022;
  9797 : F0A9;
  9798 : 01A8;
  9799 : 01B5;
  9800 : 0D6E;
  9801 : 1D7F;
  9802 : 01C6;
  9803 : 812B;
  9804 : 813C;
  9805 : 1B82;
  9806 : 0B93;
  9807 : 940E;
  9808 : 247B;
  9809 : 01A8;
  9810 : 816B;
  9811 : 817C;
  9812 : 0D6A;
  9813 : 1D7B;
  9814 : 01C6;
  9815 : 198E;
  9816 : 099F;
  9817 : 940E;
  9818 : 247B;
  9819 : 2033;
  9820 : F409;
  9821 : CF87;
  9822 : 01A8;
  9823 : 01B5;
  9824 : 196E;
  9825 : 097F;
  9826 : 01C6;
  9827 : 812B;
  9828 : 813C;
  9829 : 1B82;
  9830 : 0B93;
  9831 : 940E;
  9832 : 247B;
  9833 : 01A8;
  9834 : 01B5;
  9835 : 818B;
  9836 : 819C;
  9837 : 1B68;
  9838 : 0B79;
  9839 : 01C6;
  9840 : 198E;
  9841 : 099F;
  9842 : 940E;
  9843 : 247B;
  9844 : CF70;
  9845 : 922F;
  9846 : 923F;
  9847 : 924F;
  9848 : 925F;
  9849 : 926F;
  9850 : 927F;
  9851 : 928F;
  9852 : 929F;
  9853 : 92AF;
  9854 : 92BF;
  9855 : 92CF;
  9856 : 92DF;
  9857 : 92EF;
  9858 : 92FF;
  9859 : 930F;
  9860 : 931F;
  9861 : 93CF;
  9862 : 93DF;
  9863 : 015C;
  9864 : 016B;
  9865 : 012A;
  9866 : 0139;
  9867 : 01E8;
  9868 : 018A;
  9869 : 1B0C;
  9870 : 0B1D;
  9871 : 1B0C;
  9872 : 0B1D;
  9873 : 014E;
  9874 : 0E88;
  9875 : 1E99;
  9876 : 0197;
  9877 : 01A8;
  9878 : 01C4;
  9879 : 940E;
  9880 : 2460;
  9881 : 0116;
  9882 : 0C26;
  9883 : 1C37;
  9884 : 01B1;
  9885 : 5061;
  9886 : 0971;
  9887 : 0197;
  9888 : 01A8;
  9889 : 01C4;
  9890 : 940E;
  9891 : 2460;
  9892 : 1A6C;
  9893 : 0A7D;
  9894 : 1A6C;
  9895 : 0A7D;
  9896 : 0ECC;
  9897 : 1EDD;
  9898 : 0197;
  9899 : 01A3;
  9900 : 01B6;
  9901 : 01C5;
  9902 : 940E;
  9903 : 2395;
  9904 : 0CA4;
  9905 : 1CB5;
  9906 : 0197;
  9907 : 01A3;
  9908 : 01B6;
  9909 : 01C5;
  9910 : 9701;
  9911 : 940E;
  9912 : 2395;
  9913 : 0187;
  9914 : E021;
  9915 : 01AE;
  9916 : 01B6;
  9917 : 01C4;
  9918 : 940E;
  9919 : 25B0;
  9920 : 1AAC;
  9921 : 0ABD;
  9922 : E081;
  9923 : 1AA8;
  9924 : 08B1;
  9925 : E022;
  9926 : 01AE;
  9927 : 01B6;
  9928 : 01C5;
  9929 : 940E;
  9930 : 25B0;
  9931 : 1A2C;
  9932 : 0A3D;
  9933 : E081;
  9934 : 1A28;
  9935 : 0831;
  9936 : E024;
  9937 : 01AE;
  9938 : 01B1;
  9939 : 01C5;
  9940 : 940E;
  9941 : 25B0;
  9942 : E028;
  9943 : 01AE;
  9944 : 01B1;
  9945 : 01C4;
  9946 : 940E;
  9947 : 25B0;
  9948 : 91DF;
  9949 : 91CF;
  9950 : 911F;
  9951 : 910F;
  9952 : 90FF;
  9953 : 90EF;
  9954 : 90DF;
  9955 : 90CF;
  9956 : 90BF;
  9957 : 90AF;
  9958 : 909F;
  9959 : 908F;
  9960 : 907F;
  9961 : 906F;
  9962 : 905F;
  9963 : 904F;
  9964 : 903F;
  9965 : 902F;
  9966 : 9508;
  9967 : 92EF;
  9968 : 92FF;
  9969 : 930F;
  9970 : 931F;
  9971 : 93CF;
  9972 : 93DF;
  9973 : 017A;
  9974 : 01E9;
  9975 : 9140;
  9976 : 0103;
  9977 : 9150;
  9978 : 0104;
  9979 : 1748;
  9980 : 0759;
  9981 : F180;
  9982 : 9120;
  9983 : 0101;
  9984 : 9130;
  9985 : 0102;
  9986 : 1726;
  9987 : 0737;
  9988 : F148;
  9989 : 14E1;
  9990 : 04F1;
  9991 : F131;
  9992 : 9720;
  9993 : F121;
  9994 : 01FC;
  9995 : 0DEE;
  9996 : 1DFF;
  9997 : 9731;
  9998 : 174E;
  9999 : 075F;
  10000 : F418;
  10001 : 017A;
  10002 : 1AE8;
  10003 : 0AF9;
  10004 : 01AB;
  10005 : 0F4C;
  10006 : 1F5D;
  10007 : 5041;
  10008 : 0951;
  10009 : 1724;
  10010 : 0735;
  10011 : F418;
  10012 : 01E9;
  10013 : 1BC6;
  10014 : 0BD7;
  10015 : 019E;
  10016 : 0F26;
  10017 : 1F37;
  10018 : 5021;
  10019 : 0931;
  10020 : 01A7;
  10021 : 0F48;
  10022 : 1F59;
  10023 : 5041;
  10024 : 0951;
  10025 : 940E;
  10026 : 20CA;
  10027 : 9721;
  10028 : F440;
  10029 : 9AC0;
  10030 : 91DF;
  10031 : 91CF;
  10032 : 911F;
  10033 : 910F;
  10034 : 90FF;
  10035 : 90EF;
  10036 : 9508;
  10037 : 141E;
  10038 : 041F;
  10039 : F79C;
  10040 : 01B7;
  10041 : 01C8;
  10042 : 940E;
  10043 : 1F24;
  10044 : CFEE;
  10045 : 922F;
  10046 : 923F;
  10047 : 924F;
  10048 : 925F;
  10049 : 926F;
  10050 : 927F;
  10051 : 928F;
  10052 : 929F;
  10053 : 92AF;
  10054 : 92BF;
  10055 : 92CF;
  10056 : 92DF;
  10057 : 92EF;
  10058 : 92FF;
  10059 : 930F;
  10060 : 931F;
  10061 : 93CF;
  10062 : 93DF;
  10063 : 011C;
  10064 : 015B;
  10065 : 012A;
  10066 : 0169;
  10067 : 01E8;
  10068 : 0138;
  10069 : 0E68;
  10070 : 1E79;
  10071 : 1B40;
  10072 : 0B51;
  10073 : 1B40;
  10074 : 0B51;
  10075 : 0187;
  10076 : 01C3;
  10077 : 940E;
  10078 : 26EF;
  10079 : 1ACC;
  10080 : 0ADD;
  10081 : 1ACC;
  10082 : 0ADD;
  10083 : E081;
  10084 : 1AC8;
  10085 : 08D1;
  10086 : 0EAC;
  10087 : 1EBD;
  10088 : 0C42;
  10089 : 1C53;
  10090 : 01C2;
  10091 : 1B8C;
  10092 : 0B9D;
  10093 : 0186;
  10094 : E021;
  10095 : 01AE;
  10096 : 01B5;
  10097 : 9701;
  10098 : 940E;
  10099 : 23B0;
  10100 : E022;
  10101 : 01AE;
  10102 : 01B5;
  10103 : 01C3;
  10104 : 940E;
  10105 : 23B0;
  10106 : 91DF;
  10107 : 91CF;
  10108 : 911F;
  10109 : 910F;
  10110 : 90FF;
  10111 : 90EF;
  10112 : 90DF;
  10113 : 90CF;
  10114 : 90BF;
  10115 : 90AF;
  10116 : 909F;
  10117 : 908F;
  10118 : 907F;
  10119 : 906F;
  10120 : 905F;
  10121 : 904F;
  10122 : 903F;
  10123 : 902F;
  10124 : 9508;
  10125 : 930F;
  10126 : 931F;
  10127 : 9120;
  10128 : 0101;
  10129 : 9130;
  10130 : 0102;
  10131 : 9140;
  10132 : 0103;
  10133 : 9150;
  10134 : 0104;
  10135 : 018C;
  10136 : E070;
  10137 : E060;
  10138 : E090;
  10139 : E080;
  10140 : 940E;
  10141 : 26EF;
  10142 : 911F;
  10143 : 910F;
  10144 : 9508;
  10145 : 9390;
  10146 : 02B8;
  10147 : 9380;
  10148 : 02B7;
  10149 : 9370;
  10150 : 02B6;
  10151 : 9360;
  10152 : 02B5;
  10153 : 9508;
  10154 : 3088;
  10155 : F430;
  10156 : 1181;
  10157 : C001;
  10158 : E081;
  10159 : 9380;
  10160 : 02B3;
  10161 : 9508;
  10162 : E087;
  10163 : CFFB;
  10164 : 019B;
  10165 : 5022;
  10166 : 0931;
  10167 : 3027;
  10168 : 0531;
  10169 : F508;
  10170 : E025;
  10171 : 9F26;
  10172 : 01F0;
  10173 : 9F27;
  10174 : 0DF0;
  10175 : 2411;
  10176 : 57E2;
  10177 : 4FFF;
  10178 : 9145;
  10179 : 9154;
  10180 : 5240;
  10181 : 0951;
  10182 : 01DC;
  10183 : E030;
  10184 : E020;
  10185 : 91ED;
  10186 : 11E1;
  10187 : C008;
  10188 : 9140;
  10189 : 02B3;
  10190 : 9F42;
  10191 : 01C0;
  10192 : 9F43;
  10193 : 0D90;
  10194 : 2411;
  10195 : 9508;
  10196 : 0FE4;
  10197 : 2FF5;
  10198 : 1DF1;
  10199 : 91E4;
  10200 : 0F2E;
  10201 : 1D31;
  10202 : CFEE;
  10203 : E090;
  10204 : E080;
  10205 : 9508;
  10206 : 922F;
  10207 : 923F;
  10208 : 924F;
  10209 : 925F;
  10210 : 926F;
  10211 : 927F;
  10212 : 928F;
  10213 : 929F;
  10214 : 92AF;
  10215 : 92BF;
  10216 : 92CF;
  10217 : 92DF;
  10218 : 92EF;
  10219 : 92FF;
  10220 : 930F;
  10221 : 931F;
  10222 : 93CF;
  10223 : 93DF;
  10224 : D000;
  10225 : D000;
  10226 : D000;
  10227 : B7CD;
  10228 : B7DE;
  10229 : 91E0;
  10230 : 0103;
  10231 : 91F0;
  10232 : 0104;
  10233 : 178E;
  10234 : 079F;
  10235 : F00C;
  10236 : C068;
  10237 : 91E0;
  10238 : 0101;
  10239 : 91F0;
  10240 : 0102;
  10241 : 176E;
  10242 : 077F;
  10243 : F00C;
  10244 : C060;
  10245 : 2CCE;
  10246 : 2CD1;
  10247 : 01FC;
  10248 : E056;
  10249 : 9EE5;
  10250 : 0DE0;
  10251 : 1DF1;
  10252 : 2411;
  10253 : 161E;
  10254 : 061F;
  10255 : F00C;
  10256 : C054;
  10257 : 01F6;
  10258 : E053;
  10259 : 0FEE;
  10260 : 1FFF;
  10261 : 955A;
  10262 : F7E1;
  10263 : 0FE6;
  10264 : 1FF7;
  10265 : 161E;
  10266 : 061F;
  10267 : F00C;
  10268 : C048;
  10269 : 82EC;
  10270 : 0158;
  10271 : 0179;
  10272 : 012B;
  10273 : E025;
  10274 : 9F42;
  10275 : 01A0;
  10276 : 2411;
  10277 : 839E;
  10278 : 838D;
  10279 : 013C;
  10280 : 8219;
  10281 : 5E47;
  10282 : 4F57;
  10283 : 019A;
  10284 : 1B28;
  10285 : 0B39;
  10286 : 833B;
  10287 : 832A;
  10288 : 8139;
  10289 : 2C31;
  10290 : 3035;
  10291 : F039;
  10292 : 81EA;
  10293 : 81FB;
  10294 : 818D;
  10295 : 819E;
  10296 : 0FE8;
  10297 : 1FF9;
  10298 : 9034;
  10299 : 819C;
  10300 : 0142;
  10301 : E088;
  10302 : 2E28;
  10303 : 3091;
  10304 : F5E9;
  10305 : 2C91;
  10306 : 2C81;
  10307 : 01A7;
  10308 : FC30;
  10309 : C004;
  10310 : 14AE;
  10311 : 04BF;
  10312 : F041;
  10313 : 01A5;
  10314 : 01B2;
  10315 : 0D68;
  10316 : 1D79;
  10317 : 818D;
  10318 : 819E;
  10319 : 940E;
  10320 : 247B;
  10321 : 9436;
  10322 : EF2F;
  10323 : 1A82;
  10324 : 0A92;
  10325 : E038;
  10326 : 1683;
  10327 : 0491;
  10328 : F751;
  10329 : 0C6C;
  10330 : 1C7D;
  10331 : 818D;
  10332 : 819E;
  10333 : 9601;
  10334 : 839E;
  10335 : 838D;
  10336 : 8199;
  10337 : 5F9F;
  10338 : 8399;
  10339 : 3096;
  10340 : F659;
  10341 : 9626;
  10342 : B60F;
  10343 : 94F8;
  10344 : BFDE;
  10345 : BE0F;
  10346 : BFCD;
  10347 : 91DF;
  10348 : 91CF;
  10349 : 911F;
  10350 : 910F;
  10351 : 90FF;
  10352 : 90EF;
  10353 : 90DF;
  10354 : 90CF;
  10355 : 90BF;
  10356 : 90AF;
  10357 : 909F;
  10358 : 908F;
  10359 : 907F;
  10360 : 906F;
  10361 : 905F;
  10362 : 904F;
  10363 : 903F;
  10364 : 902F;
  10365 : 9508;
  10366 : 0187;
  10367 : FC30;
  10368 : C004;
  10369 : 14AE;
  10370 : 04BF;
  10371 : F039;
  10372 : 0185;
  10373 : 0196;
  10374 : 01A6;
  10375 : 01B4;
  10376 : 01C3;
  10377 : 940E;
  10378 : 26EF;
  10379 : 9436;
  10380 : 942A;
  10381 : 0C8C;
  10382 : 1C9D;
  10383 : 1021;
  10384 : CFED;
  10385 : CFC7;
  10386 : 922F;
  10387 : 923F;
  10388 : 924F;
  10389 : 925F;
  10390 : 926F;
  10391 : 927F;
  10392 : 928F;
  10393 : 929F;
  10394 : 92AF;
  10395 : 92BF;
  10396 : 92CF;
  10397 : 92DF;
  10398 : 92EF;
  10399 : 92FF;
  10400 : 930F;
  10401 : 931F;
  10402 : 93CF;
  10403 : 93DF;
  10404 : B7CD;
  10405 : B7DE;
  10406 : 9764;
  10407 : B60F;
  10408 : 94F8;
  10409 : BFDE;
  10410 : BE0F;
  10411 : BFCD;
  10412 : 016B;
  10413 : 8B5C;
  10414 : 8B4B;
  10415 : 90E0;
  10416 : 02B3;
  10417 : 3021;
  10418 : 0531;
  10419 : F569;
  10420 : 9100;
  10421 : 02B5;
  10422 : 9110;
  10423 : 02B6;
  10424 : 9120;
  10425 : 02B7;
  10426 : 9130;
  10427 : 02B8;
  10428 : 2F48;
  10429 : 896B;
  10430 : 897C;
  10431 : 01C6;
  10432 : 940E;
  10433 : 27DE;
  10434 : 9180;
  10435 : 02B3;
  10436 : E026;
  10437 : 9F82;
  10438 : 01C0;
  10439 : 2411;
  10440 : 9664;
  10441 : B60F;
  10442 : 94F8;
  10443 : BFDE;
  10444 : BE0F;
  10445 : BFCD;
  10446 : 91DF;
  10447 : 91CF;
  10448 : 911F;
  10449 : 910F;
  10450 : 90FF;
  10451 : 90EF;
  10452 : 90DF;
  10453 : 90CF;
  10454 : 90BF;
  10455 : 90AF;
  10456 : 909F;
  10457 : 908F;
  10458 : 907F;
  10459 : 906F;
  10460 : 905F;
  10461 : 904F;
  10462 : 903F;
  10463 : 902F;
  10464 : 9508;
  10465 : 2C51;
  10466 : 2C41;
  10467 : 3022;
  10468 : 0531;
  10469 : F009;
  10470 : C07F;
  10471 : 9780;
  10472 : 01FC;
  10473 : 0FEE;
  10474 : 1FFF;
  10475 : 54E7;
  10476 : 4FFF;
  10477 : 9105;
  10478 : 9114;
  10479 : 0118;
  10480 : 5487;
  10481 : 4F98;
  10482 : 01FC;
  10483 : 91F4;
  10484 : 83FB;
  10485 : 2E4F;
  10486 : 2C51;
  10487 : 9DFE;
  10488 : 01C0;
  10489 : 2411;
  10490 : 01AC;
  10491 : 0F46;
  10492 : 1F57;
  10493 : 9120;
  10494 : 0103;
  10495 : 9130;
  10496 : 0104;
  10497 : 1742;
  10498 : 0753;
  10499 : F00C;
  10500 : CFC3;
  10501 : 0142;
  10502 : E026;
  10503 : 0E82;
  10504 : 1C91;
  10505 : E0A3;
  10506 : 9495;
  10507 : 9487;
  10508 : 95AA;
  10509 : F7E1;
  10510 : 9120;
  10511 : 02B7;
  10512 : 9130;
  10513 : 02B8;
  10514 : 9180;
  10515 : 02B5;
  10516 : 9190;
  10517 : 02B6;
  10518 : 1728;
  10519 : 0739;
  10520 : F021;
  10521 : E081;
  10522 : 16E8;
  10523 : F409;
  10524 : C184;
  10525 : E1E0;
  10526 : E0F0;
  10527 : 83FA;
  10528 : 83E9;
  10529 : 01C6;
  10530 : 9607;
  10531 : 839E;
  10532 : 838D;
  10533 : 01F6;
  10534 : 9636;
  10535 : 87F8;
  10536 : 83EF;
  10537 : 9702;
  10538 : 879A;
  10539 : 8789;
  10540 : 9732;
  10541 : 87FC;
  10542 : 87EB;
  10543 : 9702;
  10544 : 879E;
  10545 : 878D;
  10546 : 9732;
  10547 : 8BF8;
  10548 : 87EF;
  10549 : 9702;
  10550 : 8B9A;
  10551 : 8B89;
  10552 : 9100;
  10553 : 02B5;
  10554 : 9110;
  10555 : 02B6;
  10556 : 9180;
  10557 : 02B7;
  10558 : 9190;
  10559 : 02B8;
  10560 : 1780;
  10561 : 0791;
  10562 : F069;
  10563 : 9140;
  10564 : 02B3;
  10565 : 2F24;
  10566 : E030;
  10567 : 819B;
  10568 : 9F49;
  10569 : 01A0;
  10570 : 2411;
  10571 : 896B;
  10572 : 897C;
  10573 : 01C6;
  10574 : 940E;
  10575 : 26EF;
  10576 : 2C71;
  10577 : 2C61;
  10578 : 9140;
  10579 : 02B3;
  10580 : 1468;
  10581 : 0479;
  10582 : F4B9;
  10583 : 898B;
  10584 : 899C;
  10585 : 0F84;
  10586 : 1D91;
  10587 : 8B9C;
  10588 : 8B8B;
  10589 : 81E9;
  10590 : 81FA;
  10591 : 9731;
  10592 : 83FA;
  10593 : 83E9;
  10594 : 0C28;
  10595 : 1C39;
  10596 : 2BEF;
  10597 : F691;
  10598 : 9120;
  10599 : 02B3;
  10600 : 9D24;
  10601 : 01C0;
  10602 : 9D25;
  10603 : 0D90;
  10604 : 2411;
  10605 : CF5A;
  10606 : 01F1;
  10607 : 0DE6;
  10608 : 1DF7;
  10609 : 90F4;
  10610 : 20FF;
  10611 : F409;
  10612 : C07F;
  10613 : 0183;
  10614 : E0F3;
  10615 : 0F00;
  10616 : 1F11;
  10617 : 95FA;
  10618 : F7E1;
  10619 : 2DAF;
  10620 : 74A0;
  10621 : 83AC;
  10622 : 2DEF;
  10623 : 72E0;
  10624 : 2EEE;
  10625 : 3041;
  10626 : F009;
  10627 : C074;
  10628 : FEF7;
  10629 : C00B;
  10630 : 9140;
  10631 : 02B7;
  10632 : 9150;
  10633 : 02B8;
  10634 : 896B;
  10635 : 897C;
  10636 : 01C6;
  10637 : 0F80;
  10638 : 1F91;
  10639 : 940E;
  10640 : 247B;
  10641 : 81FC;
  10642 : 23FF;
  10643 : F061;
  10644 : 9140;
  10645 : 02B7;
  10646 : 9150;
  10647 : 02B8;
  10648 : 896B;
  10649 : 897C;
  10650 : 8989;
  10651 : 899A;
  10652 : 0F80;
  10653 : 1F91;
  10654 : 940E;
  10655 : 247B;
  10656 : 20EE;
  10657 : F061;
  10658 : 9140;
  10659 : 02B7;
  10660 : 9150;
  10661 : 02B8;
  10662 : 896B;
  10663 : 897C;
  10664 : 858F;
  10665 : 8998;
  10666 : 0F80;
  10667 : 1F91;
  10668 : 940E;
  10669 : 247B;
  10670 : FEF4;
  10671 : C00C;
  10672 : 9140;
  10673 : 02B7;
  10674 : 9150;
  10675 : 02B8;
  10676 : 896B;
  10677 : 897C;
  10678 : 858D;
  10679 : 859E;
  10680 : 0F80;
  10681 : 1F91;
  10682 : 940E;
  10683 : 247B;
  10684 : FEF3;
  10685 : C00C;
  10686 : 9140;
  10687 : 02B7;
  10688 : 9150;
  10689 : 02B8;
  10690 : 896B;
  10691 : 897C;
  10692 : 858B;
  10693 : 859C;
  10694 : 0F80;
  10695 : 1F91;
  10696 : 940E;
  10697 : 247B;
  10698 : FEF2;
  10699 : C00C;
  10700 : 9140;
  10701 : 02B7;
  10702 : 9150;
  10703 : 02B8;
  10704 : 896B;
  10705 : 897C;
  10706 : 8589;
  10707 : 859A;
  10708 : 0F80;
  10709 : 1F91;
  10710 : 940E;
  10711 : 247B;
  10712 : FEF1;
  10713 : C00C;
  10714 : 9140;
  10715 : 02B7;
  10716 : 9150;
  10717 : 02B8;
  10718 : 896B;
  10719 : 897C;
  10720 : 818F;
  10721 : 8598;
  10722 : 0F80;
  10723 : 1F91;
  10724 : 940E;
  10725 : 247B;
  10726 : FEF0;
  10727 : C00C;
  10728 : 9140;
  10729 : 02B7;
  10730 : 9150;
  10731 : 02B8;
  10732 : 896B;
  10733 : 897C;
  10734 : 818D;
  10735 : 819E;
  10736 : 0F80;
  10737 : 1F91;
  10738 : 940E;
  10739 : 247B;
  10740 : EFEF;
  10741 : 1A6E;
  10742 : 0A7E;
  10743 : CF5A;
  10744 : E050;
  10745 : 9F40;
  10746 : 0150;
  10747 : 9F41;
  10748 : 0CB0;
  10749 : 9F50;
  10750 : 0CB0;
  10751 : 2411;
  10752 : 0CAC;
  10753 : 1CBD;
  10754 : FEF7;
  10755 : C00A;
  10756 : 9100;
  10757 : 02B7;
  10758 : 9110;
  10759 : 02B8;
  10760 : 019A;
  10761 : 896B;
  10762 : 897C;
  10763 : 01C5;
  10764 : 940E;
  10765 : 26EF;
  10766 : 812C;
  10767 : 2322;
  10768 : F079;
  10769 : 9180;
  10770 : 02B3;
  10771 : E090;
  10772 : 9100;
  10773 : 02B7;
  10774 : 9110;
  10775 : 02B8;
  10776 : 019C;
  10777 : 01AC;
  10778 : 896B;
  10779 : 897C;
  10780 : 0D8A;
  10781 : 1D9B;
  10782 : 940E;
  10783 : 26EF;
  10784 : 20EE;
  10785 : F089;
  10786 : 9140;
  10787 : 02B3;
  10788 : E050;
  10789 : 9100;
  10790 : 02B7;
  10791 : 9110;
  10792 : 02B8;
  10793 : 01CA;
  10794 : 0F88;
  10795 : 1F99;
  10796 : 019A;
  10797 : 896B;
  10798 : 897C;
  10799 : 0D8A;
  10800 : 1D9B;
  10801 : 940E;
  10802 : 26EF;
  10803 : FEF4;
  10804 : C014;
  10805 : 9180;
  10806 : 02B3;
  10807 : 2F48;
  10808 : E050;
  10809 : 9100;
  10810 : 02B7;
  10811 : 9110;
  10812 : 02B8;
  10813 : 019A;
  10814 : 896B;
  10815 : 897C;
  10816 : 01F5;
  10817 : E0A3;
  10818 : 9F8A;
  10819 : 0DE0;
  10820 : 1DF1;
  10821 : 2411;
  10822 : 01CF;
  10823 : 940E;
  10824 : 26EF;
  10825 : FEF3;
  10826 : C013;
  10827 : 9140;
  10828 : 02B3;
  10829 : E050;
  10830 : 9100;
  10831 : 02B7;
  10832 : 9110;
  10833 : 02B8;
  10834 : 01CA;
  10835 : 0F88;
  10836 : 1F99;
  10837 : 0F88;
  10838 : 1F99;
  10839 : 019A;
  10840 : 896B;
  10841 : 897C;
  10842 : 0D8A;
  10843 : 1D9B;
  10844 : 940E;
  10845 : 26EF;
  10846 : FEF2;
  10847 : C014;
  10848 : 9180;
  10849 : 02B3;
  10850 : 2F48;
  10851 : E050;
  10852 : 9100;
  10853 : 02B7;
  10854 : 9110;
  10855 : 02B8;
  10856 : 019A;
  10857 : 896B;
  10858 : 897C;
  10859 : 01F5;
  10860 : E0A5;
  10861 : 9F8A;
  10862 : 0DE0;
  10863 : 1DF1;
  10864 : 2411;
  10865 : 01CF;
  10866 : 940E;
  10867 : 26EF;
  10868 : FEF1;
  10869 : C014;
  10870 : 9180;
  10871 : 02B3;
  10872 : 2F48;
  10873 : E050;
  10874 : 9100;
  10875 : 02B7;
  10876 : 9110;
  10877 : 02B8;
  10878 : 019A;
  10879 : 896B;
  10880 : 897C;
  10881 : 01F5;
  10882 : E0A6;
  10883 : 9F8A;
  10884 : 0DE0;
  10885 : 1DF1;
  10886 : 2411;
  10887 : 01CF;
  10888 : 940E;
  10889 : 26EF;
  10890 : FEF0;
  10891 : CF68;
  10892 : 9180;
  10893 : 02B3;
  10894 : 2F48;
  10895 : E050;
  10896 : 9100;
  10897 : 02B7;
  10898 : 9110;
  10899 : 02B8;
  10900 : 019A;
  10901 : 896B;
  10902 : 897C;
  10903 : 01F5;
  10904 : E0A7;
  10905 : 9F8A;
  10906 : 0DE0;
  10907 : 1DF1;
  10908 : 2411;
  10909 : 01CF;
  10910 : 940E;
  10911 : 26EF;
  10912 : CF53;
  10913 : 892B;
  10914 : 893C;
  10915 : 5F21;
  10916 : 4F3F;
  10917 : 01A4;
  10918 : E063;
  10919 : 0F44;
  10920 : 1F55;
  10921 : 956A;
  10922 : F7E1;
  10923 : 0D4C;
  10924 : 1D5D;
  10925 : 5041;
  10926 : 0951;
  10927 : 896B;
  10928 : 897C;
  10929 : 01C6;
  10930 : 940E;
  10931 : 20CA;
  10932 : 2CD1;
  10933 : 2CC1;
  10934 : 821A;
  10935 : 8219;
  10936 : C026;
  10937 : 9CC8;
  10938 : 01F0;
  10939 : 9CC9;
  10940 : 0DF0;
  10941 : 9CD8;
  10942 : 0DF0;
  10943 : 2411;
  10944 : 8189;
  10945 : 819A;
  10946 : 0F80;
  10947 : 1F91;
  10948 : 0FE8;
  10949 : 1FF9;
  10950 : 90B4;
  10951 : E088;
  10952 : 2EE8;
  10953 : 2CF1;
  10954 : E890;
  10955 : 2EA9;
  10956 : 2D8B;
  10957 : 218A;
  10958 : F101;
  10959 : 9180;
  10960 : 02B7;
  10961 : 9190;
  10962 : 02B8;
  10963 : 940E;
  10964 : 1F43;
  10965 : 94A6;
  10966 : E0F1;
  10967 : 1AEF;
  10968 : 08F1;
  10969 : F791;
  10970 : 8189;
  10971 : 819A;
  10972 : 9601;
  10973 : 839A;
  10974 : 8389;
  10975 : 81E9;
  10976 : 81FA;
  10977 : 15E8;
  10978 : 05F9;
  10979 : F2AC;
  10980 : EFFF;
  10981 : 1ACF;
  10982 : 0ADF;
  10983 : E120;
  10984 : 16C2;
  10985 : 04D1;
  10986 : F25C;
  10987 : 9B77;
  10988 : CFFE;
  10989 : 9AC0;
  10990 : CE77;
  10991 : 9180;
  10992 : 02B5;
  10993 : 9190;
  10994 : 02B6;
  10995 : CFDF;
  10996 : 928F;
  10997 : 929F;
  10998 : 92AF;
  10999 : 92BF;
  11000 : 92CF;
  11001 : 92DF;
  11002 : 92EF;
  11003 : 92FF;
  11004 : 930F;
  11005 : 931F;
  11006 : 93CF;
  11007 : 93DF;
  11008 : D000;
  11009 : 921F;
  11010 : B7CD;
  11011 : B7DE;
  11012 : 015C;
  11013 : 017B;
  11014 : 835B;
  11015 : 834A;
  11016 : 0149;
  11017 : 9180;
  11018 : 02AD;
  11019 : 1181;
  11020 : C007;
  11021 : 9180;
  11022 : 02BB;
  11023 : 9190;
  11024 : 02BC;
  11025 : 2B89;
  11026 : F409;
  11027 : C0E9;
  11028 : 01B4;
  11029 : 01C5;
  11030 : 940E;
  11031 : 27B4;
  11032 : E025;
  11033 : 9D28;
  11034 : 01F0;
  11035 : 9D29;
  11036 : 0DF0;
  11037 : 2411;
  11038 : 57E0;
  11039 : 4FFF;
  11040 : 91E4;
  11041 : 90C0;
  11042 : 02B3;
  11043 : 9DEC;
  11044 : 0160;
  11045 : 2411;
  11046 : 91E0;
  11047 : 02AD;
  11048 : 50E1;
  11049 : 30E8;
  11050 : F008;
  11051 : C08A;
  11052 : E0F0;
  11053 : 5CEF;
  11054 : 4DF4;
  11055 : 940C;
  11056 : 3DA9;
  11057 : 2B39;
  11058 : 2B6B;
  11059 : 2B70;
  11060 : 2B7C;
  11061 : 2B8D;
  11062 : 2B9A;
  11063 : 2BA2;
  11064 : 2BAF;
  11065 : 019C;
  11066 : 9536;
  11067 : 9527;
  11068 : 1AE2;
  11069 : 0AF3;
  11070 : E022;
  11071 : 8329;
  11072 : FEF7;
  11073 : C002;
  11074 : 2CF1;
  11075 : 2CE1;
  11076 : 9120;
  11077 : 0103;
  11078 : 9130;
  11079 : 0104;
  11080 : 01A7;
  11081 : 0F48;
  11082 : 1F59;
  11083 : 1724;
  11084 : 0735;
  11085 : F418;
  11086 : 0179;
  11087 : 1AE8;
  11088 : 0AF9;
  11089 : 812A;
  11090 : 813B;
  11091 : FF37;
  11092 : C002;
  11093 : 821B;
  11094 : 821A;
  11095 : 9180;
  11096 : 0101;
  11097 : 9190;
  11098 : 0102;
  11099 : 812A;
  11100 : 813B;
  11101 : 0D2C;
  11102 : 1D3D;
  11103 : 1782;
  11104 : 0793;
  11105 : F428;
  11106 : 01AC;
  11107 : 194C;
  11108 : 095D;
  11109 : 835B;
  11110 : 834A;
  11111 : 0185;
  11112 : 2CB1;
  11113 : 2CA1;
  11114 : C059;
  11115 : 1AE8;
  11116 : 0AF9;
  11117 : E033;
  11118 : 8339;
  11119 : CFD0;
  11120 : 0196;
  11121 : 9536;
  11122 : 9527;
  11123 : 814A;
  11124 : 815B;
  11125 : 1B42;
  11126 : 0B53;
  11127 : 835B;
  11128 : 834A;
  11129 : E051;
  11130 : 8359;
  11131 : CFC4;
  11132 : 019C;
  11133 : 9536;
  11134 : 9527;
  11135 : 1AE2;
  11136 : 0AF3;
  11137 : 0196;
  11138 : 9536;
  11139 : 9527;
  11140 : 81EA;
  11141 : 81FB;
  11142 : 1BE2;
  11143 : 0BF3;
  11144 : 83FB;
  11145 : 83EA;
  11146 : E0F2;
  11147 : 83F9;
  11148 : CFB3;
  11149 : 1AE8;
  11150 : 0AF9;
  11151 : 0196;
  11152 : 9536;
  11153 : 9527;
  11154 : 814A;
  11155 : 815B;
  11156 : 1B42;
  11157 : 0B53;
  11158 : 835B;
  11159 : 834A;
  11160 : E053;
  11161 : CFE0;
  11162 : 81EA;
  11163 : 81FB;
  11164 : 19EC;
  11165 : 09FD;
  11166 : 83FB;
  11167 : 83EA;
  11168 : E0F1;
  11169 : CFE9;
  11170 : 019C;
  11171 : 9536;
  11172 : 9527;
  11173 : 1AE2;
  11174 : 0AF3;
  11175 : 812A;
  11176 : 813B;
  11177 : 192C;
  11178 : 093D;
  11179 : 833B;
  11180 : 832A;
  11181 : E032;
  11182 : CFBF;
  11183 : 1AE8;
  11184 : 0AF9;
  11185 : 814A;
  11186 : 815B;
  11187 : 194C;
  11188 : 095D;
  11189 : CFE0;
  11190 : E0E1;
  11191 : 83E9;
  11192 : CF87;
  11193 : 01B5;
  11194 : 0D6E;
  11195 : 1D7F;
  11196 : 0194;
  11197 : 814A;
  11198 : 815B;
  11199 : E090;
  11200 : 940E;
  11201 : 2892;
  11202 : 0EA8;
  11203 : 1EB9;
  11204 : 01F8;
  11205 : 9181;
  11206 : 018F;
  11207 : 1181;
  11208 : CFF0;
  11209 : 91E0;
  11210 : 02BB;
  11211 : 91F0;
  11212 : 02BC;
  11213 : 16AE;
  11214 : 06BF;
  11215 : F4E4;
  11216 : 9100;
  11217 : 02B5;
  11218 : 9110;
  11219 : 02B6;
  11220 : 9180;
  11221 : 02B7;
  11222 : 9190;
  11223 : 02B8;
  11224 : 1780;
  11225 : 0791;
  11226 : F089;
  11227 : 01C5;
  11228 : 0D8E;
  11229 : 1D9F;
  11230 : 8129;
  11231 : 3022;
  11232 : F109;
  11233 : 3023;
  11234 : F409;
  11235 : C041;
  11236 : 01AF;
  11237 : 194A;
  11238 : 095B;
  11239 : 0196;
  11240 : 816A;
  11241 : 817B;
  11242 : 940E;
  11243 : 26EF;
  11244 : 01C5;
  11245 : 900F;
  11246 : 900F;
  11247 : 900F;
  11248 : 91DF;
  11249 : 91CF;
  11250 : 911F;
  11251 : 910F;
  11252 : 90FF;
  11253 : 90EF;
  11254 : 90DF;
  11255 : 90CF;
  11256 : 90BF;
  11257 : 90AF;
  11258 : 909F;
  11259 : 908F;
  11260 : 9508;
  11261 : 2CD1;
  11262 : 2CC1;
  11263 : E051;
  11264 : 8359;
  11265 : CF65;
  11266 : 19EA;
  11267 : 09FB;
  11268 : 01AF;
  11269 : 9555;
  11270 : 9547;
  11271 : 0196;
  11272 : 816A;
  11273 : 817B;
  11274 : 940E;
  11275 : 26EF;
  11276 : 9140;
  11277 : 02BB;
  11278 : 9150;
  11279 : 02BC;
  11280 : 194A;
  11281 : 095B;
  11282 : 9555;
  11283 : 9547;
  11284 : 9100;
  11285 : 02B5;
  11286 : 9110;
  11287 : 02B6;
  11288 : 01CA;
  11289 : 16E4;
  11290 : 06F5;
  11291 : F40C;
  11292 : 01C7;
  11293 : 0196;
  11294 : 816A;
  11295 : 817B;
  11296 : 01F7;
  11297 : 1BE8;
  11298 : 0BF9;
  11299 : 01CF;
  11300 : CFC5;
  11301 : 178E;
  11302 : 079F;
  11303 : F40C;
  11304 : 01FC;
  11305 : 01AF;
  11306 : 194A;
  11307 : 095B;
  11308 : 0196;
  11309 : 816A;
  11310 : 817B;
  11311 : 1B8E;
  11312 : 0B9F;
  11313 : CFB8;
  11314 : 1181;
  11315 : C001;
  11316 : E081;
  11317 : 9380;
  11318 : 02B4;
  11319 : 9508;
  11320 : 93CF;
  11321 : 93DF;
  11322 : 308D;
  11323 : F151;
  11324 : 9120;
  11325 : 02B4;
  11326 : 3022;
  11327 : F559;
  11328 : 2F48;
  11329 : 5240;
  11330 : 0B55;
  11331 : 01FA;
  11332 : 54E7;
  11333 : 4FF8;
  11334 : 91E4;
  11335 : E0F0;
  11336 : 9636;
  11337 : 7FE8;
  11338 : E1A0;
  11339 : E0B0;
  11340 : 9160;
  11341 : 02B3;
  11342 : E070;
  11343 : 9F6A;
  11344 : 01E0;
  11345 : 9F6B;
  11346 : 0DD0;
  11347 : 9F7A;
  11348 : 0DD0;
  11349 : 2411;
  11350 : 9140;
  11351 : 02A9;
  11352 : 9150;
  11353 : 02AA;
  11354 : 308A;
  11355 : F4D1;
  11356 : 0F4C;
  11357 : 1F5D;
  11358 : 9350;
  11359 : 02AA;
  11360 : 9340;
  11361 : 02A9;
  11362 : 9210;
  11363 : 02B2;
  11364 : 9210;
  11365 : 02B1;
  11366 : E081;
  11367 : E090;
  11368 : 91DF;
  11369 : 91CF;
  11370 : 9508;
  11371 : E0A8;
  11372 : E0B0;
  11373 : E0E6;
  11374 : E0F0;
  11375 : 3021;
  11376 : F2D9;
  11377 : E0B0;
  11378 : E0A0;
  11379 : E0F0;
  11380 : E0E0;
  11381 : CFD6;
  11382 : 9190;
  11383 : 0100;
  11384 : 2399;
  11385 : F0F1;
  11386 : 9F6E;
  11387 : 01D0;
  11388 : 9F6F;
  11389 : 0DB0;
  11390 : 9F7E;
  11391 : 0DB0;
  11392 : 2411;
  11393 : 9160;
  11394 : 02B1;
  11395 : 9170;
  11396 : 02B2;
  11397 : 0F6A;
  11398 : 1F7B;
  11399 : 91E0;
  11400 : 0103;
  11401 : 91F0;
  11402 : 0104;
  11403 : 176E;
  11404 : 077F;
  11405 : F050;
  11406 : 0F4C;
  11407 : 1F5D;
  11408 : 9350;
  11409 : 02AA;
  11410 : 9340;
  11411 : 02A9;
  11412 : 9210;
  11413 : 02B2;
  11414 : 9210;
  11415 : 02B1;
  11416 : E030;
  11417 : 9140;
  11418 : 02A9;
  11419 : 9150;
  11420 : 02AA;
  11421 : 9160;
  11422 : 02B1;
  11423 : 9170;
  11424 : 02B2;
  11425 : E090;
  11426 : 940E;
  11427 : 2892;
  11428 : 9120;
  11429 : 02B1;
  11430 : 9130;
  11431 : 02B2;
  11432 : 0F82;
  11433 : 1F93;
  11434 : 9390;
  11435 : 02B2;
  11436 : 9380;
  11437 : 02B1;
  11438 : CFB7;
  11439 : 93CF;
  11440 : 93DF;
  11441 : 01EC;
  11442 : 9189;
  11443 : 1181;
  11444 : C003;
  11445 : 91DF;
  11446 : 91CF;
  11447 : 9508;
  11448 : 940E;
  11449 : 2C38;
  11450 : CFF7;
  11451 : 92EF;
  11452 : 92FF;
  11453 : 930F;
  11454 : 931F;
  11455 : 93CF;
  11456 : 93DF;
  11457 : D000;
  11458 : D000;
  11459 : 921F;
  11460 : B7CD;
  11461 : B7DE;
  11462 : 018B;
  11463 : E0E0;
  11464 : E02A;
  11465 : 2EE2;
  11466 : 2CF1;
  11467 : 9700;
  11468 : F4A9;
  11469 : E380;
  11470 : 01DB;
  11471 : 938C;
  11472 : E021;
  11473 : 01F8;
  11474 : 0FE2;
  11475 : 1DF1;
  11476 : 8210;
  11477 : 2F82;
  11478 : 900F;
  11479 : 900F;
  11480 : 900F;
  11481 : 900F;
  11482 : 900F;
  11483 : 91DF;
  11484 : 91CF;
  11485 : 911F;
  11486 : 910F;
  11487 : 90FF;
  11488 : 90EF;
  11489 : 9508;
  11490 : E021;
  11491 : 0F2E;
  11492 : E041;
  11493 : E050;
  11494 : 0F4C;
  11495 : 1F5D;
  11496 : 0F4E;
  11497 : 1D51;
  11498 : 01FA;
  11499 : 01B7;
  11500 : 940E;
  11501 : 3D40;
  11502 : 5D80;
  11503 : 8380;
  11504 : 01CB;
  11505 : 2FE2;
  11506 : 9700;
  11507 : F771;
  11508 : 2FA2;
  11509 : 1BAE;
  11510 : 01A8;
  11511 : 0F4A;
  11512 : 1D51;
  11513 : 23EE;
  11514 : F2B1;
  11515 : 50E1;
  11516 : E081;
  11517 : E090;
  11518 : 0F8C;
  11519 : 1F9D;
  11520 : 0F8E;
  11521 : 1D91;
  11522 : 01DC;
  11523 : 918C;
  11524 : 01DA;
  11525 : 938C;
  11526 : CFED;
  11527 : 928F;
  11528 : 929F;
  11529 : 92AF;
  11530 : 92BF;
  11531 : 92DF;
  11532 : 92EF;
  11533 : 92FF;
  11534 : 930F;
  11535 : 931F;
  11536 : 93CF;
  11537 : 93DF;
  11538 : B7CD;
  11539 : B7DE;
  11540 : 972A;
  11541 : B60F;
  11542 : 94F8;
  11543 : BFDE;
  11544 : BE0F;
  11545 : BFCD;
  11546 : 017A;
  11547 : E000;
  11548 : E02A;
  11549 : 2E82;
  11550 : 2C91;
  11551 : 2CA1;
  11552 : 2CB1;
  11553 : 1561;
  11554 : 0571;
  11555 : 0581;
  11556 : 0591;
  11557 : F4E1;
  11558 : E380;
  11559 : 01FA;
  11560 : 8380;
  11561 : 24DD;
  11562 : 94D3;
  11563 : 01F7;
  11564 : 0DED;
  11565 : 1DF1;
  11566 : 8210;
  11567 : 2D8D;
  11568 : 962A;
  11569 : B60F;
  11570 : 94F8;
  11571 : BFDE;
  11572 : BE0F;
  11573 : BFCD;
  11574 : 91DF;
  11575 : 91CF;
  11576 : 911F;
  11577 : 910F;
  11578 : 90FF;
  11579 : 90EF;
  11580 : 90DF;
  11581 : 90BF;
  11582 : 90AF;
  11583 : 909F;
  11584 : 908F;
  11585 : 9508;
  11586 : 24DD;
  11587 : 94D3;
  11588 : 0ED0;
  11589 : E021;
  11590 : E030;
  11591 : 0F2C;
  11592 : 1F3D;
  11593 : 0F20;
  11594 : 1D31;
  11595 : 0189;
  11596 : 01A5;
  11597 : 0194;
  11598 : 940E;
  11599 : 3D68;
  11600 : 5D60;
  11601 : 01F8;
  11602 : 8360;
  11603 : 01B9;
  11604 : 01CA;
  11605 : 2D0D;
  11606 : 1561;
  11607 : 0571;
  11608 : 0581;
  11609 : 0591;
  11610 : F739;
  11611 : 2DED;
  11612 : 1BE0;
  11613 : 0DEE;
  11614 : 2DFF;
  11615 : 1DF1;
  11616 : 2300;
  11617 : F249;
  11618 : 5001;
  11619 : E0A1;
  11620 : E0B0;
  11621 : 0FAC;
  11622 : 1FBD;
  11623 : 0FA0;
  11624 : 1DB1;
  11625 : 918C;
  11626 : 8380;
  11627 : CFEF;
  11628 : E098;
  11629 : 9F69;
  11630 : 01B0;
  11631 : 2411;
  11632 : 7E60;
  11633 : 7077;
  11634 : 9546;
  11635 : 9546;
  11636 : 9546;
  11637 : 2B64;
  11638 : E090;
  11639 : 2F98;
  11640 : 2788;
  11641 : 2788;
  11642 : 7F98;
  11643 : 2B86;
  11644 : 2B97;
  11645 : 9508;
  11646 : 92EF;
  11647 : 92FF;
  11648 : 930F;
  11649 : 931F;
  11650 : 93CF;
  11651 : 93DF;
  11652 : 01EC;
  11653 : 01CB;
  11654 : 01BA;
  11655 : 01A9;
  11656 : 019B;
  11657 : 5120;
  11658 : 4F3F;
  11659 : 5041;
  11660 : 0951;
  11661 : 0F48;
  11662 : 1F59;
  11663 : 940E;
  11664 : 20CA;
  11665 : 01FE;
  11666 : 9104;
  11667 : 2300;
  11668 : F061;
  11669 : 9631;
  11670 : 90E5;
  11671 : 90F4;
  11672 : E010;
  11673 : 01C7;
  11674 : 940E;
  11675 : 1F43;
  11676 : 5F1F;
  11677 : 1301;
  11678 : CFFA;
  11679 : 9623;
  11680 : CFF0;
  11681 : 91DF;
  11682 : 91CF;
  11683 : 911F;
  11684 : 910F;
  11685 : 90FF;
  11686 : 90EF;
  11687 : 9508;
  11688 : 923F;
  11689 : 924F;
  11690 : 925F;
  11691 : 926F;
  11692 : 927F;
  11693 : 928F;
  11694 : 929F;
  11695 : 92AF;
  11696 : 92BF;
  11697 : 92CF;
  11698 : 92DF;
  11699 : 92EF;
  11700 : 92FF;
  11701 : 930F;
  11702 : 931F;
  11703 : 93CF;
  11704 : 93DF;
  11705 : D000;
  11706 : D000;
  11707 : B7CD;
  11708 : B7DE;
  11709 : 012C;
  11710 : 013B;
  11711 : 015A;
  11712 : 0149;
  11713 : 2CD1;
  11714 : 2CC1;
  11715 : 821C;
  11716 : 821B;
  11717 : 01F8;
  11718 : 9034;
  11719 : 9631;
  11720 : 91E4;
  11721 : 5F0E;
  11722 : 4F1F;
  11723 : 2033;
  11724 : F409;
  11725 : C042;
  11726 : E081;
  11727 : E090;
  11728 : 11E1;
  11729 : C002;
  11730 : E090;
  11731 : E080;
  11732 : 2722;
  11733 : 2733;
  11734 : 1B28;
  11735 : 0B39;
  11736 : 833A;
  11737 : 8329;
  11738 : 2D83;
  11739 : E090;
  11740 : 0175;
  11741 : 81EB;
  11742 : 81FC;
  11743 : 1AEE;
  11744 : 0AFF;
  11745 : 158E;
  11746 : 059F;
  11747 : F408;
  11748 : 017C;
  11749 : 818B;
  11750 : 819C;
  11751 : 0D84;
  11752 : 1D95;
  11753 : 01AC;
  11754 : 5041;
  11755 : 0951;
  11756 : 0D4E;
  11757 : 1D5F;
  11758 : 01B3;
  11759 : 0D6C;
  11760 : 1D7D;
  11761 : 019B;
  11762 : 940E;
  11763 : 20CA;
  11764 : 01A7;
  11765 : E070;
  11766 : E060;
  11767 : 8189;
  11768 : 819A;
  11769 : 940E;
  11770 : 1F6F;
  11771 : 183E;
  11772 : 812B;
  11773 : 813C;
  11774 : 0D2E;
  11775 : 1D3F;
  11776 : 833C;
  11777 : 832B;
  11778 : 152A;
  11779 : 053B;
  11780 : F040;
  11781 : EF3F;
  11782 : 1AC3;
  11783 : 0AD3;
  11784 : 14C8;
  11785 : 04D9;
  11786 : F428;
  11787 : 821C;
  11788 : 821B;
  11789 : 1031;
  11790 : CFCB;
  11791 : CFB5;
  11792 : 900F;
  11793 : 900F;
  11794 : 900F;
  11795 : 900F;
  11796 : 91DF;
  11797 : 91CF;
  11798 : 911F;
  11799 : 910F;
  11800 : 90FF;
  11801 : 90EF;
  11802 : 90DF;
  11803 : 90CF;
  11804 : 90BF;
  11805 : 90AF;
  11806 : 909F;
  11807 : 908F;
  11808 : 907F;
  11809 : 906F;
  11810 : 905F;
  11811 : 904F;
  11812 : 903F;
  11813 : 9508;
  11814 : 019B;
  11815 : 01AC;
  11816 : E084;
  11817 : 0F22;
  11818 : 1F33;
  11819 : 1F44;
  11820 : 1F55;
  11821 : 958A;
  11822 : F7D1;
  11823 : E060;
  11824 : E57A;
  11825 : E682;
  11826 : E092;
  11827 : 940E;
  11828 : 3D68;
  11829 : 5021;
  11830 : 0931;
  11831 : 9330;
  11832 : 0090;
  11833 : B929;
  11834 : E188;
  11835 : B98A;
  11836 : E086;
  11837 : 9380;
  11838 : 0095;
  11839 : 9508;
  11840 : 9B5D;
  11841 : CFFE;
  11842 : B98C;
  11843 : 9508;
  11844 : 93CF;
  11845 : 93DF;
  11846 : 01EC;
  11847 : 9189;
  11848 : 1181;
  11849 : C003;
  11850 : 91DF;
  11851 : 91CF;
  11852 : 9508;
  11853 : 940E;
  11854 : 2E40;
  11855 : CFF7;
  11856 : 940C;
  11857 : 2E40;
  11858 : 930F;
  11859 : 931F;
  11860 : 93CF;
  11861 : 93DF;
  11862 : B7CD;
  11863 : B7DE;
  11864 : 9761;
  11865 : B60F;
  11866 : 94F8;
  11867 : BFDE;
  11868 : BE0F;
  11869 : BFCD;
  11870 : 018C;
  11871 : E181;
  11872 : EFE5;
  11873 : E0F1;
  11874 : 01DE;
  11875 : 9611;
  11876 : 9001;
  11877 : 920D;
  11878 : 958A;
  11879 : F7E1;
  11880 : 01F8;
  11881 : 2FEF;
  11882 : 27FF;
  11883 : 95E2;
  11884 : 70EF;
  11885 : E081;
  11886 : E090;
  11887 : 0F8C;
  11888 : 1F9D;
  11889 : 0FE8;
  11890 : 1FF9;
  11891 : 8180;
  11892 : 940E;
  11893 : 2E40;
  11894 : 2FE1;
  11895 : 27FF;
  11896 : 70EF;
  11897 : 27FF;
  11898 : E081;
  11899 : E090;
  11900 : 0F8C;
  11901 : 1F9D;
  11902 : 0FE8;
  11903 : 1FF9;
  11904 : 8180;
  11905 : 940E;
  11906 : 2E40;
  11907 : 01F8;
  11908 : E024;
  11909 : 95F6;
  11910 : 95E7;
  11911 : 952A;
  11912 : F7E1;
  11913 : 70EF;
  11914 : 27FF;
  11915 : E081;
  11916 : E090;
  11917 : 0F8C;
  11918 : 1F9D;
  11919 : 0FE8;
  11920 : 1FF9;
  11921 : 8180;
  11922 : 940E;
  11923 : 2E40;
  11924 : 01F8;
  11925 : 70EF;
  11926 : 27FF;
  11927 : E081;
  11928 : E090;
  11929 : 0F8C;
  11930 : 1F9D;
  11931 : 0FE8;
  11932 : 1FF9;
  11933 : 8180;
  11934 : 9661;
  11935 : B60F;
  11936 : 94F8;
  11937 : BFDE;
  11938 : BE0F;
  11939 : BFCD;
  11940 : 91DF;
  11941 : 91CF;
  11942 : 911F;
  11943 : 910F;
  11944 : 940C;
  11945 : 2E40;
  11946 : 92FF;
  11947 : 930F;
  11948 : 931F;
  11949 : 93CF;
  11950 : 93DF;
  11951 : D000;
  11952 : D000;
  11953 : D000;
  11954 : 921F;
  11955 : B7CD;
  11956 : B7DE;
  11957 : 018C;
  11958 : FF97;
  11959 : C006;
  11960 : E28D;
  11961 : 940E;
  11962 : 2E40;
  11963 : 9511;
  11964 : 9501;
  11965 : 0911;
  11966 : E0E0;
  11967 : E02A;
  11968 : E030;
  11969 : 24FF;
  11970 : 94F3;
  11971 : 0EFE;
  11972 : E081;
  11973 : E090;
  11974 : 0F8C;
  11975 : 1F9D;
  11976 : 0F8E;
  11977 : 1D91;
  11978 : 01FC;
  11979 : 01C8;
  11980 : 01B9;
  11981 : 940E;
  11982 : 3D54;
  11983 : 5D80;
  11984 : 8380;
  11985 : 018B;
  11986 : 2DEF;
  11987 : 2B67;
  11988 : F761;
  11989 : 94FA;
  11990 : EF9F;
  11991 : 12F9;
  11992 : C00C;
  11993 : 9627;
  11994 : B60F;
  11995 : 94F8;
  11996 : BFDE;
  11997 : BE0F;
  11998 : BFCD;
  11999 : 91DF;
  12000 : 91CF;
  12001 : 911F;
  12002 : 910F;
  12003 : 90FF;
  12004 : 9508;
  12005 : E0E1;
  12006 : E0F0;
  12007 : 0FEC;
  12008 : 1FFD;
  12009 : 0DEF;
  12010 : 1DF1;
  12011 : 8180;
  12012 : 940E;
  12013 : 2E40;
  12014 : CFE6;
  12015 : 931F;
  12016 : 93CF;
  12017 : 93DF;
  12018 : B7CD;
  12019 : B7DE;
  12020 : 9761;
  12021 : B60F;
  12022 : 94F8;
  12023 : BFDE;
  12024 : BE0F;
  12025 : BFCD;
  12026 : 2F18;
  12027 : E181;
  12028 : EFE5;
  12029 : E0F1;
  12030 : 01DE;
  12031 : 9611;
  12032 : 9001;
  12033 : 920D;
  12034 : 958A;
  12035 : F7E1;
  12036 : 2FE1;
  12037 : 95E2;
  12038 : 70EF;
  12039 : E081;
  12040 : E090;
  12041 : 0F8C;
  12042 : 1F9D;
  12043 : 0F8E;
  12044 : 1D91;
  12045 : 01FC;
  12046 : 8180;
  12047 : 940E;
  12048 : 2E40;
  12049 : 2FE1;
  12050 : 70EF;
  12051 : E081;
  12052 : E090;
  12053 : 0F8C;
  12054 : 1F9D;
  12055 : 0F8E;
  12056 : 1D91;
  12057 : 01FC;
  12058 : 8180;
  12059 : 9661;
  12060 : B60F;
  12061 : 94F8;
  12062 : BFDE;
  12063 : BE0F;
  12064 : BFCD;
  12065 : 91DF;
  12066 : 91CF;
  12067 : 911F;
  12068 : 940C;
  12069 : 2E40;
  12070 : EF8F;
  12071 : BB8A;
  12072 : E880;
  12073 : BB8B;
  12074 : 9508;
  12075 : 9AD8;
  12076 : 9508;
  12077 : 98D8;
  12078 : 9508;
  12079 : 9AD9;
  12080 : 9508;
  12081 : 98D9;
  12082 : 9508;
  12083 : 9ADA;
  12084 : 9508;
  12085 : 98DA;
  12086 : 9508;
  12087 : 9ADB;
  12088 : 9508;
  12089 : 98DB;
  12090 : 9508;
  12091 : 9508;
  12092 : BB82;
  12093 : B381;
  12094 : 9508;
  12095 : B380;
  12096 : 9508;
  12097 : B381;
  12098 : 9508;
  12099 : B988;
  12100 : 9508;
  12101 : B38C;
  12102 : 9190;
  12103 : 028C;
  12104 : 9380;
  12105 : 028C;
  12106 : 1B89;
  12107 : 9508;
  12108 : B39D;
  12109 : B38C;
  12110 : 9508;
  12111 : 924F;
  12112 : 925F;
  12113 : 926F;
  12114 : 927F;
  12115 : 92AF;
  12116 : 92BF;
  12117 : 92CF;
  12118 : 92DF;
  12119 : 92EF;
  12120 : 92FF;
  12121 : 930F;
  12122 : 931F;
  12123 : 93CF;
  12124 : 93DF;
  12125 : B7CD;
  12126 : B7DE;
  12127 : 0129;
  12128 : 013A;
  12129 : 019B;
  12130 : 01AC;
  12131 : 1924;
  12132 : 0935;
  12133 : 0946;
  12134 : 0957;
  12135 : 8989;
  12136 : 899A;
  12137 : 89AB;
  12138 : 89BC;
  12139 : 01BC;
  12140 : 01CD;
  12141 : 196A;
  12142 : 097B;
  12143 : 098C;
  12144 : 099D;
  12145 : 940E;
  12146 : 3D30;
  12147 : 01A8;
  12148 : 0197;
  12149 : 1924;
  12150 : 0935;
  12151 : 0946;
  12152 : 0957;
  12153 : 940E;
  12154 : 3D8A;
  12155 : 01CA;
  12156 : 01B9;
  12157 : 0D6A;
  12158 : 1D7B;
  12159 : 1D8C;
  12160 : 1D9D;
  12161 : 91DF;
  12162 : 91CF;
  12163 : 911F;
  12164 : 910F;
  12165 : 90FF;
  12166 : 90EF;
  12167 : 90DF;
  12168 : 90CF;
  12169 : 90BF;
  12170 : 90AF;
  12171 : 907F;
  12172 : 906F;
  12173 : 905F;
  12174 : 904F;
  12175 : 9508;
  12176 : B387;
  12177 : 6388;
  12178 : BB87;
  12179 : 98BE;
  12180 : 98BF;
  12181 : 98C3;
  12182 : 98C5;
  12183 : 9AC4;
  12184 : 9508;
  12185 : 2F28;
  12186 : E098;
  12187 : E080;
  12188 : FF27;
  12189 : C00A;
  12190 : 9AC5;
  12191 : 0F22;
  12192 : 9AC3;
  12193 : 0F88;
  12194 : 99B6;
  12195 : 6081;
  12196 : 98C3;
  12197 : 5091;
  12198 : F7A9;
  12199 : 9508;
  12200 : 98C5;
  12201 : CFF5;
  12202 : 93CF;
  12203 : 98C4;
  12204 : ED80;
  12205 : 940E;
  12206 : 2F99;
  12207 : E080;
  12208 : 940E;
  12209 : 2F99;
  12210 : 2FC8;
  12211 : E080;
  12212 : 940E;
  12213 : 2F99;
  12214 : 9AC4;
  12215 : 2F9C;
  12216 : E023;
  12217 : 9596;
  12218 : 9587;
  12219 : 952A;
  12220 : F7E1;
  12221 : 91CF;
  12222 : 9508;
  12223 : 93CF;
  12224 : 98C4;
  12225 : E980;
  12226 : 940E;
  12227 : 2F99;
  12228 : E080;
  12229 : 940E;
  12230 : 2F99;
  12231 : 2FC8;
  12232 : E080;
  12233 : 940E;
  12234 : 2F99;
  12235 : 9AC4;
  12236 : 2F9C;
  12237 : E023;
  12238 : 9596;
  12239 : 9587;
  12240 : 952A;
  12241 : F7E1;
  12242 : 91CF;
  12243 : 9508;
  12244 : 924F;
  12245 : 925F;
  12246 : 926F;
  12247 : 927F;
  12248 : 929F;
  12249 : 92AF;
  12250 : 92BF;
  12251 : 92CF;
  12252 : 92DF;
  12253 : 92EF;
  12254 : 92FF;
  12255 : 930F;
  12256 : 931F;
  12257 : 93CF;
  12258 : 93DF;
  12259 : 01EC;
  12260 : 018B;
  12261 : 98C4;
  12262 : 2C91;
  12263 : 2CC1;
  12264 : 2CD1;
  12265 : 0176;
  12266 : 2C41;
  12267 : 2C51;
  12268 : 0132;
  12269 : 99B7;
  12270 : C011;
  12271 : 9493;
  12272 : 940E;
  12273 : 2FAA;
  12274 : 015C;
  12275 : 940E;
  12276 : 2FBF;
  12277 : 0C4A;
  12278 : 1C5B;
  12279 : 1C61;
  12280 : 1C71;
  12281 : 0EC8;
  12282 : 1ED9;
  12283 : 1CE1;
  12284 : 1CF1;
  12285 : E180;
  12286 : 1298;
  12287 : CFED;
  12288 : 9AC4;
  12289 : E1E0;
  12290 : E080;
  12291 : 129E;
  12292 : C066;
  12293 : E054;
  12294 : 9476;
  12295 : 9467;
  12296 : 9457;
  12297 : 9447;
  12298 : 955A;
  12299 : F7D1;
  12300 : EFF7;
  12301 : 164F;
  12302 : E0FE;
  12303 : 065F;
  12304 : 0461;
  12305 : 0471;
  12306 : F030;
  12307 : EF46;
  12308 : 2E44;
  12309 : E04E;
  12310 : 2E54;
  12311 : 2C61;
  12312 : 2C71;
  12313 : E034;
  12314 : 94F6;
  12315 : 94E7;
  12316 : 94D7;
  12317 : 94C7;
  12318 : 953A;
  12319 : F7D1;
  12320 : ED89;
  12321 : 16C8;
  12322 : E08E;
  12323 : 06D8;
  12324 : 04E1;
  12325 : 04F1;
  12326 : F030;
  12327 : ED28;
  12328 : 2EC2;
  12329 : E02E;
  12330 : 2ED2;
  12331 : 2CE1;
  12332 : 2CF1;
  12333 : ECE8;
  12334 : 164E;
  12335 : 0451;
  12336 : 0461;
  12337 : 0471;
  12338 : F428;
  12339 : EC98;
  12340 : 2E49;
  12341 : 2C51;
  12342 : 2C61;
  12343 : 2C71;
  12344 : 01A3;
  12345 : 0192;
  12346 : 5920;
  12347 : 4031;
  12348 : 0941;
  12349 : 0951;
  12350 : EFA0;
  12351 : E0B0;
  12352 : 940E;
  12353 : 3DC1;
  12354 : E428;
  12355 : E03D;
  12356 : E040;
  12357 : E050;
  12358 : 940E;
  12359 : 3D8A;
  12360 : 01F8;
  12361 : 8331;
  12362 : 8320;
  12363 : E9F0;
  12364 : 16CF;
  12365 : E0F1;
  12366 : 06DF;
  12367 : 04E1;
  12368 : 04F1;
  12369 : F430;
  12370 : E980;
  12371 : 2EC8;
  12372 : 24DD;
  12373 : 94D3;
  12374 : 2CE1;
  12375 : 2CF1;
  12376 : 01A7;
  12377 : 0196;
  12378 : 5C28;
  12379 : 0931;
  12380 : 0941;
  12381 : 0951;
  12382 : E4A0;
  12383 : E0B1;
  12384 : 940E;
  12385 : 3DC1;
  12386 : E22E;
  12387 : E03E;
  12388 : E040;
  12389 : E050;
  12390 : 940E;
  12391 : 3D8A;
  12392 : 8339;
  12393 : 8328;
  12394 : E081;
  12395 : 91DF;
  12396 : 91CF;
  12397 : 911F;
  12398 : 910F;
  12399 : 90FF;
  12400 : 90EF;
  12401 : 90DF;
  12402 : 90CF;
  12403 : 90BF;
  12404 : 90AF;
  12405 : 909F;
  12406 : 907F;
  12407 : 906F;
  12408 : 905F;
  12409 : 904F;
  12410 : 9508;
  12411 : B386;
  12412 : 9580;
  12413 : 1F88;
  12414 : 2788;
  12415 : 1F88;
  12416 : 9508;
  12417 : 930F;
  12418 : 931F;
  12419 : 93CF;
  12420 : 93DF;
  12421 : 01DC;
  12422 : 2344;
  12423 : F199;
  12424 : 9180;
  12425 : 028D;
  12426 : 9190;
  12427 : 028E;
  12428 : 01F9;
  12429 : 9700;
  12430 : F029;
  12431 : EF8F;
  12432 : EF9F;
  12433 : C01F;
  12434 : 9601;
  12435 : 9639;
  12436 : 1780;
  12437 : 0791;
  12438 : F7C4;
  12439 : 8120;
  12440 : 8131;
  12441 : 17A2;
  12442 : 07B3;
  12443 : F3B0;
  12444 : 81C4;
  12445 : 81D5;
  12446 : 0F2C;
  12447 : 1F3D;
  12448 : 17A2;
  12449 : 07B3;
  12450 : F778;
  12451 : 8122;
  12452 : 8133;
  12453 : 1762;
  12454 : 0773;
  12455 : F350;
  12456 : 81C6;
  12457 : 81D7;
  12458 : 0F2C;
  12459 : 1F3D;
  12460 : 1762;
  12461 : 0773;
  12462 : F718;
  12463 : E021;
  12464 : 8720;
  12465 : E050;
  12466 : 9350;
  12467 : 028E;
  12468 : 9340;
  12469 : 028D;
  12470 : 91DF;
  12471 : 91CF;
  12472 : 911F;
  12473 : 910F;
  12474 : 9508;
  12475 : 9210;
  12476 : 0128;
  12477 : 9210;
  12478 : 0131;
  12479 : 9210;
  12480 : 013A;
  12481 : 9210;
  12482 : 0143;
  12483 : 9210;
  12484 : 014C;
  12485 : 9210;
  12486 : 0155;
  12487 : 9210;
  12488 : 015E;
  12489 : 9210;
  12490 : 0167;
  12491 : CFC3;
  12492 : 01FC;
  12493 : 8331;
  12494 : 8320;
  12495 : 019A;
  12496 : 2744;
  12497 : 2755;
  12498 : 01FB;
  12499 : 8331;
  12500 : 8320;
  12501 : 9508;
  12502 : 930F;
  12503 : 931F;
  12504 : 01FB;
  12505 : 8160;
  12506 : 8171;
  12507 : 01FC;
  12508 : 8100;
  12509 : 8111;
  12510 : E090;
  12511 : E080;
  12512 : 01CB;
  12513 : 2777;
  12514 : 2766;
  12515 : E030;
  12516 : E020;
  12517 : 2B60;
  12518 : 2B71;
  12519 : 2B82;
  12520 : 2B93;
  12521 : 911F;
  12522 : 910F;
  12523 : 9508;
  12524 : B986;
  12525 : 9508;
  12526 : B186;
  12527 : 7081;
  12528 : 9508;
  12529 : 7083;
  12530 : B987;
  12531 : 9508;
  12532 : B187;
  12533 : 7083;
  12534 : 9508;
  12535 : 924F;
  12536 : 925F;
  12537 : 926F;
  12538 : 927F;
  12539 : 92AF;
  12540 : 92BF;
  12541 : 92CF;
  12542 : 92DF;
  12543 : 92EF;
  12544 : 92FF;
  12545 : 930F;
  12546 : 931F;
  12547 : 93CF;
  12548 : 93DF;
  12549 : B7CD;
  12550 : B7DE;
  12551 : 0129;
  12552 : 013A;
  12553 : 019B;
  12554 : 01AC;
  12555 : 1924;
  12556 : 0935;
  12557 : 0946;
  12558 : 0957;
  12559 : 8989;
  12560 : 899A;
  12561 : 89AB;
  12562 : 89BC;
  12563 : 01BC;
  12564 : 01CD;
  12565 : 196A;
  12566 : 097B;
  12567 : 098C;
  12568 : 099D;
  12569 : 940E;
  12570 : 3D30;
  12571 : 01A8;
  12572 : 0197;
  12573 : 1924;
  12574 : 0935;
  12575 : 0946;
  12576 : 0957;
  12577 : 940E;
  12578 : 3D8A;
  12579 : 01CA;
  12580 : 01B9;
  12581 : 0D6A;
  12582 : 1D7B;
  12583 : 1D8C;
  12584 : 1D9D;
  12585 : 91DF;
  12586 : 91CF;
  12587 : 911F;
  12588 : 910F;
  12589 : 90FF;
  12590 : 90EF;
  12591 : 90DF;
  12592 : 90CF;
  12593 : 90BF;
  12594 : 90AF;
  12595 : 907F;
  12596 : 906F;
  12597 : 905F;
  12598 : 904F;
  12599 : 9508;
  12600 : 930F;
  12601 : 931F;
  12602 : B940;
  12603 : 2F05;
  12604 : 2F16;
  12605 : 2F27;
  12606 : 2733;
  12607 : B901;
  12608 : 018B;
  12609 : 2722;
  12610 : 2733;
  12611 : B902;
  12612 : 2F47;
  12613 : 2755;
  12614 : 2766;
  12615 : 2777;
  12616 : B943;
  12617 : EF2F;
  12618 : E334;
  12619 : E09C;
  12620 : 5021;
  12621 : 4030;
  12622 : 4090;
  12623 : F7E1;
  12624 : C000;
  12625 : 0000;
  12626 : B984;
  12627 : 911F;
  12628 : 910F;
  12629 : 9508;
  12630 : 01AB;
  12631 : 01BC;
  12632 : 9576;
  12633 : 9567;
  12634 : 9557;
  12635 : 9547;
  12636 : E080;
  12637 : 940C;
  12638 : 3138;
  12639 : 9596;
  12640 : 9587;
  12641 : 01AC;
  12642 : E070;
  12643 : E060;
  12644 : E081;
  12645 : 940C;
  12646 : 3138;
  12647 : B985;
  12648 : EF2F;
  12649 : E384;
  12650 : E09C;
  12651 : 5021;
  12652 : 4080;
  12653 : 4090;
  12654 : F7E1;
  12655 : C000;
  12656 : 0000;
  12657 : B120;
  12658 : B131;
  12659 : B162;
  12660 : E070;
  12661 : E090;
  12662 : E080;
  12663 : 01CB;
  12664 : 2777;
  12665 : 2766;
  12666 : 2B73;
  12667 : 2B62;
  12668 : B123;
  12669 : 2B92;
  12670 : 9508;
  12671 : E080;
  12672 : 940E;
  12673 : 3167;
  12674 : 0F66;
  12675 : 1F77;
  12676 : 1F88;
  12677 : 1F99;
  12678 : 9508;
  12679 : E081;
  12680 : 940E;
  12681 : 3167;
  12682 : 0F66;
  12683 : 1F77;
  12684 : 1F88;
  12685 : 1F99;
  12686 : 9508;
  12687 : B940;
  12688 : 2F45;
  12689 : 2F56;
  12690 : 2F67;
  12691 : 2777;
  12692 : B941;
  12693 : EF2F;
  12694 : E334;
  12695 : E09C;
  12696 : 5021;
  12697 : 4030;
  12698 : 4090;
  12699 : F7E1;
  12700 : C000;
  12701 : 0000;
  12702 : B984;
  12703 : 9508;
  12704 : E025;
  12705 : 01AC;
  12706 : 9F24;
  12707 : 01C0;
  12708 : 9F25;
  12709 : 0D90;
  12710 : 2411;
  12711 : 01AC;
  12712 : E070;
  12713 : E060;
  12714 : E082;
  12715 : 940C;
  12716 : 318F;
  12717 : 2F28;
  12718 : E030;
  12719 : EFAF;
  12720 : E0B3;
  12721 : 940E;
  12722 : 3DB2;
  12723 : E624;
  12724 : E030;
  12725 : E040;
  12726 : E050;
  12727 : 940E;
  12728 : 3D8A;
  12729 : 01BA;
  12730 : 01A9;
  12731 : E083;
  12732 : 940C;
  12733 : 318F;
  12734 : B985;
  12735 : EF2F;
  12736 : E384;
  12737 : E09C;
  12738 : 5021;
  12739 : 4080;
  12740 : 4090;
  12741 : F7E1;
  12742 : C000;
  12743 : 0000;
  12744 : B120;
  12745 : B181;
  12746 : E090;
  12747 : E0B0;
  12748 : E0A0;
  12749 : 2FBA;
  12750 : 2FA9;
  12751 : 2F98;
  12752 : 2788;
  12753 : E030;
  12754 : 2B82;
  12755 : 2B93;
  12756 : 9508;
  12757 : E082;
  12758 : 940E;
  12759 : 31BE;
  12760 : E065;
  12761 : E070;
  12762 : 940E;
  12763 : 3D40;
  12764 : 01CB;
  12765 : 9508;
  12766 : E083;
  12767 : 940E;
  12768 : 31BE;
  12769 : 019C;
  12770 : E6A4;
  12771 : E0B0;
  12772 : 940E;
  12773 : 3DB2;
  12774 : EF2F;
  12775 : E033;
  12776 : E040;
  12777 : E050;
  12778 : 940E;
  12779 : 3D8A;
  12780 : 01C9;
  12781 : 9508;
  12782 : 92EF;
  12783 : 92FF;
  12784 : 930F;
  12785 : 931F;
  12786 : E090;
  12787 : E080;
  12788 : 940E;
  12789 : 278D;
  12790 : E082;
  12791 : 940E;
  12792 : 2C32;
  12793 : EE80;
  12794 : 2EE8;
  12795 : 24FF;
  12796 : 94FA;
  12797 : E006;
  12798 : E010;
  12799 : E228;
  12800 : E030;
  12801 : E34B;
  12802 : E051;
  12803 : E061;
  12804 : E070;
  12805 : E081;
  12806 : E090;
  12807 : 940E;
  12808 : 2675;
  12809 : E104;
  12810 : E01D;
  12811 : E226;
  12812 : E030;
  12813 : E148;
  12814 : E050;
  12815 : E062;
  12816 : E070;
  12817 : E084;
  12818 : E090;
  12819 : 940E;
  12820 : 2DA8;
  12821 : E006;
  12822 : E010;
  12823 : E925;
  12824 : E030;
  12825 : E34B;
  12826 : E051;
  12827 : E26D;
  12828 : E070;
  12829 : E081;
  12830 : E090;
  12831 : 940E;
  12832 : 2675;
  12833 : E228;
  12834 : E030;
  12835 : E34B;
  12836 : E051;
  12837 : EC66;
  12838 : E070;
  12839 : E081;
  12840 : E090;
  12841 : 940E;
  12842 : 2675;
  12843 : E082;
  12844 : 940E;
  12845 : 27AA;
  12846 : E066;
  12847 : E070;
  12848 : E38C;
  12849 : E090;
  12850 : 940E;
  12851 : 238A;
  12852 : E070;
  12853 : E060;
  12854 : E080;
  12855 : EF98;
  12856 : 940E;
  12857 : 27A1;
  12858 : E086;
  12859 : E092;
  12860 : 940E;
  12861 : 2CAF;
  12862 : E081;
  12863 : 940E;
  12864 : 27AA;
  12865 : E070;
  12866 : E060;
  12867 : EF8F;
  12868 : EF9F;
  12869 : 940E;
  12870 : 27A1;
  12871 : ED62;
  12872 : E070;
  12873 : E08C;
  12874 : E090;
  12875 : 940E;
  12876 : 238A;
  12877 : E184;
  12878 : E092;
  12879 : 940E;
  12880 : 2CAF;
  12881 : ED62;
  12882 : E070;
  12883 : EC88;
  12884 : E090;
  12885 : 940E;
  12886 : 238A;
  12887 : E18A;
  12888 : E092;
  12889 : 940E;
  12890 : 2CAF;
  12891 : E36A;
  12892 : E070;
  12893 : E08C;
  12894 : E090;
  12895 : 940E;
  12896 : 238A;
  12897 : E18F;
  12898 : E092;
  12899 : 940E;
  12900 : 2CAF;
  12901 : E56E;
  12902 : E070;
  12903 : E08C;
  12904 : E090;
  12905 : 940E;
  12906 : 238A;
  12907 : E28D;
  12908 : E092;
  12909 : 940E;
  12910 : 2CAF;
  12911 : E863;
  12912 : E070;
  12913 : E08C;
  12914 : E090;
  12915 : 940E;
  12916 : 238A;
  12917 : E38E;
  12918 : E092;
  12919 : 940E;
  12920 : 2CAF;
  12921 : EA68;
  12922 : E070;
  12923 : E08C;
  12924 : E090;
  12925 : 940E;
  12926 : 238A;
  12927 : E489;
  12928 : E092;
  12929 : 911F;
  12930 : 910F;
  12931 : 90FF;
  12932 : 90EF;
  12933 : 940C;
  12934 : 2CAF;
  12935 : 928F;
  12936 : 929F;
  12937 : 92AF;
  12938 : 92BF;
  12939 : 92CF;
  12940 : 92DF;
  12941 : 92EF;
  12942 : 92FF;
  12943 : 930F;
  12944 : 931F;
  12945 : 93CF;
  12946 : 93DF;
  12947 : 015C;
  12948 : 014B;
  12949 : 016A;
  12950 : E081;
  12951 : 1AC8;
  12952 : 08D1;
  12953 : 0175;
  12954 : E8CC;
  12955 : E0D0;
  12956 : 9180;
  12957 : 029F;
  12958 : 01A6;
  12959 : 1B48;
  12960 : 0951;
  12961 : 0197;
  12962 : 192A;
  12963 : 093B;
  12964 : 1742;
  12965 : 0753;
  12966 : F551;
  12967 : 9190;
  12968 : 0296;
  12969 : 2399;
  12970 : F151;
  12971 : 9190;
  12972 : 0295;
  12973 : 2399;
  12974 : F111;
  12975 : E010;
  12976 : E000;
  12977 : E220;
  12978 : E030;
  12979 : E142;
  12980 : E050;
  12981 : 01B4;
  12982 : 01CE;
  12983 : 940E;
  12984 : 26EF;
  12985 : 9662;
  12986 : EFFF;
  12987 : 1AEF;
  12988 : 0AFF;
  12989 : 3EC6;
  12990 : 05D1;
  12991 : F6E1;
  12992 : 9180;
  12993 : 029F;
  12994 : 9380;
  12995 : 029E;
  12996 : 91DF;
  12997 : 91CF;
  12998 : 911F;
  12999 : 910F;
  13000 : 90FF;
  13001 : 90EF;
  13002 : 90DF;
  13003 : 90CF;
  13004 : 90BF;
  13005 : 90AF;
  13006 : 909F;
  13007 : 908F;
  13008 : 9508;
  13009 : 9190;
  13010 : 029E;
  13011 : 1789;
  13012 : F321;
  13013 : 01F7;
  13014 : 8180;
  13015 : E022;
  13016 : E030;
  13017 : 01A4;
  13018 : 01BE;
  13019 : E090;
  13020 : 940E;
  13021 : 2892;
  13022 : CFDA;
  13023 : 921F;
  13024 : 920F;
  13025 : B60F;
  13026 : 920F;
  13027 : 2411;
  13028 : 932F;
  13029 : 938F;
  13030 : 939F;
  13031 : 9180;
  13032 : 0291;
  13033 : 9190;
  13034 : 0292;
  13035 : 9601;
  13036 : 9390;
  13037 : 0292;
  13038 : 9380;
  13039 : 0291;
  13040 : 9180;
  13041 : 028F;
  13042 : 9190;
  13043 : 0290;
  13044 : 9601;
  13045 : 9390;
  13046 : 0290;
  13047 : 9380;
  13048 : 028F;
  13049 : 9180;
  13050 : 028F;
  13051 : 9190;
  13052 : 0290;
  13053 : 3F84;
  13054 : 4091;
  13055 : F050;
  13056 : 9210;
  13057 : 0290;
  13058 : 9210;
  13059 : 028F;
  13060 : 9180;
  13061 : 0294;
  13062 : E091;
  13063 : 2789;
  13064 : 9380;
  13065 : 0294;
  13066 : 9180;
  13067 : 0291;
  13068 : 9190;
  13069 : 0292;
  13070 : 3D8C;
  13071 : 4095;
  13072 : F090;
  13073 : 9210;
  13074 : 0292;
  13075 : 9210;
  13076 : 0291;
  13077 : 9180;
  13078 : 0293;
  13079 : 2388;
  13080 : F091;
  13081 : B38B;
  13082 : E190;
  13083 : 2789;
  13084 : BB8B;
  13085 : 9180;
  13086 : 0296;
  13087 : E091;
  13088 : 2789;
  13089 : 9380;
  13090 : 0296;
  13091 : 919F;
  13092 : 918F;
  13093 : 912F;
  13094 : 900F;
  13095 : BE0F;
  13096 : 900F;
  13097 : 901F;
  13098 : 9518;
  13099 : 98DC;
  13100 : CFF0;
  13101 : 92CF;
  13102 : 92DF;
  13103 : 92EF;
  13104 : 92FF;
  13105 : 930F;
  13106 : 931F;
  13107 : 93CF;
  13108 : 93DF;
  13109 : 018A;
  13110 : 01EA;
  13111 : 9625;
  13112 : E02A;
  13113 : 2EC2;
  13114 : 2CD1;
  13115 : 2CE1;
  13116 : 2CF1;
  13117 : 01A7;
  13118 : 0196;
  13119 : 940E;
  13120 : 3D68;
  13121 : 5D60;
  13122 : 936A;
  13123 : 01B9;
  13124 : 01CA;
  13125 : 17C0;
  13126 : 07D1;
  13127 : F7A9;
  13128 : 821D;
  13129 : 91DF;
  13130 : 91CF;
  13131 : 911F;
  13132 : 910F;
  13133 : 90FF;
  13134 : 90EF;
  13135 : 90DF;
  13136 : 90CF;
  13137 : 9508;
  13138 : 92CF;
  13139 : 92DF;
  13140 : 92EF;
  13141 : 92FF;
  13142 : 930F;
  13143 : 931F;
  13144 : 93CF;
  13145 : 93DF;
  13146 : 018A;
  13147 : 01EA;
  13148 : 9623;
  13149 : E02A;
  13150 : 2EC2;
  13151 : 2CD1;
  13152 : 2CE1;
  13153 : 2CF1;
  13154 : 01A7;
  13155 : 0196;
  13156 : 940E;
  13157 : 3D68;
  13158 : 5D60;
  13159 : 936A;
  13160 : 01B9;
  13161 : 01CA;
  13162 : 17C0;
  13163 : 07D1;
  13164 : F7A9;
  13165 : 821B;
  13166 : 91DF;
  13167 : 91CF;
  13168 : 911F;
  13169 : 910F;
  13170 : 90FF;
  13171 : 90EF;
  13172 : 90DF;
  13173 : 90CF;
  13174 : 9508;
  13175 : 92CF;
  13176 : 92DF;
  13177 : 92EF;
  13178 : 92FF;
  13179 : 930F;
  13180 : 931F;
  13181 : 93CF;
  13182 : 2FC8;
  13183 : E082;
  13184 : 940E;
  13185 : 27AA;
  13186 : E070;
  13187 : E060;
  13188 : EF8F;
  13189 : EF9F;
  13190 : 940E;
  13191 : 27A1;
  13192 : 9180;
  13193 : 02A1;
  13194 : E091;
  13195 : 2789;
  13196 : 9380;
  13197 : 02A3;
  13198 : 90C0;
  13199 : 01C1;
  13200 : 90D0;
  13201 : 01C2;
  13202 : 90E0;
  13203 : 01C3;
  13204 : 90F0;
  13205 : 01C4;
  13206 : 11C1;
  13207 : C054;
  13208 : 9180;
  13209 : 01B4;
  13210 : 9190;
  13211 : 01B5;
  13212 : 91A0;
  13213 : 01B6;
  13214 : 91B0;
  13215 : 01B7;
  13216 : 16C8;
  13217 : 06D9;
  13218 : 06EA;
  13219 : 06FB;
  13220 : F009;
  13221 : C046;
  13222 : 9140;
  13223 : 01BD;
  13224 : 9150;
  13225 : 01BE;
  13226 : 9160;
  13227 : 01BF;
  13228 : 9170;
  13229 : 01C0;
  13230 : 9180;
  13231 : 01B0;
  13232 : 9190;
  13233 : 01B1;
  13234 : 91A0;
  13235 : 01B2;
  13236 : 91B0;
  13237 : 01B3;
  13238 : 1748;
  13239 : 0759;
  13240 : 076A;
  13241 : 077B;
  13242 : F009;
  13243 : C06F;
  13244 : 9190;
  13245 : 01BC;
  13246 : 9180;
  13247 : 01AF;
  13248 : 1398;
  13249 : C0AF;
  13250 : 9140;
  13251 : 01B8;
  13252 : 9150;
  13253 : 01B9;
  13254 : 9160;
  13255 : 01BA;
  13256 : 9170;
  13257 : 01BB;
  13258 : 9180;
  13259 : 01AB;
  13260 : 9190;
  13261 : 01AC;
  13262 : 91A0;
  13263 : 01AD;
  13264 : 91B0;
  13265 : 01AE;
  13266 : 1748;
  13267 : 0759;
  13268 : 076A;
  13269 : 077B;
  13270 : F009;
  13271 : C0D8;
  13272 : 9190;
  13273 : 02A2;
  13274 : 9180;
  13275 : 01AA;
  13276 : 1398;
  13277 : C11F;
  13278 : 9190;
  13279 : 02A1;
  13280 : 9180;
  13281 : 02A3;
  13282 : 1398;
  13283 : C136;
  13284 : 91CF;
  13285 : 911F;
  13286 : 910F;
  13287 : 90FF;
  13288 : 90EF;
  13289 : 90DF;
  13290 : 90CF;
  13291 : 9508;
  13292 : E949;
  13293 : E051;
  13294 : 01C7;
  13295 : 01B6;
  13296 : 940E;
  13297 : 332D;
  13298 : E280;
  13299 : 9380;
  13300 : 019E;
  13301 : E488;
  13302 : 9380;
  13303 : 019F;
  13304 : E78A;
  13305 : 9380;
  13306 : 01A0;
  13307 : 9210;
  13308 : 01A1;
  13309 : 92C0;
  13310 : 01B4;
  13311 : 92D0;
  13312 : 01B5;
  13313 : 92E0;
  13314 : 01B6;
  13315 : 92F0;
  13316 : 01B7;
  13317 : E010;
  13318 : E000;
  13319 : E220;
  13320 : E030;
  13321 : EA4A;
  13322 : E050;
  13323 : E362;
  13324 : E070;
  13325 : E88C;
  13326 : E090;
  13327 : 940E;
  13328 : 26EF;
  13329 : E939;
  13330 : 2EE3;
  13331 : E031;
  13332 : 2EF3;
  13333 : E80C;
  13334 : E010;
  13335 : 01F7;
  13336 : 9181;
  13337 : 017F;
  13338 : E022;
  13339 : E030;
  13340 : E342;
  13341 : E050;
  13342 : 01B8;
  13343 : E090;
  13344 : 940E;
  13345 : 2892;
  13346 : 5E0E;
  13347 : 4F1F;
  13348 : 310C;
  13349 : E0F1;
  13350 : 071F;
  13351 : F779;
  13352 : 23CC;
  13353 : F409;
  13354 : CF7B;
  13355 : E010;
  13356 : E000;
  13357 : E220;
  13358 : E030;
  13359 : EA4A;
  13360 : E050;
  13361 : E566;
  13362 : E070;
  13363 : E88C;
  13364 : E090;
  13365 : 940E;
  13366 : 26EF;
  13367 : 90C0;
  13368 : 01BD;
  13369 : 90D0;
  13370 : 01BE;
  13371 : 90E0;
  13372 : 01BF;
  13373 : 90F0;
  13374 : 01C0;
  13375 : E849;
  13376 : E051;
  13377 : 01C7;
  13378 : 01B6;
  13379 : 940E;
  13380 : 3352;
  13381 : E280;
  13382 : 9380;
  13383 : 018C;
  13384 : E488;
  13385 : 9380;
  13386 : 018D;
  13387 : E78A;
  13388 : 9380;
  13389 : 018E;
  13390 : 9210;
  13391 : 018F;
  13392 : 92C0;
  13393 : 01B0;
  13394 : 92D0;
  13395 : 01B1;
  13396 : 92E0;
  13397 : 01B2;
  13398 : 92F0;
  13399 : 01B3;
  13400 : E829;
  13401 : 2EE2;
  13402 : E021;
  13403 : 2EF2;
  13404 : E80C;
  13405 : E010;
  13406 : 01F7;
  13407 : 9181;
  13408 : 017F;
  13409 : E022;
  13410 : E030;
  13411 : E546;
  13412 : E050;
  13413 : 01B8;
  13414 : E090;
  13415 : 940E;
  13416 : 2892;
  13417 : 5E0E;
  13418 : 4F1F;
  13419 : 3F08;
  13420 : 0511;
  13421 : F781;
  13422 : 23CC;
  13423 : F409;
  13424 : CF4B;
  13425 : E010;
  13426 : E000;
  13427 : E220;
  13428 : E030;
  13429 : EA4A;
  13430 : E050;
  13431 : E76B;
  13432 : E070;
  13433 : E88C;
  13434 : E090;
  13435 : 940E;
  13436 : 26EF;
  13437 : E76B;
  13438 : E070;
  13439 : E88C;
  13440 : E090;
  13441 : 940E;
  13442 : 238A;
  13443 : 9110;
  13444 : 01BC;
  13445 : 2F61;
  13446 : E070;
  13447 : E090;
  13448 : E080;
  13449 : E749;
  13450 : E051;
  13451 : 940E;
  13452 : 3352;
  13453 : E280;
  13454 : 9380;
  13455 : 017C;
  13456 : E285;
  13457 : 9380;
  13458 : 017D;
  13459 : 9210;
  13460 : 017E;
  13461 : 9310;
  13462 : 01AF;
  13463 : E799;
  13464 : 2EE9;
  13465 : E091;
  13466 : 2EF9;
  13467 : E80C;
  13468 : E010;
  13469 : 01F7;
  13470 : 9181;
  13471 : 017F;
  13472 : E022;
  13473 : E030;
  13474 : E74B;
  13475 : E050;
  13476 : 01B8;
  13477 : E090;
  13478 : 940E;
  13479 : 2892;
  13480 : 5E0E;
  13481 : 4F1F;
  13482 : 3F08;
  13483 : 0511;
  13484 : F781;
  13485 : 23CC;
  13486 : F409;
  13487 : CF12;
  13488 : E010;
  13489 : E000;
  13490 : E220;
  13491 : E030;
  13492 : EA4A;
  13493 : E050;
  13494 : EA60;
  13495 : E070;
  13496 : E88C;
  13497 : E090;
  13498 : 940E;
  13499 : 26EF;
  13500 : EA60;
  13501 : E070;
  13502 : E88C;
  13503 : E090;
  13504 : 940E;
  13505 : 238A;
  13506 : 90C0;
  13507 : 01B8;
  13508 : 90D0;
  13509 : 01B9;
  13510 : 90E0;
  13511 : 01BA;
  13512 : 90F0;
  13513 : 01BB;
  13514 : E649;
  13515 : E051;
  13516 : 01C7;
  13517 : 01B6;
  13518 : 940E;
  13519 : 332D;
  13520 : E280;
  13521 : 9380;
  13522 : 016E;
  13523 : E68E;
  13524 : 9380;
  13525 : 016F;
  13526 : E583;
  13527 : 9380;
  13528 : 0170;
  13529 : 9210;
  13530 : 0171;
  13531 : 92C0;
  13532 : 01AB;
  13533 : 92D0;
  13534 : 01AC;
  13535 : 92E0;
  13536 : 01AD;
  13537 : 92F0;
  13538 : 01AE;
  13539 : E689;
  13540 : 2EE8;
  13541 : E081;
  13542 : 2EF8;
  13543 : E80C;
  13544 : E010;
  13545 : 01F7;
  13546 : 9181;
  13547 : 017F;
  13548 : E022;
  13549 : E030;
  13550 : EA40;
  13551 : E050;
  13552 : 01B8;
  13553 : E090;
  13554 : 940E;
  13555 : 2892;
  13556 : 5E0E;
  13557 : 4F1F;
  13558 : 310C;
  13559 : E0F1;
  13560 : 071F;
  13561 : F779;
  13562 : 23CC;
  13563 : F409;
  13564 : CEDB;
  13565 : E082;
  13566 : 940E;
  13567 : 27AA;
  13568 : E070;
  13569 : E060;
  13570 : EE80;
  13571 : E097;
  13572 : 940E;
  13573 : 27A1;
  13574 : EC6A;
  13575 : E070;
  13576 : E481;
  13577 : E090;
  13578 : 940E;
  13579 : 238A;
  13580 : 9180;
  13581 : 02A2;
  13582 : 3081;
  13583 : F179;
  13584 : F148;
  13585 : 3082;
  13586 : F179;
  13587 : 9180;
  13588 : 02A2;
  13589 : 9380;
  13590 : 01AA;
  13591 : 23CC;
  13592 : F409;
  13593 : CEC4;
  13594 : E082;
  13595 : 940E;
  13596 : 27AA;
  13597 : 9180;
  13598 : 02A1;
  13599 : 1181;
  13600 : C024;
  13601 : EF8F;
  13602 : EF9F;
  13603 : E070;
  13604 : E060;
  13605 : 940E;
  13606 : 27A1;
  13607 : EC6A;
  13608 : E070;
  13609 : EF80;
  13610 : E090;
  13611 : 940E;
  13612 : 238A;
  13613 : 9180;
  13614 : 02A1;
  13615 : 1181;
  13616 : C017;
  13617 : E589;
  13618 : E092;
  13619 : 940E;
  13620 : 2CAF;
  13621 : 9180;
  13622 : 02A1;
  13623 : 9380;
  13624 : 02A3;
  13625 : CEAA;
  13626 : E58D;
  13627 : E092;
  13628 : 940E;
  13629 : 2CAF;
  13630 : CFD4;
  13631 : E682;
  13632 : E092;
  13633 : CFFA;
  13634 : E687;
  13635 : E092;
  13636 : CFF7;
  13637 : E080;
  13638 : EF98;
  13639 : CFDB;
  13640 : E584;
  13641 : E092;
  13642 : CFE8;
  13643 : 306A;
  13644 : 0571;
  13645 : 0581;
  13646 : 0591;
  13647 : F090;
  13648 : 3664;
  13649 : 0571;
  13650 : 0581;
  13651 : 0591;
  13652 : F078;
  13653 : 3E68;
  13654 : E023;
  13655 : 0772;
  13656 : 0581;
  13657 : 0591;
  13658 : F058;
  13659 : 3160;
  13660 : 4277;
  13661 : 0581;
  13662 : 0591;
  13663 : F040;
  13664 : E085;
  13665 : 9508;
  13666 : E081;
  13667 : 9508;
  13668 : E082;
  13669 : 9508;
  13670 : E083;
  13671 : 9508;
  13672 : E084;
  13673 : 9508;
  13674 : 93CF;
  13675 : 2FC8;
  13676 : E081;
  13677 : 940E;
  13678 : 27AA;
  13679 : E070;
  13680 : E060;
  13681 : EF8F;
  13682 : EF9F;
  13683 : 940E;
  13684 : 27A1;
  13685 : E070;
  13686 : E060;
  13687 : 30C1;
  13688 : F009;
  13689 : C065;
  13690 : EE85;
  13691 : EA9F;
  13692 : 940E;
  13693 : 27A1;
  13694 : E36A;
  13695 : E070;
  13696 : E08C;
  13697 : E090;
  13698 : 940E;
  13699 : 238A;
  13700 : E18F;
  13701 : E092;
  13702 : 940E;
  13703 : 2CAF;
  13704 : 9160;
  13705 : 01C1;
  13706 : 9170;
  13707 : 01C2;
  13708 : 9180;
  13709 : 01C3;
  13710 : 9190;
  13711 : 01C4;
  13712 : 940E;
  13713 : 354B;
  13714 : 9190;
  13715 : 029F;
  13716 : 1789;
  13717 : F410;
  13718 : 9380;
  13719 : 029F;
  13720 : E081;
  13721 : 9380;
  13722 : 0295;
  13723 : E070;
  13724 : E060;
  13725 : EF8F;
  13726 : EF9F;
  13727 : 940E;
  13728 : 27A1;
  13729 : E56E;
  13730 : E070;
  13731 : E08C;
  13732 : E090;
  13733 : 940E;
  13734 : 238A;
  13735 : E28D;
  13736 : E092;
  13737 : 940E;
  13738 : 2CAF;
  13739 : 30C3;
  13740 : F009;
  13741 : C065;
  13742 : E070;
  13743 : E060;
  13744 : EE85;
  13745 : EA9F;
  13746 : 940E;
  13747 : 27A1;
  13748 : E863;
  13749 : E070;
  13750 : E08C;
  13751 : E090;
  13752 : 940E;
  13753 : 238A;
  13754 : E38E;
  13755 : E092;
  13756 : 940E;
  13757 : 2CAF;
  13758 : 9160;
  13759 : 01BC;
  13760 : E070;
  13761 : E090;
  13762 : E080;
  13763 : 940E;
  13764 : 354B;
  13765 : 9190;
  13766 : 029F;
  13767 : 1789;
  13768 : F410;
  13769 : 9380;
  13770 : 029F;
  13771 : E081;
  13772 : 9380;
  13773 : 0295;
  13774 : E070;
  13775 : E060;
  13776 : EF8F;
  13777 : EF9F;
  13778 : 940E;
  13779 : 27A1;
  13780 : EA68;
  13781 : E070;
  13782 : E08C;
  13783 : E090;
  13784 : 940E;
  13785 : 238A;
  13786 : E489;
  13787 : E092;
  13788 : 940E;
  13789 : 2CAF;
  13790 : C06A;
  13791 : EF8F;
  13792 : EF9F;
  13793 : 940E;
  13794 : 27A1;
  13795 : E36A;
  13796 : E070;
  13797 : E08C;
  13798 : E090;
  13799 : 940E;
  13800 : 238A;
  13801 : E18F;
  13802 : E092;
  13803 : 940E;
  13804 : 2CAF;
  13805 : 30C2;
  13806 : F009;
  13807 : CFAB;
  13808 : E070;
  13809 : E060;
  13810 : EE85;
  13811 : EA9F;
  13812 : 940E;
  13813 : 27A1;
  13814 : E56E;
  13815 : E070;
  13816 : E08C;
  13817 : E090;
  13818 : 940E;
  13819 : 238A;
  13820 : E28D;
  13821 : E092;
  13822 : 940E;
  13823 : 2CAF;
  13824 : 9160;
  13825 : 01BD;
  13826 : 9170;
  13827 : 01BE;
  13828 : 9180;
  13829 : 01BF;
  13830 : 9190;
  13831 : 01C0;
  13832 : 940E;
  13833 : 354B;
  13834 : 9190;
  13835 : 029F;
  13836 : 1789;
  13837 : F410;
  13838 : 9380;
  13839 : 029F;
  13840 : E081;
  13841 : 9380;
  13842 : 0295;
  13843 : E070;
  13844 : E060;
  13845 : EF8F;
  13846 : EF9F;
  13847 : 940E;
  13848 : 27A1;
  13849 : E863;
  13850 : E070;
  13851 : E08C;
  13852 : E090;
  13853 : 940E;
  13854 : 238A;
  13855 : E38E;
  13856 : E092;
  13857 : 940E;
  13858 : 2CAF;
  13859 : 30C4;
  13860 : F009;
  13861 : CFA8;
  13862 : E070;
  13863 : E060;
  13864 : EE85;
  13865 : EA9F;
  13866 : 940E;
  13867 : 27A1;
  13868 : EA68;
  13869 : E070;
  13870 : E08C;
  13871 : E090;
  13872 : 940E;
  13873 : 238A;
  13874 : E489;
  13875 : E092;
  13876 : 940E;
  13877 : 2CAF;
  13878 : 9160;
  13879 : 01B8;
  13880 : 9170;
  13881 : 01B9;
  13882 : 9180;
  13883 : 01BA;
  13884 : 9190;
  13885 : 01BB;
  13886 : 940E;
  13887 : 354B;
  13888 : 9190;
  13889 : 029F;
  13890 : 1789;
  13891 : F410;
  13892 : 9380;
  13893 : 029F;
  13894 : E081;
  13895 : 9380;
  13896 : 0295;
  13897 : E070;
  13898 : E060;
  13899 : EF8F;
  13900 : EF9F;
  13901 : 940E;
  13902 : 27A1;
  13903 : E081;
  13904 : 91CF;
  13905 : 940C;
  13906 : 3377;
  13907 : E083;
  13908 : BF83;
  13909 : BE12;
  13910 : B787;
  13911 : 6081;
  13912 : BF87;
  13913 : B783;
  13914 : 6083;
  13915 : BF83;
  13916 : 9478;
  13917 : 940E;
  13918 : 317F;
  13919 : 9360;
  13920 : 01C1;
  13921 : 9370;
  13922 : 01C2;
  13923 : 9380;
  13924 : 01C3;
  13925 : 9390;
  13926 : 01C4;
  13927 : 940E;
  13928 : 3187;
  13929 : 9360;
  13930 : 01BD;
  13931 : 9370;
  13932 : 01BE;
  13933 : 9380;
  13934 : 01BF;
  13935 : 9390;
  13936 : 01C0;
  13937 : 940E;
  13938 : 31DE;
  13939 : 9380;
  13940 : 01BC;
  13941 : 940E;
  13942 : 31D5;
  13943 : E0B0;
  13944 : E0A0;
  13945 : 9380;
  13946 : 01B8;
  13947 : 9390;
  13948 : 01B9;
  13949 : 93A0;
  13950 : 01BA;
  13951 : 93B0;
  13952 : 01BB;
  13953 : E08F;
  13954 : E798;
  13955 : 940E;
  13956 : 2133;
  13957 : 940E;
  13958 : 31EE;
  13959 : E081;
  13960 : 940E;
  13961 : 3377;
  13962 : E080;
  13963 : 940C;
  13964 : 356A;
  13965 : 930F;
  13966 : 931F;
  13967 : 93CF;
  13968 : 93DF;
  13969 : E090;
  13970 : E080;
  13971 : 940E;
  13972 : 2133;
  13973 : E083;
  13974 : 940E;
  13975 : 27AA;
  13976 : E070;
  13977 : E060;
  13978 : EF8F;
  13979 : EF9F;
  13980 : 940E;
  13981 : 27A1;
  13982 : E560;
  13983 : E070;
  13984 : E580;
  13985 : E090;
  13986 : 940E;
  13987 : 238A;
  13988 : E104;
  13989 : E216;
  13990 : EB26;
  13991 : E030;
  13992 : E742;
  13993 : E050;
  13994 : E06A;
  13995 : E070;
  13996 : E085;
  13997 : E090;
  13998 : 940E;
  13999 : 2DA8;
  14000 : EC20;
  14001 : E030;
  14002 : E04A;
  14003 : E050;
  14004 : E768;
  14005 : E070;
  14006 : E682;
  14007 : E09E;
  14008 : 940E;
  14009 : 2D7E;
  14010 : E62E;
  14011 : E030;
  14012 : E347;
  14013 : E050;
  14014 : E966;
  14015 : E070;
  14016 : E986;
  14017 : E29C;
  14018 : 940E;
  14019 : 2D7E;
  14020 : E082;
  14021 : 940E;
  14022 : 27AA;
  14023 : EA65;
  14024 : E070;
  14025 : EA8A;
  14026 : E090;
  14027 : 940E;
  14028 : 238A;
  14029 : E070;
  14030 : E060;
  14031 : E18F;
  14032 : E090;
  14033 : 940E;
  14034 : 27A1;
  14035 : E68D;
  14036 : E092;
  14037 : 940E;
  14038 : 2CAF;
  14039 : EC68;
  14040 : E070;
  14041 : E382;
  14042 : E090;
  14043 : 940E;
  14044 : 238A;
  14045 : E070;
  14046 : E060;
  14047 : EE85;
  14048 : EA9F;
  14049 : 940E;
  14050 : 27A1;
  14051 : E782;
  14052 : E092;
  14053 : 940E;
  14054 : 2CAF;
  14055 : E0C8;
  14056 : E0D0;
  14057 : E78A;
  14058 : E092;
  14059 : 940E;
  14060 : 2CAF;
  14061 : EF2F;
  14062 : E38D;
  14063 : E499;
  14064 : 5021;
  14065 : 4080;
  14066 : 4090;
  14067 : F7E1;
  14068 : C000;
  14069 : 0000;
  14070 : 9721;
  14071 : F789;
  14072 : 91DF;
  14073 : 91CF;
  14074 : 911F;
  14075 : 910F;
  14076 : 9508;
  14077 : 924F;
  14078 : 925F;
  14079 : 926F;
  14080 : 927F;
  14081 : 92AF;
  14082 : 92BF;
  14083 : 92CF;
  14084 : 92DF;
  14085 : 92EF;
  14086 : 92FF;
  14087 : 930F;
  14088 : 931F;
  14089 : 93CF;
  14090 : 93DF;
  14091 : B7CD;
  14092 : B7DE;
  14093 : 9728;
  14094 : B60F;
  14095 : 94F8;
  14096 : BFDE;
  14097 : BE0F;
  14098 : BFCD;
  14099 : 012B;
  14100 : 013C;
  14101 : 8329;
  14102 : 833A;
  14103 : 834B;
  14104 : 835C;
  14105 : 82ED;
  14106 : 82FE;
  14107 : 830F;
  14108 : 8718;
  14109 : 940E;
  14110 : 2F4C;
  14111 : 9120;
  14112 : 029C;
  14113 : 9130;
  14114 : 029D;
  14115 : 01DC;
  14116 : 1BA2;
  14117 : 0BB3;
  14118 : 9390;
  14119 : 029D;
  14120 : 9380;
  14121 : 029C;
  14122 : 9710;
  14123 : F0F1;
  14124 : 01A6;
  14125 : 0195;
  14126 : 940E;
  14127 : 3DCC;
  14128 : 0E46;
  14129 : 1E57;
  14130 : 1E68;
  14131 : 1E79;
  14132 : 8189;
  14133 : 819A;
  14134 : 81AB;
  14135 : 81BC;
  14136 : 1648;
  14137 : 0659;
  14138 : 066A;
  14139 : 067B;
  14140 : F410;
  14141 : 012C;
  14142 : 013D;
  14143 : 818D;
  14144 : 819E;
  14145 : 81AF;
  14146 : 85B8;
  14147 : 1584;
  14148 : 0595;
  14149 : 05A6;
  14150 : 05B7;
  14151 : F410;
  14152 : 012C;
  14153 : 013D;
  14154 : 01C3;
  14155 : 01B2;
  14156 : 9628;
  14157 : B60F;
  14158 : 94F8;
  14159 : BFDE;
  14160 : BE0F;
  14161 : BFCD;
  14162 : 91DF;
  14163 : 91CF;
  14164 : 911F;
  14165 : 910F;
  14166 : 90FF;
  14167 : 90EF;
  14168 : 90DF;
  14169 : 90CF;
  14170 : 90BF;
  14171 : 90AF;
  14172 : 907F;
  14173 : 906F;
  14174 : 905F;
  14175 : 904F;
  14176 : 9508;
  14177 : 92EF;
  14178 : 92FF;
  14179 : 930F;
  14180 : 931F;
  14181 : 93CF;
  14182 : 93DF;
  14183 : 01EC;
  14184 : 017B;
  14185 : 018A;
  14186 : 940E;
  14187 : 2F4C;
  14188 : 9120;
  14189 : 029C;
  14190 : 9130;
  14191 : 029D;
  14192 : 01AC;
  14193 : 1B42;
  14194 : 0B53;
  14195 : 019A;
  14196 : 9390;
  14197 : 029D;
  14198 : 9380;
  14199 : 029C;
  14200 : 2B45;
  14201 : F0A9;
  14202 : 9140;
  14203 : 0297;
  14204 : 9150;
  14205 : 0298;
  14206 : 9F42;
  14207 : 01C0;
  14208 : 9F43;
  14209 : 0D90;
  14210 : 9F52;
  14211 : 0D90;
  14212 : 2411;
  14213 : 0FC8;
  14214 : 1FD9;
  14215 : 15CE;
  14216 : 05DF;
  14217 : F408;
  14218 : 01E7;
  14219 : 170C;
  14220 : 071D;
  14221 : F408;
  14222 : 01E8;
  14223 : 01CE;
  14224 : 91DF;
  14225 : 91CF;
  14226 : 911F;
  14227 : 910F;
  14228 : 90FF;
  14229 : 90EF;
  14230 : 9508;
  14231 : 931F;
  14232 : 93CF;
  14233 : 93DF;
  14234 : 2FC8;
  14235 : 2F16;
  14236 : 2FD4;
  14237 : 940E;
  14238 : 2F4C;
  14239 : 9120;
  14240 : 029C;
  14241 : 9130;
  14242 : 029D;
  14243 : 01AC;
  14244 : 1B42;
  14245 : 0B53;
  14246 : 9390;
  14247 : 029D;
  14248 : 9380;
  14249 : 029C;
  14250 : 1541;
  14251 : 0551;
  14252 : F0B9;
  14253 : 9180;
  14254 : 0297;
  14255 : 9F84;
  14256 : 0DC0;
  14257 : 2411;
  14258 : 2F8C;
  14259 : 2F2C;
  14260 : 0FCC;
  14261 : 0B33;
  14262 : 1712;
  14263 : 0613;
  14264 : F011;
  14265 : F00C;
  14266 : 2F81;
  14267 : 2F28;
  14268 : 2E08;
  14269 : 0C00;
  14270 : 0B33;
  14271 : 17D2;
  14272 : 0613;
  14273 : F40C;
  14274 : 2F8D;
  14275 : 2FC8;
  14276 : 2F8C;
  14277 : 91DF;
  14278 : 91CF;
  14279 : 911F;
  14280 : 9508;
  14281 : 92AF;
  14282 : 92BF;
  14283 : 92CF;
  14284 : 92DF;
  14285 : 92EF;
  14286 : 92FF;
  14287 : 930F;
  14288 : 931F;
  14289 : 93CF;
  14290 : 93DF;
  14291 : D000;
  14292 : D000;
  14293 : B7CD;
  14294 : B7DE;
  14295 : 940E;
  14296 : 2F41;
  14297 : 2EE8;
  14298 : 2CF1;
  14299 : 9180;
  14300 : 02A1;
  14301 : 9380;
  14302 : 02C0;
  14303 : 01BE;
  14304 : 5F6F;
  14305 : 4F7F;
  14306 : 01CE;
  14307 : 9603;
  14308 : 940E;
  14309 : 2FD4;
  14310 : 8169;
  14311 : 817A;
  14312 : E008;
  14313 : E010;
  14314 : E220;
  14315 : E031;
  14316 : 2F48;
  14317 : 818B;
  14318 : 819C;
  14319 : 940E;
  14320 : 3081;
  14321 : FD97;
  14322 : C010;
  14323 : 14E1;
  14324 : 04F1;
  14325 : F449;
  14326 : E021;
  14327 : E030;
  14328 : 0179;
  14329 : 2E08;
  14330 : C002;
  14331 : 0CEE;
  14332 : 1CFF;
  14333 : 940A;
  14334 : F7E2;
  14335 : 9707;
  14336 : F411;
  14337 : 0CEE;
  14338 : 1CFF;
  14339 : 9180;
  14340 : 029B;
  14341 : 2388;
  14342 : F019;
  14343 : EC20;
  14344 : 22E2;
  14345 : 24FF;
  14346 : 9180;
  14347 : 02A1;
  14348 : 2388;
  14349 : F021;
  14350 : E684;
  14351 : 22E8;
  14352 : E081;
  14353 : 22F8;
  14354 : FEE0;
  14355 : C00E;
  14356 : E081;
  14357 : 9380;
  14358 : 029B;
  14359 : 9380;
  14360 : 02A0;
  14361 : E093;
  14362 : 9390;
  14363 : 029F;
  14364 : 9380;
  14365 : 0293;
  14366 : 940E;
  14367 : 356A;
  14368 : 940E;
  14369 : 2F2B;
  14370 : FEE1;
  14371 : C00F;
  14372 : E081;
  14373 : 9380;
  14374 : 029B;
  14375 : E092;
  14376 : 9390;
  14377 : 02A0;
  14378 : 9210;
  14379 : 029F;
  14380 : 9380;
  14381 : 0293;
  14382 : E082;
  14383 : 940E;
  14384 : 356A;
  14385 : 940E;
  14386 : 2F2F;
  14387 : FEE2;
  14388 : C00F;
  14389 : E081;
  14390 : 9380;
  14391 : 029B;
  14392 : E093;
  14393 : 9390;
  14394 : 02A0;
  14395 : 9210;
  14396 : 029F;
  14397 : 9380;
  14398 : 0293;
  14399 : E083;
  14400 : 940E;
  14401 : 356A;
  14402 : 940E;
  14403 : 2F33;
  14404 : FEE3;
  14405 : C00F;
  14406 : E081;
  14407 : 9380;
  14408 : 029B;
  14409 : E094;
  14410 : 9390;
  14411 : 02A0;
  14412 : 9210;
  14413 : 029F;
  14414 : 9380;
  14415 : 0293;
  14416 : E084;
  14417 : 940E;
  14418 : 356A;
  14419 : 940E;
  14420 : 2F37;
  14421 : FEE4;
  14422 : C00E;
  14423 : 9180;
  14424 : 02A2;
  14425 : 3082;
  14426 : F009;
  14427 : C16D;
  14428 : 9210;
  14429 : 02A2;
  14430 : 9180;
  14431 : 02A2;
  14432 : 940E;
  14433 : 30F1;
  14434 : E080;
  14435 : 940E;
  14436 : 3377;
  14437 : FEE5;
  14438 : C00F;
  14439 : 9180;
  14440 : 02A1;
  14441 : E091;
  14442 : 2789;
  14443 : 9380;
  14444 : 02A1;
  14445 : 940E;
  14446 : 2F3B;
  14447 : 9180;
  14448 : 02A1;
  14449 : 940E;
  14450 : 30EC;
  14451 : E080;
  14452 : 940E;
  14453 : 3377;
  14454 : FEE6;
  14455 : C0BA;
  14456 : 9180;
  14457 : 01C1;
  14458 : 9190;
  14459 : 01C2;
  14460 : 91A0;
  14461 : 01C3;
  14462 : 91B0;
  14463 : 01C4;
  14464 : 3986;
  14465 : 0591;
  14466 : 05A1;
  14467 : 05B1;
  14468 : F460;
  14469 : E986;
  14470 : E090;
  14471 : E0A0;
  14472 : E0B0;
  14473 : 9380;
  14474 : 01C1;
  14475 : 9390;
  14476 : 01C2;
  14477 : 93A0;
  14478 : 01C3;
  14479 : 93B0;
  14480 : 01C4;
  14481 : 9180;
  14482 : 01C1;
  14483 : 9190;
  14484 : 01C2;
  14485 : 91A0;
  14486 : 01C3;
  14487 : 91B0;
  14488 : 01C4;
  14489 : 3581;
  14490 : 4C93;
  14491 : 05A1;
  14492 : 05B1;
  14493 : F060;
  14494 : E580;
  14495 : EC93;
  14496 : E0A0;
  14497 : E0B0;
  14498 : 9380;
  14499 : 01C1;
  14500 : 9390;
  14501 : 01C2;
  14502 : 93A0;
  14503 : 01C3;
  14504 : 93B0;
  14505 : 01C4;
  14506 : 9180;
  14507 : 01BD;
  14508 : 9190;
  14509 : 01BE;
  14510 : 91A0;
  14511 : 01BF;
  14512 : 91B0;
  14513 : 01C0;
  14514 : 2B89;
  14515 : 2B8A;
  14516 : 2B8B;
  14517 : F461;
  14518 : E081;
  14519 : E090;
  14520 : E0A0;
  14521 : E0B0;
  14522 : 9380;
  14523 : 01BD;
  14524 : 9390;
  14525 : 01BE;
  14526 : 93A0;
  14527 : 01BF;
  14528 : 93B0;
  14529 : 01C0;
  14530 : 9180;
  14531 : 01BD;
  14532 : 9190;
  14533 : 01BE;
  14534 : 91A0;
  14535 : 01BF;
  14536 : 91B0;
  14537 : 01C0;
  14538 : 3F85;
  14539 : 4091;
  14540 : 05A1;
  14541 : 05B1;
  14542 : F060;
  14543 : EF84;
  14544 : E091;
  14545 : E0A0;
  14546 : E0B0;
  14547 : 9380;
  14548 : 01BD;
  14549 : 9390;
  14550 : 01BE;
  14551 : 93A0;
  14552 : 01BF;
  14553 : 93B0;
  14554 : 01C0;
  14555 : 9180;
  14556 : 01BC;
  14557 : 3685;
  14558 : F018;
  14559 : E684;
  14560 : 9380;
  14561 : 01BC;
  14562 : 9180;
  14563 : 01B8;
  14564 : 9190;
  14565 : 01B9;
  14566 : 91A0;
  14567 : 01BA;
  14568 : 91B0;
  14569 : 01BB;
  14570 : 3D81;
  14571 : 4097;
  14572 : 05A1;
  14573 : 05B1;
  14574 : F060;
  14575 : ED80;
  14576 : E097;
  14577 : E0A0;
  14578 : E0B0;
  14579 : 9380;
  14580 : 01B8;
  14581 : 9390;
  14582 : 01B9;
  14583 : 93A0;
  14584 : 01BA;
  14585 : 93B0;
  14586 : 01BB;
  14587 : 9160;
  14588 : 01C1;
  14589 : 9170;
  14590 : 01C2;
  14591 : 9180;
  14592 : 01C3;
  14593 : 9190;
  14594 : 01C4;
  14595 : 940E;
  14596 : 3156;
  14597 : 9180;
  14598 : 01BD;
  14599 : 9190;
  14600 : 01BE;
  14601 : 940E;
  14602 : 315F;
  14603 : 9180;
  14604 : 01BC;
  14605 : 940E;
  14606 : 31AD;
  14607 : 9180;
  14608 : 01B8;
  14609 : 9190;
  14610 : 01B9;
  14611 : 940E;
  14612 : 31A0;
  14613 : 9180;
  14614 : 02A2;
  14615 : 940E;
  14616 : 30F1;
  14617 : 9180;
  14618 : 02A1;
  14619 : 940E;
  14620 : 30EC;
  14621 : 9180;
  14622 : 02A0;
  14623 : 3081;
  14624 : F009;
  14625 : C0AB;
  14626 : 940E;
  14627 : 2F2D;
  14628 : 9210;
  14629 : 0295;
  14630 : 9210;
  14631 : 0293;
  14632 : E080;
  14633 : 940E;
  14634 : 356A;
  14635 : E081;
  14636 : 940E;
  14637 : 3377;
  14638 : 9210;
  14639 : 029B;
  14640 : 9210;
  14641 : 02A0;
  14642 : FEE7;
  14643 : C00F;
  14644 : 9180;
  14645 : 02A0;
  14646 : 3081;
  14647 : F009;
  14648 : C0A4;
  14649 : 9180;
  14650 : 029F;
  14651 : E090;
  14652 : 9601;
  14653 : E065;
  14654 : E070;
  14655 : 940E;
  14656 : 3D54;
  14657 : 9380;
  14658 : 029F;
  14659 : FEF0;
  14660 : C00A;
  14661 : 940E;
  14662 : 3C68;
  14663 : 940E;
  14664 : 31EE;
  14665 : E081;
  14666 : 940E;
  14667 : 3377;
  14668 : E080;
  14669 : 940E;
  14670 : 356A;
  14671 : 940E;
  14672 : 2F45;
  14673 : 2388;
  14674 : F059;
  14675 : 91E0;
  14676 : 02A0;
  14677 : 90F0;
  14678 : 029F;
  14679 : 2CA1;
  14680 : 2CB1;
  14681 : 0165;
  14682 : 94A3;
  14683 : E0F0;
  14684 : 11E1;
  14685 : C095;
  14686 : E081;
  14687 : E090;
  14688 : 9120;
  14689 : 02A0;
  14690 : 3021;
  14691 : F011;
  14692 : E090;
  14693 : E080;
  14694 : 9120;
  14695 : 0294;
  14696 : E030;
  14697 : 2382;
  14698 : 2393;
  14699 : 2B89;
  14700 : F041;
  14701 : E045;
  14702 : E050;
  14703 : E362;
  14704 : E070;
  14705 : E989;
  14706 : E091;
  14707 : 940E;
  14708 : 3287;
  14709 : E081;
  14710 : E090;
  14711 : 9120;
  14712 : 02A0;
  14713 : 3022;
  14714 : F011;
  14715 : E090;
  14716 : E080;
  14717 : 9120;
  14718 : 0294;
  14719 : E030;
  14720 : 2382;
  14721 : 2393;
  14722 : 2B89;
  14723 : F041;
  14724 : E043;
  14725 : E050;
  14726 : E566;
  14727 : E070;
  14728 : E889;
  14729 : E091;
  14730 : 940E;
  14731 : 3287;
  14732 : E081;
  14733 : E090;
  14734 : 9120;
  14735 : 02A0;
  14736 : 3023;
  14737 : F011;
  14738 : E090;
  14739 : E080;
  14740 : 9120;
  14741 : 0294;
  14742 : E030;
  14743 : 2382;
  14744 : 2393;
  14745 : 2B89;
  14746 : F041;
  14747 : E043;
  14748 : E050;
  14749 : E76B;
  14750 : E070;
  14751 : E789;
  14752 : E091;
  14753 : 940E;
  14754 : 3287;
  14755 : E081;
  14756 : E090;
  14757 : 9120;
  14758 : 02A0;
  14759 : 3024;
  14760 : F011;
  14761 : E090;
  14762 : E080;
  14763 : 9120;
  14764 : 0294;
  14765 : E030;
  14766 : 2382;
  14767 : 2393;
  14768 : 2B89;
  14769 : F041;
  14770 : E045;
  14771 : E050;
  14772 : EA60;
  14773 : E070;
  14774 : E689;
  14775 : E091;
  14776 : 940E;
  14777 : 3287;
  14778 : 900F;
  14779 : 900F;
  14780 : 900F;
  14781 : 900F;
  14782 : 91DF;
  14783 : 91CF;
  14784 : 911F;
  14785 : 910F;
  14786 : 90FF;
  14787 : 90EF;
  14788 : 90DF;
  14789 : 90CF;
  14790 : 90BF;
  14791 : 90AF;
  14792 : 9508;
  14793 : 5F8F;
  14794 : 9380;
  14795 : 02A2;
  14796 : CE91;
  14797 : 3082;
  14798 : F419;
  14799 : 940E;
  14800 : 2F31;
  14801 : CF52;
  14802 : 3083;
  14803 : F419;
  14804 : 940E;
  14805 : 2F35;
  14806 : CF4D;
  14807 : 3084;
  14808 : F009;
  14809 : CF4A;
  14810 : 940E;
  14811 : 2F39;
  14812 : CF47;
  14813 : 3082;
  14814 : F439;
  14815 : 9180;
  14816 : 029F;
  14817 : E090;
  14818 : 9601;
  14819 : E063;
  14820 : E070;
  14821 : CF59;
  14822 : 3084;
  14823 : F009;
  14824 : CF5A;
  14825 : CF4F;
  14826 : E0AA;
  14827 : E0B0;
  14828 : 01A6;
  14829 : 0195;
  14830 : 940E;
  14831 : 3DC1;
  14832 : 015B;
  14833 : 016C;
  14834 : 5FFF;
  14835 : 12FF;
  14836 : CFF5;
  14837 : 92A0;
  14838 : 0297;
  14839 : 92B0;
  14840 : 0298;
  14841 : 92C0;
  14842 : 0299;
  14843 : 92D0;
  14844 : 029A;
  14845 : 30E1;
  14846 : F501;
  14847 : 9160;
  14848 : 01C1;
  14849 : 9170;
  14850 : 01C2;
  14851 : 9180;
  14852 : 01C3;
  14853 : 9190;
  14854 : 01C4;
  14855 : E510;
  14856 : 2EE1;
  14857 : EC13;
  14858 : 2EF1;
  14859 : E000;
  14860 : E010;
  14861 : E926;
  14862 : E030;
  14863 : E040;
  14864 : E050;
  14865 : 940E;
  14866 : 36FD;
  14867 : 9360;
  14868 : 01C1;
  14869 : 9370;
  14870 : 01C2;
  14871 : 9380;
  14872 : 01C3;
  14873 : 9390;
  14874 : 01C4;
  14875 : E080;
  14876 : 940E;
  14877 : 3377;
  14878 : CF3F;
  14879 : 30E2;
  14880 : F4E9;
  14881 : 9160;
  14882 : 01BD;
  14883 : 9170;
  14884 : 01BE;
  14885 : 9180;
  14886 : 01BF;
  14887 : 9190;
  14888 : 01C0;
  14889 : EF14;
  14890 : 2EE1;
  14891 : 24FF;
  14892 : 94F3;
  14893 : E000;
  14894 : E010;
  14895 : E021;
  14896 : E030;
  14897 : E040;
  14898 : E050;
  14899 : 940E;
  14900 : 36FD;
  14901 : 9360;
  14902 : 01BD;
  14903 : 9370;
  14904 : 01BE;
  14905 : 9380;
  14906 : 01BF;
  14907 : 9390;
  14908 : 01C0;
  14909 : CFDD;
  14910 : 30E3;
  14911 : F4C1;
  14912 : 9180;
  14913 : 01BC;
  14914 : 9380;
  14915 : 0168;
  14916 : E644;
  14917 : E060;
  14918 : 940E;
  14919 : 3797;
  14920 : 9380;
  14921 : 01BC;
  14922 : 9190;
  14923 : 0168;
  14924 : 1789;
  14925 : F269;
  14926 : 3685;
  14927 : F018;
  14928 : E684;
  14929 : 9380;
  14930 : 01BC;
  14931 : 9180;
  14932 : 01BC;
  14933 : 940E;
  14934 : 31AD;
  14935 : CFC3;
  14936 : 30E4;
  14937 : F609;
  14938 : ED40;
  14939 : E057;
  14940 : E070;
  14941 : E060;
  14942 : 9180;
  14943 : 01B8;
  14944 : 9190;
  14945 : 01B9;
  14946 : 940E;
  14947 : 3761;
  14948 : E0B0;
  14949 : E0A0;
  14950 : 9380;
  14951 : 01B8;
  14952 : 9390;
  14953 : 01B9;
  14954 : 93A0;
  14955 : 01BA;
  14956 : 93B0;
  14957 : 01BB;
  14958 : CFAC;
  14959 : 930F;
  14960 : 931F;
  14961 : BB64;
  14962 : 2F07;
  14963 : 2F18;
  14964 : 2F29;
  14965 : 2733;
  14966 : BB04;
  14967 : 018C;
  14968 : 2722;
  14969 : 2733;
  14970 : BB04;
  14971 : 2F69;
  14972 : 2777;
  14973 : 2788;
  14974 : 2799;
  14975 : BB64;
  14976 : 911F;
  14977 : 910F;
  14978 : 9508;
  14979 : 709F;
  14980 : 7093;
  14981 : BB83;
  14982 : BB93;
  14983 : 9508;
  14984 : 9180;
  14985 : 02A6;
  14986 : 3081;
  14987 : F0B1;
  14988 : F138;
  14989 : 3082;
  14990 : F5B9;
  14991 : E081;
  14992 : 940E;
  14993 : 27AA;
  14994 : E070;
  14995 : E060;
  14996 : EF8F;
  14997 : EF9F;
  14998 : 940E;
  14999 : 27A1;
  15000 : E168;
  15001 : E070;
  15002 : E08E;
  15003 : E091;
  15004 : 940E;
  15005 : 238A;
  15006 : E78C;
  15007 : E092;
  15008 : 940C;
  15009 : 2CAF;
  15010 : E081;
  15011 : 940E;
  15012 : 27AA;
  15013 : E070;
  15014 : E060;
  15015 : EF8F;
  15016 : EF9F;
  15017 : 940E;
  15018 : 27A1;
  15019 : E168;
  15020 : E070;
  15021 : E08E;
  15022 : E091;
  15023 : 940E;
  15024 : 238A;
  15025 : E881;
  15026 : E092;
  15027 : CFEC;
  15028 : E081;
  15029 : 940E;
  15030 : 27AA;
  15031 : E070;
  15032 : E060;
  15033 : EF8F;
  15034 : EF9F;
  15035 : 940E;
  15036 : 27A1;
  15037 : E168;
  15038 : E070;
  15039 : E08E;
  15040 : E091;
  15041 : 940E;
  15042 : 238A;
  15043 : E886;
  15044 : E092;
  15045 : CFDA;
  15046 : 9508;
  15047 : 930F;
  15048 : 931F;
  15049 : E010;
  15050 : E000;
  15051 : E22A;
  15052 : E030;
  15053 : E24A;
  15054 : E050;
  15055 : E369;
  15056 : E070;
  15057 : E08A;
  15058 : E091;
  15059 : 940E;
  15060 : 26EF;
  15061 : 9180;
  15062 : 02A5;
  15063 : 2388;
  15064 : F029;
  15065 : 3081;
  15066 : F0D1;
  15067 : 911F;
  15068 : 910F;
  15069 : 9508;
  15070 : E40B;
  15071 : E010;
  15072 : E12E;
  15073 : E031;
  15074 : E54F;
  15075 : E050;
  15076 : E164;
  15077 : E071;
  15078 : EF8F;
  15079 : E097;
  15080 : 940E;
  15081 : 24DC;
  15082 : E22C;
  15083 : E031;
  15084 : E44B;
  15085 : E050;
  15086 : E16E;
  15087 : E071;
  15088 : EF8F;
  15089 : E097;
  15090 : 940E;
  15091 : 24DC;
  15092 : CFE6;
  15093 : E40B;
  15094 : E010;
  15095 : E12E;
  15096 : E031;
  15097 : E44B;
  15098 : E050;
  15099 : E164;
  15100 : E071;
  15101 : EF8F;
  15102 : E097;
  15103 : 940E;
  15104 : 24DC;
  15105 : E50F;
  15106 : E010;
  15107 : CFE6;
  15108 : E098;
  15109 : 9F69;
  15110 : 0190;
  15111 : 2411;
  15112 : 7028;
  15113 : E490;
  15114 : 9F89;
  15115 : 01A0;
  15116 : 2411;
  15117 : 2B24;
  15118 : 6024;
  15119 : BB25;
  15120 : 9380;
  15121 : 02A6;
  15122 : 9360;
  15123 : 02A5;
  15124 : 940E;
  15125 : 3A88;
  15126 : 940C;
  15127 : 3AC7;
  15128 : 931F;
  15129 : 93CF;
  15130 : 93DF;
  15131 : 2FD6;
  15132 : 2FC4;
  15133 : 2F12;
  15134 : 940E;
  15135 : 3A83;
  15136 : E180;
  15137 : 9FC8;
  15138 : 01A0;
  15139 : 2411;
  15140 : 7340;
  15141 : E480;
  15142 : 9FD8;
  15143 : 01B0;
  15144 : 2411;
  15145 : 2B46;
  15146 : E080;
  15147 : 1111;
  15148 : C001;
  15149 : E088;
  15150 : 6045;
  15151 : 2B48;
  15152 : BF45;
  15153 : 91DF;
  15154 : 91CF;
  15155 : 911F;
  15156 : 9508;
  15157 : 926F;
  15158 : 927F;
  15159 : 928F;
  15160 : 929F;
  15161 : 92AF;
  15162 : 92BF;
  15163 : 92CF;
  15164 : 92DF;
  15165 : 92EF;
  15166 : 92FF;
  15167 : 930F;
  15168 : 931F;
  15169 : 93CF;
  15170 : 93DF;
  15171 : 015A;
  15172 : 2E62;
  15173 : 01EB;
  15174 : 960A;
  15175 : 016C;
  15176 : E08A;
  15177 : 2EE8;
  15178 : 2CF1;
  15179 : 14EA;
  15180 : 04FB;
  15181 : F078;
  15182 : 91DF;
  15183 : 91CF;
  15184 : 911F;
  15185 : 910F;
  15186 : 90FF;
  15187 : 90EF;
  15188 : 90DF;
  15189 : 90CF;
  15190 : 90BF;
  15191 : 90AF;
  15192 : 909F;
  15193 : 908F;
  15194 : 907F;
  15195 : 906F;
  15196 : 9508;
  15197 : 0147;
  15198 : E088;
  15199 : 1A88;
  15200 : 0891;
  15201 : 01F6;
  15202 : 9071;
  15203 : 016F;
  15204 : 9476;
  15205 : 0C76;
  15206 : 9180;
  15207 : 0101;
  15208 : 9190;
  15209 : 0102;
  15210 : 1678;
  15211 : 0619;
  15212 : F018;
  15213 : 2477;
  15214 : 947A;
  15215 : 0E78;
  15216 : 856A;
  15217 : E070;
  15218 : E050;
  15219 : E040;
  15220 : 01C4;
  15221 : 940E;
  15222 : 247B;
  15223 : 2D67;
  15224 : E070;
  15225 : 01A8;
  15226 : 01C4;
  15227 : 940E;
  15228 : 247B;
  15229 : 867A;
  15230 : EFFF;
  15231 : 1AEF;
  15232 : 0AFF;
  15233 : 9621;
  15234 : CFC8;
  15235 : B605;
  15236 : FE01;
  15237 : CFFD;
  15238 : 9508;
  15239 : 92EF;
  15240 : 92FF;
  15241 : 930F;
  15242 : 931F;
  15243 : 93CF;
  15244 : 93DF;
  15245 : 018C;
  15246 : 2FD6;
  15247 : 2FC7;
  15248 : 017A;
  15249 : 940E;
  15250 : 3B83;
  15251 : BE1C;
  15252 : 2FED;
  15253 : 2FFC;
  15254 : 01E7;
  15255 : 01D8;
  15256 : 01CF;
  15257 : 5D84;
  15258 : 4F9E;
  15259 : B324;
  15260 : 9321;
  15261 : B325;
  15262 : 9329;
  15263 : B323;
  15264 : 932D;
  15265 : 17E8;
  15266 : 07F9;
  15267 : F7B9;
  15268 : E081;
  15269 : BF85;
  15270 : 91DF;
  15271 : 91CF;
  15272 : 911F;
  15273 : 910F;
  15274 : 90FF;
  15275 : 90EF;
  15276 : 9508;
  15277 : 9180;
  15278 : 02A6;
  15279 : 3082;
  15280 : F441;
  15281 : 9180;
  15282 : 02A4;
  15283 : 2388;
  15284 : F021;
  15285 : E081;
  15286 : BF85;
  15287 : 9210;
  15288 : 02A4;
  15289 : 9508;
  15290 : 9180;
  15291 : 02A6;
  15292 : 3081;
  15293 : F031;
  15294 : 3082;
  15295 : F461;
  15296 : E081;
  15297 : 9380;
  15298 : 02A6;
  15299 : C002;
  15300 : 9210;
  15301 : 02A6;
  15302 : 9160;
  15303 : 02A5;
  15304 : 9180;
  15305 : 02A6;
  15306 : 940C;
  15307 : 3B04;
  15308 : E082;
  15309 : CFF3;
  15310 : 9180;
  15311 : 02A5;
  15312 : 1181;
  15313 : C009;
  15314 : E081;
  15315 : 9380;
  15316 : 02A5;
  15317 : 9160;
  15318 : 02A5;
  15319 : 9180;
  15320 : 02A6;
  15321 : 940C;
  15322 : 3B04;
  15323 : 9210;
  15324 : 02A5;
  15325 : CFF7;
  15326 : 92DF;
  15327 : 92EF;
  15328 : 92FF;
  15329 : 930F;
  15330 : 931F;
  15331 : 93CF;
  15332 : 93DF;
  15333 : 90D0;
  15334 : 02A6;
  15335 : E022;
  15336 : 12D2;
  15337 : C004;
  15338 : 9120;
  15339 : 02A4;
  15340 : 1121;
  15341 : C01F;
  15342 : 017A;
  15343 : 2FC7;
  15344 : 2FD6;
  15345 : 018C;
  15346 : 940E;
  15347 : 3B83;
  15348 : E082;
  15349 : 12D8;
  15350 : C003;
  15351 : E081;
  15352 : 9380;
  15353 : 02A4;
  15354 : BE1C;
  15355 : 2FED;
  15356 : 2FFC;
  15357 : 01E7;
  15358 : 01D8;
  15359 : 01CF;
  15360 : 5D84;
  15361 : 4F9E;
  15362 : B324;
  15363 : 9321;
  15364 : B325;
  15365 : 9329;
  15366 : B323;
  15367 : 932D;
  15368 : 17E8;
  15369 : 07F9;
  15370 : F7B9;
  15371 : E081;
  15372 : BF85;
  15373 : 91DF;
  15374 : 91CF;
  15375 : 911F;
  15376 : 910F;
  15377 : 90FF;
  15378 : 90EF;
  15379 : 90DF;
  15380 : 9508;
  15381 : 92EF;
  15382 : 92FF;
  15383 : 930F;
  15384 : 931F;
  15385 : E090;
  15386 : E080;
  15387 : 940E;
  15388 : 278D;
  15389 : 24EE;
  15390 : 94EA;
  15391 : 2CFE;
  15392 : E006;
  15393 : E010;
  15394 : EE2F;
  15395 : E030;
  15396 : EF4F;
  15397 : E050;
  15398 : E061;
  15399 : E070;
  15400 : E090;
  15401 : E080;
  15402 : 940E;
  15403 : 2675;
  15404 : EE90;
  15405 : 2EE9;
  15406 : 24FF;
  15407 : 94FA;
  15408 : E320;
  15409 : E030;
  15410 : E340;
  15411 : E050;
  15412 : E061;
  15413 : E070;
  15414 : E087;
  15415 : E091;
  15416 : 940E;
  15417 : 2675;
  15418 : E320;
  15419 : E030;
  15420 : E340;
  15421 : E050;
  15422 : E366;
  15423 : E070;
  15424 : E087;
  15425 : E091;
  15426 : 940E;
  15427 : 2675;
  15428 : E320;
  15429 : E030;
  15430 : E340;
  15431 : E050;
  15432 : E66C;
  15433 : E070;
  15434 : E087;
  15435 : E091;
  15436 : 940E;
  15437 : 2675;
  15438 : E320;
  15439 : E030;
  15440 : E340;
  15441 : E050;
  15442 : EA62;
  15443 : E070;
  15444 : E087;
  15445 : E091;
  15446 : 940E;
  15447 : 2675;
  15448 : E128;
  15449 : E030;
  15450 : E340;
  15451 : E050;
  15452 : ED68;
  15453 : E070;
  15454 : E087;
  15455 : E091;
  15456 : 940E;
  15457 : 2675;
  15458 : 911F;
  15459 : 910F;
  15460 : 90FF;
  15461 : 90EF;
  15462 : 940C;
  15463 : 3A88;
  15464 : 930F;
  15465 : 931F;
  15466 : 93CF;
  15467 : 93DF;
  15468 : D000;
  15469 : D000;
  15470 : B7CD;
  15471 : B7DE;
  15472 : 940E;
  15473 : 3C15;
  15474 : EA60;
  15475 : E07F;
  15476 : E080;
  15477 : E090;
  15478 : 940E;
  15479 : 3A6F;
  15480 : E684;
  15481 : BB83;
  15482 : BA13;
  15483 : E060;
  15484 : E080;
  15485 : 940E;
  15486 : 3B04;
  15487 : EE4D;
  15488 : E053;
  15489 : E465;
  15490 : E076;
  15491 : E98D;
  15492 : E098;
  15493 : 940E;
  15494 : 3BDE;
  15495 : EE00;
  15496 : E017;
  15497 : E32C;
  15498 : E030;
  15499 : EF4E;
  15500 : E050;
  15501 : EC61;
  15502 : E072;
  15503 : E98D;
  15504 : E098;
  15505 : 940E;
  15506 : 3B35;
  15507 : E000;
  15508 : EF18;
  15509 : E32C;
  15510 : E030;
  15511 : EF4E;
  15512 : E050;
  15513 : E169;
  15514 : E075;
  15515 : E485;
  15516 : E096;
  15517 : 940E;
  15518 : 3B35;
  15519 : E10F;
  15520 : E010;
  15521 : E32C;
  15522 : E030;
  15523 : EF4E;
  15524 : E050;
  15525 : E761;
  15526 : E077;
  15527 : EE8D;
  15528 : E093;
  15529 : 940E;
  15530 : 3B35;
  15531 : 01BE;
  15532 : 5F6F;
  15533 : 4F7F;
  15534 : 01CE;
  15535 : 9603;
  15536 : 940E;
  15537 : 2FD4;
  15538 : 8169;
  15539 : 817A;
  15540 : E003;
  15541 : E010;
  15542 : E025;
  15543 : E031;
  15544 : 2F48;
  15545 : 818B;
  15546 : 819C;
  15547 : 940E;
  15548 : 3081;
  15549 : FD97;
  15550 : C006;
  15551 : 3081;
  15552 : 0591;
  15553 : F0F1;
  15554 : F464;
  15555 : 2B89;
  15556 : F0C1;
  15557 : E72F;
  15558 : E18A;
  15559 : E096;
  15560 : 5021;
  15561 : 4080;
  15562 : 4090;
  15563 : F7E1;
  15564 : C000;
  15565 : 0000;
  15566 : CFB0;
  15567 : 3082;
  15568 : 0591;
  15569 : F089;
  15570 : 9703;
  15571 : F789;
  15572 : 900F;
  15573 : 900F;
  15574 : 900F;
  15575 : 900F;
  15576 : 91DF;
  15577 : 91CF;
  15578 : 911F;
  15579 : 910F;
  15580 : 9508;
  15581 : 940E;
  15582 : 3BBA;
  15583 : CFE5;
  15584 : 940E;
  15585 : 3BCE;
  15586 : CFE2;
  15587 : 940E;
  15588 : 3BAD;
  15589 : CFDF;
  15590 : B387;
  15591 : 6087;
  15592 : BB87;
  15593 : 9AC0;
  15594 : 940E;
  15595 : 1F37;
  15596 : E060;
  15597 : E47B;
  15598 : E080;
  15599 : E090;
  15600 : 940E;
  15601 : 2E26;
  15602 : EC85;
  15603 : E091;
  15604 : 940E;
  15605 : 2E44;
  15606 : ED8C;
  15607 : E091;
  15608 : 940E;
  15609 : 2E44;
  15610 : 940E;
  15611 : 1F8F;
  15612 : E083;
  15613 : 940E;
  15614 : 209C;
  15615 : EF8F;
  15616 : 940E;
  15617 : 2F3C;
  15618 : 940E;
  15619 : 2F26;
  15620 : E082;
  15621 : 940E;
  15622 : 2C32;
  15623 : E070;
  15624 : E060;
  15625 : EF8F;
  15626 : EF9F;
  15627 : 940E;
  15628 : 27A1;
  15629 : E560;
  15630 : EC73;
  15631 : E080;
  15632 : E090;
  15633 : 940E;
  15634 : 3156;
  15635 : E382;
  15636 : E090;
  15637 : 940E;
  15638 : 315F;
  15639 : E184;
  15640 : E090;
  15641 : 940E;
  15642 : 31A0;
  15643 : E684;
  15644 : 940E;
  15645 : 31AD;
  15646 : E080;
  15647 : 940E;
  15648 : 30EC;
  15649 : 940E;
  15650 : 2F90;
  15651 : 940E;
  15652 : 368D;
  15653 : 940E;
  15654 : 3653;
  15655 : 940E;
  15656 : 37C9;
  15657 : E48F;
  15658 : EC93;
  15659 : 9701;
  15660 : F7F1;
  15661 : C000;
  15662 : 0000;
  15663 : CFF7;
  15664 : 01DB;
  15665 : 938F;
  15666 : 939F;
  15667 : 940E;
  15668 : 3DC1;
  15669 : 91BF;
  15670 : 91AF;
  15671 : 9FA2;
  15672 : 0D80;
  15673 : 1D91;
  15674 : 9FA3;
  15675 : 0D90;
  15676 : 9FB2;
  15677 : 0D90;
  15678 : 2411;
  15679 : 9508;
  15680 : 1BAA;
  15681 : 1BBB;
  15682 : E151;
  15683 : C007;
  15684 : 1FAA;
  15685 : 1FBB;
  15686 : 17A6;
  15687 : 07B7;
  15688 : F010;
  15689 : 1BA6;
  15690 : 0BB7;
  15691 : 1F88;
  15692 : 1F99;
  15693 : 955A;
  15694 : F7A9;
  15695 : 9580;
  15696 : 9590;
  15697 : 01BC;
  15698 : 01CD;
  15699 : 9508;
  15700 : FB97;
  15701 : 2E07;
  15702 : F416;
  15703 : 9400;
  15704 : D007;
  15705 : FD77;
  15706 : D009;
  15707 : 940E;
  15708 : 3D40;
  15709 : FC07;
  15710 : D005;
  15711 : F43E;
  15712 : 9590;
  15713 : 9581;
  15714 : 4F9F;
  15715 : 9508;
  15716 : 9570;
  15717 : 9561;
  15718 : 4F7F;
  15719 : 9508;
  15720 : E2A1;
  15721 : 2E1A;
  15722 : 1BAA;
  15723 : 1BBB;
  15724 : 01FD;
  15725 : C00D;
  15726 : 1FAA;
  15727 : 1FBB;
  15728 : 1FEE;
  15729 : 1FFF;
  15730 : 17A2;
  15731 : 07B3;
  15732 : 07E4;
  15733 : 07F5;
  15734 : F020;
  15735 : 1BA2;
  15736 : 0BB3;
  15737 : 0BE4;
  15738 : 0BF5;
  15739 : 1F66;
  15740 : 1F77;
  15741 : 1F88;
  15742 : 1F99;
  15743 : 941A;
  15744 : F769;
  15745 : 9560;
  15746 : 9570;
  15747 : 9580;
  15748 : 9590;
  15749 : 019B;
  15750 : 01AC;
  15751 : 01BD;
  15752 : 01CF;
  15753 : 9508;
  15754 : 2E05;
  15755 : FB97;
  15756 : F41E;
  15757 : 9400;
  15758 : 940E;
  15759 : 3DA1;
  15760 : FD57;
  15761 : D007;
  15762 : 940E;
  15763 : 3D68;
  15764 : FC07;
  15765 : D003;
  15766 : F44E;
  15767 : 940C;
  15768 : 3DA1;
  15769 : 9550;
  15770 : 9540;
  15771 : 9530;
  15772 : 9521;
  15773 : 4F3F;
  15774 : 4F4F;
  15775 : 4F5F;
  15776 : 9508;
  15777 : 9590;
  15778 : 9580;
  15779 : 9570;
  15780 : 9561;
  15781 : 4F7F;
  15782 : 4F8F;
  15783 : 4F9F;
  15784 : 9508;
  15785 : 0FEE;
  15786 : 1FFF;
  15787 : 2400;
  15788 : 1C00;
  15789 : BE0B;
  15790 : 9007;
  15791 : 91F6;
  15792 : 2DE0;
  15793 : 9409;
  15794 : 9FA2;
  15795 : 01B0;
  15796 : 9FB3;
  15797 : 01C0;
  15798 : 9FA3;
  15799 : 0D70;
  15800 : 1D81;
  15801 : 2411;
  15802 : 1D91;
  15803 : 9FB2;
  15804 : 0D70;
  15805 : 1D81;
  15806 : 2411;
  15807 : 1D91;
  15808 : 9508;
  15809 : 940E;
  15810 : 3DB2;
  15811 : 9FA5;
  15812 : 0D90;
  15813 : 9FB4;
  15814 : 0D90;
  15815 : 9FA4;
  15816 : 0D80;
  15817 : 1D91;
  15818 : 2411;
  15819 : 9508;
  15820 : FFB7;
  15821 : 940C;
  15822 : 3DC1;
  15823 : 940E;
  15824 : 3DC1;
  15825 : 1B82;
  15826 : 0B93;
  15827 : 9508;
  15828 : 94F8;
  15829 : CFFF;
  15830 : F001;
  15831 : 4000;
  15832 : 0701;
  15833 : 0101;
  15834 : 3000;
  15835 : 3000;
  15836 : 0000;
  15837 : 0107;
  15838 : 0036;
  15839 : 0030;
  15840 : 0030;
  15841 : 0700;
  15842 : 6C01;
  15843 : 3000;
  15844 : 3000;
  15845 : 0000;
  15846 : 0000;
  15847 : 0032;
  15848 : 0140;
  15849 : 0020;
  15850 : 0000;
  15851 : 5600;
  15852 : 4000;
  15853 : 2001;
  15854 : 0000;
  15855 : 0000;
  15856 : 007B;
  15857 : 0140;
  15858 : 0020;
  15859 : 0000;
  15860 : A000;
  15861 : 4000;
  15862 : 2001;
  15863 : 0000;
  15864 : 0000;
  15865 : 00CA;
  15866 : 00A0;
  15867 : 0020;
  15868 : AA00;
  15869 : CA00;
  15870 : 9600;
  15871 : 2000;
  15872 : 0000;
  15873 : 0122;
  15874 : 0000;
  15875 : 001E;
  15876 : 0028;
  15877 : 1E00;
  15878 : 0000;
  15879 : 1E00;
  15880 : 2800;
  15881 : 0000;
  15882 : 20FF;
  15883 : 2020;
  15884 : 2020;
  15885 : 2020;
  15886 : 2020;
  15887 : 2020;
  15888 : 2020;
  15889 : 2020;
  15890 : 2020;
  15891 : 2020;
  15892 : 2020;
  15893 : 2020;
  15894 : 2020;
  15895 : 2020;
  15896 : 2020;
  15897 : 2020;
  15898 : 2020;
  15899 : 2020;
  15900 : 2020;
  15901 : 2020;
  15902 : 2020;
  15903 : 2020;
  15904 : 2020;
  15905 : 2020;
  15906 : 2020;
  15907 : 2020;
  15908 : 2020;
  15909 : 2020;
  15910 : 2020;
  15911 : 2020;
  15912 : 2020;
  15913 : 2020;
  15914 : 0120;
  15915 : FFFF;
  15916 : FFFF;
  15917 : FFFF;
  15918 : FFFF;
  15919 : FFFF;
  15920 : FFFF;
  15921 : FFFF;
  15922 : 0014;
  15923 : 0000;
  15924 : F464;
  15925 : 0001;
  15926 : 2000;
  15927 : 004E;
  15928 : 0D00;
  15929 : 420A;
  15930 : 6F6F;
  15931 : 2074;
  15932 : 5641;
  15933 : 2052;
  15934 : 202B;
  15935 : 4C49;
  15936 : 3949;
  15937 : 3433;
  15938 : 0D31;
  15939 : 000A;
  15940 : 6E49;
  15941 : 7A69;
  15942 : 6169;
  15943 : 696C;
  15944 : 7A7A;
  15945 : 206F;
  15946 : 6964;
  15947 : 7073;
  15948 : 616C;
  15949 : 2E79;
  15950 : 2E2E;
  15951 : 0A0D;
  15952 : 3000;
  15953 : 3231;
  15954 : 3433;
  15955 : 3635;
  15956 : 3837;
  15957 : 4139;
  15958 : 4342;
  15959 : 4544;
  15960 : 0046;
  15961 : 5750;
  15962 : 204D;
  15963 : 554D;
  15964 : 544C;
  15965 : 4D49;
  15966 : 444F;
  15967 : 0045;
  15968 : 4F4D;
  15969 : 4544;
  15970 : 003A;
  15971 : 554F;
  15972 : 3A54;
  15973 : 4300;
  15974 : 7261;
  15975 : 6972;
  15976 : 7265;
  15977 : 4620;
  15978 : 6572;
  15979 : 3A71;
  15980 : 4D00;
  15981 : 646F;
  15982 : 6C75;
  15983 : 7461;
  15984 : 6F69;
  15985 : 206E;
  15986 : 7246;
  15987 : 7165;
  15988 : 003A;
  15989 : 614D;
  15990 : 6E67;
  15991 : 7469;
  15992 : 6475;
  15993 : 3A65;
  15994 : 4400;
  15995 : 6165;
  15996 : 2064;
  15997 : 6954;
  15998 : 656D;
  15999 : 003A;
  16000 : 4E4F;
  16001 : 2020;
  16002 : 4F00;
  16003 : 4646;
  16004 : 4800;
  16005 : 4C41;
  16006 : 0046;
  16007 : 5546;
  16008 : 4C4C;
  16009 : 3300;
  16010 : 4850;
  16011 : 2020;
  16012 : 3200;
  16013 : 3230;
  16014 : 0036;
  16015 : 6F42;
  16016 : 746F;
  16017 : 6E69;
  16018 : 0067;
  16019 : 002E;
  16020 : 4953;
  16021 : 474E;
  16022 : 4E00;
  16023 : 524F;
  16024 : 004D;
  16025 : 5541;
  16026 : 4F54;
  16027 : 0000;
  16028 : 0000;
  16029 : 0000;
  16030 : 0000;
  16031 : 0000;
  16032 : 0000;
  16033 : 0000;
  16034 : 0000;
  16035 : 0000;
  16036 : 0000;
  16037 : 0000;
  16038 : 0000;
  16039 : 0000;
  16040 : 0000;
  16041 : 0000;
  16042 : 0000;
  16043 : 0000;
  16044 : 0000;
  16045 : 0000;
  16046 : 0000;
  16047 : 0000;
  16048 : 0000;
  16049 : 0000;
  16050 : 0000;
  16051 : 0000;
  16052 : 0000;
  16053 : 0000;
  16054 : 0000;
  16055 : 0000;
  16056 : 0000;
  16057 : 0000;
  16058 : 0000;
  16059 : 0000;
  16060 : 0000;
  16061 : 0000;
  16062 : 0000;
  16063 : 0000;
  16064 : 0000;
  16065 : 0000;
  16066 : 0000;
  16067 : 0000;
  16068 : 0000;
  16069 : 0000;
  16070 : 0000;
  16071 : 0000;
  16072 : 0000;
  16073 : 0000;
  16074 : 0000;
  16075 : 0000;
  16076 : 0000;
  16077 : 0000;
  16078 : 0000;
  16079 : 0000;
  16080 : 0000;
  16081 : 0000;
  16082 : 0000;
  16083 : 0000;
  16084 : 0000;
  16085 : 0000;
  16086 : 0000;
  16087 : 0000;
  16088 : 0000;
  16089 : 0000;
  16090 : 0000;
  16091 : 0000;
  16092 : 0000;
  16093 : 0000;
  16094 : 0000;
  16095 : 0000;
  16096 : 0000;
  16097 : 0000;
  16098 : 0000;
  16099 : 0000;
  16100 : 0000;
  16101 : 0000;
  16102 : 0000;
  16103 : 0000;
  16104 : 0000;
  16105 : 0000;
  16106 : 0000;
  16107 : 0000;
  16108 : 0000;
  16109 : 0000;
  16110 : 0000;
  16111 : 0000;
  16112 : 0000;
  16113 : 0000;
  16114 : 0000;
  16115 : 0000;
  16116 : 0000;
  16117 : 0000;
  16118 : 0000;
  16119 : 0000;
  16120 : 0000;
  16121 : 0000;
  16122 : 0000;
  16123 : 0000;
  16124 : 0000;
  16125 : 0000;
  16126 : 0000;
  16127 : 0000;
  16128 : 0000;
  16129 : 0000;
  16130 : 0000;
  16131 : 0000;
  16132 : 0000;
  16133 : 0000;
  16134 : 0000;
  16135 : 0000;
  16136 : 0000;
  16137 : 0000;
  16138 : 0000;
  16139 : 0000;
  16140 : 0000;
  16141 : 0000;
  16142 : 0000;
  16143 : 0000;
  16144 : 0000;
  16145 : 0000;
  16146 : 0000;
  16147 : 0000;
  16148 : 0000;
  16149 : 0000;
  16150 : 0000;
  16151 : 0000;
  16152 : 0000;
  16153 : 0000;
  16154 : 0000;
  16155 : 0000;
  16156 : 0000;
  16157 : 0000;
  16158 : 0000;
  16159 : 0000;
  16160 : 0000;
  16161 : 0000;
  16162 : 0000;
  16163 : 0000;
  16164 : 0000;
  16165 : 0000;
  16166 : 0000;
  16167 : 0000;
  16168 : 0000;
  16169 : 0000;
  16170 : 0000;
  16171 : 0000;
  16172 : 0000;
  16173 : 0000;
  16174 : 0000;
  16175 : 0000;
  16176 : 0000;
  16177 : 0000;
  16178 : 0000;
  16179 : 0000;
  16180 : 0000;
  16181 : 0000;
  16182 : 0000;
  16183 : 0000;
  16184 : 0000;
  16185 : 0000;
  16186 : 0000;
  16187 : 0000;
  16188 : 0000;
  16189 : 0000;
  16190 : 0000;
  16191 : 0000;
  16192 : 0000;
  16193 : 0000;
  16194 : 0000;
  16195 : 0000;
  16196 : 0000;
  16197 : 0000;
  16198 : 0000;
  16199 : 0000;
  16200 : 0000;
  16201 : 0000;
  16202 : 0000;
  16203 : 0000;
  16204 : 0000;
  16205 : 0000;
  16206 : 0000;
  16207 : 0000;
  16208 : 0000;
  16209 : 0000;
  16210 : 0000;
  16211 : 0000;
  16212 : 0000;
  16213 : 0000;
  16214 : 0000;
  16215 : 0000;
  16216 : 0000;
  16217 : 0000;
  16218 : 0000;
  16219 : 0000;
  16220 : 0000;
  16221 : 0000;
  16222 : 0000;
  16223 : 0000;
  16224 : 0000;
  16225 : 0000;
  16226 : 0000;
  16227 : 0000;
  16228 : 0000;
  16229 : 0000;
  16230 : 0000;
  16231 : 0000;
  16232 : 0000;
  16233 : 0000;
  16234 : 0000;
  16235 : 0000;
  16236 : 0000;
  16237 : 0000;
  16238 : 0000;
  16239 : 0000;
  16240 : 0000;
  16241 : 0000;
  16242 : 0000;
  16243 : 0000;
  16244 : 0000;
  16245 : 0000;
  16246 : 0000;
  16247 : 0000;
  16248 : 0000;
  16249 : 0000;
  16250 : 0000;
  16251 : 0000;
  16252 : 0000;
  16253 : 0000;
  16254 : 0000;
  16255 : 0000;
  16256 : 0000;
  16257 : 0000;
  16258 : 0000;
  16259 : 0000;
  16260 : 0000;
  16261 : 0000;
  16262 : 0000;
  16263 : 0000;
  16264 : 0000;
  16265 : 0000;
  16266 : 0000;
  16267 : 0000;
  16268 : 0000;
  16269 : 0000;
  16270 : 0000;
  16271 : 0000;
  16272 : 0000;
  16273 : 0000;
  16274 : 0000;
  16275 : 0000;
  16276 : 0000;
  16277 : 0000;
  16278 : 0000;
  16279 : 0000;
  16280 : 0000;
  16281 : 0000;
  16282 : 0000;
  16283 : 0000;
  16284 : 0000;
  16285 : 0000;
  16286 : 0000;
  16287 : 0000;
  16288 : 0000;
  16289 : 0000;
  16290 : 0000;
  16291 : 0000;
  16292 : 0000;
  16293 : 0000;
  16294 : 0000;
  16295 : 0000;
  16296 : 0000;
  16297 : 0000;
  16298 : 0000;
  16299 : 0000;
  16300 : 0000;
  16301 : 0000;
  16302 : 0000;
  16303 : 0000;
  16304 : 0000;
  16305 : 0000;
  16306 : 0000;
  16307 : 0000;
  16308 : 0000;
  16309 : 0000;
  16310 : 0000;
  16311 : 0000;
  16312 : 0000;
  16313 : 0000;
  16314 : 0000;
  16315 : 0000;
  16316 : 0000;
  16317 : 0000;
  16318 : 0000;
  16319 : 0000;
  16320 : 0000;
  16321 : 0000;
  16322 : 0000;
  16323 : 0000;
  16324 : 0000;
  16325 : 0000;
  16326 : 0000;
  16327 : 0000;
  16328 : 0000;
  16329 : 0000;
  16330 : 0000;
  16331 : 0000;
  16332 : 0000;
  16333 : 0000;
  16334 : 0000;
  16335 : 0000;
  16336 : 0000;
  16337 : 0000;
  16338 : 0000;
  16339 : 0000;
  16340 : 0000;
  16341 : 0000;
  16342 : 0000;
  16343 : 0000;
  16344 : 0000;
  16345 : 0000;
  16346 : 0000;
  16347 : 0000;
  16348 : 0000;
  16349 : 0000;
  16350 : 0000;
  16351 : 0000;
  16352 : 0000;
  16353 : 0000;
  16354 : 0000;
  16355 : 0000;
  16356 : 0000;
  16357 : 0000;
  16358 : 0000;
  16359 : 0000;
  16360 : 0000;
  16361 : 0000;
  16362 : 0000;
  16363 : 0000;
  16364 : 0000;
  16365 : 0000;
  16366 : 0000;
  16367 : 0000;
  16368 : 0000;
  16369 : 0000;
  16370 : 0000;
  16371 : 0000;
  16372 : 0000;
  16373 : 0000;
  16374 : 0000;
  16375 : 0000;
  16376 : 0000;
  16377 : 0000;
  16378 : 0000;
  16379 : 0000;
  16380 : 0000;
  16381 : 0000;
  16382 : 0000;
  16383 : 0000;
END;
